Workbook
Name a: #REF!
Name a: #REF!
Name a: #REF!
Name Average: #REF!
Name Average: #REF!
Name Average: #REF!
Name BLOCKED: #REF!
Name BLOCKED: #REF!
Name news: 'Closing 4PM'!#REF!
Name q: #REF!
Name q: #REF!
Name q: #REF!
Name s: #REF!
Name s: #REF!
Name UNBLOCKED: #REF!
Name UNBLOCKED: #REF!
Name UNBLOCKED: #REF!

Sheet notebook
C5: STOCK | K5: PRICE AS OF
C6: NAME | I6: CODE | K6: 44803
K7: PRICE | N7: CHANGE
C8: HSBC | I8: 0005.HK | K8: =INDEX('from internet'!$1:$1048576,MATCH(I8,'from internet'!$A:$A,),MATCH("Price",'from internet'!$1:$1,)) -> #N/A | N8: =INDEX('from internet'!$1:$1048576,MATCH(I8,'from internet'!$A:$A,),MATCH("CHG",'from internet'!$1:$1,)) -> #N/A
C9: Geely Motor | I9: 0175.HK | K9: =INDEX('from internet'!$1:$1048576,MATCH(I9,'from internet'!$A:$A,),MATCH("Price",'from internet'!$1:$1,)) -> #N/A | N9: =INDEX('from internet'!$1:$1048576,MATCH(I9,'from internet'!$A:$A,),MATCH("CHG",'from internet'!$1:$1,)) -> #N/A
C10: HK Exchange | I10: 0388.HK | K10: =INDEX('from internet'!$1:$1048576,MATCH(I10,'from internet'!$A:$A,),MATCH("Price",'from internet'!$1:$1,)) -> #N/A | N10: =INDEX('from internet'!$1:$1048576,MATCH(I10,'from internet'!$A:$A,),MATCH("CHG",'from internet'!$1:$1,)) -> #N/A
C11: Tencent | I11: 0700.HK | K11: =INDEX('from internet'!$1:$1048576,MATCH(I11,'from internet'!$A:$A,),MATCH("Price",'from internet'!$1:$1,)) -> #N/A | N11: =INDEX('from internet'!$1:$1048576,MATCH(I11,'from internet'!$A:$A,),MATCH("CHG",'from internet'!$1:$1,)) -> #N/A
C12: Kuaishou Tech | I12: 1024.HK | K12: =INDEX('from internet'!$1:$1048576,MATCH(I12,'from internet'!$A:$A,),MATCH("Price",'from internet'!$1:$1,)) -> #N/A | N12: =INDEX('from internet'!$1:$1048576,MATCH(I12,'from internet'!$A:$A,),MATCH("CHG",'from internet'!$1:$1,)) -> #N/A
C13: Sinopharm | I13: 1099.HK | K13: =INDEX('from internet'!$1:$1048576,MATCH(I13,'from internet'!$A:$A,),MATCH("Price",'from internet'!$1:$1,)) -> #N/A | N13: =INDEX('from internet'!$1:$1048576,MATCH(I13,'from internet'!$A:$A,),MATCH("CHG",'from internet'!$1:$1,)) -> #N/A
C14: Agricultural Bank of China | I14: 1288.HK | K14: =INDEX('from internet'!$1:$1048576,MATCH(I14,'from internet'!$A:$A,),MATCH("Price",'from internet'!$1:$1,)) -> #N/A | N14: =INDEX('from internet'!$1:$1048576,MATCH(I14,'from internet'!$A:$A,),MATCH("CHG",'from internet'!$1:$1,)) -> #N/A
C15: Great Wall Motor | I15: 2333.HK | K15: =INDEX('from internet'!$1:$1048576,MATCH(I15,'from internet'!$A:$A,),MATCH("Price",'from internet'!$1:$1,)) -> #N/A | N15: =INDEX('from internet'!$1:$1048576,MATCH(I15,'from internet'!$A:$A,),MATCH("CHG",'from internet'!$1:$1,)) -> #N/A
C16: Bank of China Limited | I16: 3988.HK | K16: =INDEX('from internet'!$1:$1048576,MATCH(I16,'from internet'!$A:$A,),MATCH("Price",'from internet'!$1:$1,)) -> #N/A | N16: =INDEX('from internet'!$1:$1048576,MATCH(I16,'from internet'!$A:$A,),MATCH("CHG",'from internet'!$1:$1,)) -> #N/A
C17: China Molybdenum | I17: 3993.HK | K17: =INDEX('from internet'!$1:$1048576,MATCH(I17,'from internet'!$A:$A,),MATCH("Price",'from internet'!$1:$1,)) -> #N/A | N17: =INDEX('from internet'!$1:$1048576,MATCH(I17,'from internet'!$A:$A,),MATCH("CHG",'from internet'!$1:$1,)) -> #N/A
C18: CITIC Securities Company | I18: 6030.HK | K18: =INDEX('from internet'!$1:$1048576,MATCH(I18,'from internet'!$A:$A,),MATCH("Price",'from internet'!$1:$1,)) -> #N/A | N18: =INDEX('from internet'!$1:$1048576,MATCH(I18,'from internet'!$A:$A,),MATCH("CHG",'from internet'!$1:$1,)) -> #N/A
C19: Baidu Inc | I19: 9888.HK | K19: =INDEX('from internet'!$1:$1048576,MATCH(I19,'from internet'!$A:$A,),MATCH("Price",'from internet'!$1:$1,)) -> #N/A | N19: =INDEX('from internet'!$1:$1048576,MATCH(I19,'from internet'!$A:$A,),MATCH("CHG",'from internet'!$1:$1,)) -> #N/A
... C22: Hang Seng Index | I22: ^HSI | K22: =INDEX('from internet'!$1:$1048576,MATCH(I22,'from internet'!$A:$A,),MATCH("Price",'from internet'!$1:$1,)) -> #N/A | N22: =INDEX('from internet'!$1:$1048576,MATCH(I22,'from internet'!$A:$A,),MATCH("CHG",'from internet'!$1:$1,)) -> #N/A

Sheet notebook (2)

Sheet from internet
A1: Symbol | B1: Company Name | C1: PRICE | D1: CHG | E1: % Chg | F1: Volume | G1: Prev Close

Sheet Closing 4PM
A1: =TEXT(notebook!K6,"mmmm d, yyyy")&" CLOSING PRICE as of 4:00 PM" -> August 30, 2022 CLOSING PRICE as of 4:00 PM
A3: Symbol | B3: Name | C3: PRICE | E3: Chg & % Chg | G3: Volume | H3: Prev Close
D4: PRICE | E4: Chg | F4: % Chg | G4: Volume | H4: Prev Close
A5: 1288.HK | B5: Agricultural Bank of China | C5: 1:17 PM HKT | D5: =INDEX('from internet'!$1:$1048576,MATCH($A5,'from internet'!$A:$A,),MATCH(D$4,'from internet'!$1:$1,)) -> #N/A | E5: =INDEX('from internet'!$1:$1048576,MATCH($A5,'from internet'!$A:$A,),MATCH(E$4,'from internet'!$1:$1,)) -> #N/A | F5: =INDEX('from internet'!$1:$1048576,MATCH($A5,'from internet'!$A:$A,),MATCH(F$4,'from internet'!$1:$1,)) -> #N/A | G5: =INDEX('from internet'!$1:$1048576,MATCH($A5,'from internet'!$A:$A,),MATCH(G$4,'from internet'!$1:$1,)) -> #N/A | H5: =INDEX('from internet'!$1:$1048576,MATCH($A5,'from internet'!$A:$A,),MATCH(H$4,'from internet'!$1:$1,)) -> #N/A
A6: 3988.HK | B6: BANK OF CHINA | C6: 1:16 PM HKT | D6: =INDEX('from internet'!$1:$1048576,MATCH($A6,'from internet'!$A:$A,),MATCH(D$4,'from internet'!$1:$1,)) -> #N/A | E6: =INDEX('from internet'!$1:$1048576,MATCH($A6,'from internet'!$A:$A,),MATCH(E$4,'from internet'!$1:$1,)) -> #N/A | F6: =INDEX('from internet'!$1:$1048576,MATCH($A6,'from internet'!$A:$A,),MATCH(F$4,'from internet'!$1:$1,)) -> #N/A | G6: =INDEX('from internet'!$1:$1048576,MATCH($A6,'from internet'!$A:$A,),MATCH(G$4,'from internet'!$1:$1,)) -> #N/A | H6: =INDEX('from internet'!$1:$1048576,MATCH($A6,'from internet'!$A:$A,),MATCH(H$4,'from internet'!$1:$1,)) -> #N/A
A7: 0005.HK | B7: HSBC HOLDINGS | C7: 1:16 PM HKT | D7: =INDEX('from internet'!$1:$1048576,MATCH($A7,'from internet'!$A:$A,),MATCH(D$4,'from internet'!$1:$1,)) -> #N/A | E7: =INDEX('from internet'!$1:$1048576,MATCH($A7,'from internet'!$A:$A,),MATCH(E$4,'from internet'!$1:$1,)) -> #N/A | F7: =INDEX('from internet'!$1:$1048576,MATCH($A7,'from internet'!$A:$A,),MATCH(F$4,'from internet'!$1:$1,)) -> #N/A | G7: =INDEX('from internet'!$1:$1048576,MATCH($A7,'from internet'!$A:$A,),MATCH(G$4,'from internet'!$1:$1,)) -> #N/A | H7: =INDEX('from internet'!$1:$1048576,MATCH($A7,'from internet'!$A:$A,),MATCH(H$4,'from internet'!$1:$1,)) -> #N/A
A8: 0700.HK | B8: TENCENT | C8: 1:17 PM HKT | D8: =INDEX('from internet'!$1:$1048576,MATCH($A8,'from internet'!$A:$A,),MATCH(D$4,'from internet'!$1:$1,)) -> #N/A | E8: =INDEX('from internet'!$1:$1048576,MATCH($A8,'from internet'!$A:$A,),MATCH(E$4,'from internet'!$1:$1,)) -> #N/A | F8: =INDEX('from internet'!$1:$1048576,MATCH($A8,'from internet'!$A:$A,),MATCH(F$4,'from internet'!$1:$1,)) -> #N/A | G8: =INDEX('from internet'!$1:$1048576,MATCH($A8,'from internet'!$A:$A,),MATCH(G$4,'from internet'!$1:$1,)) -> #N/A | H8: =INDEX('from internet'!$1:$1048576,MATCH($A8,'from internet'!$A:$A,),MATCH(H$4,'from internet'!$1:$1,)) -> #N/A
A9: 0388.HK | B9: HK Exchange | C9: 1:17 PM HKT | D9: =INDEX('from internet'!$1:$1048576,MATCH($A9,'from internet'!$A:$A,),MATCH(D$4,'from internet'!$1:$1,)) -> #N/A | E9: =INDEX('from internet'!$1:$1048576,MATCH($A9,'from internet'!$A:$A,),MATCH(E$4,'from internet'!$1:$1,)) -> #N/A | F9: =INDEX('from internet'!$1:$1048576,MATCH($A9,'from internet'!$A:$A,),MATCH(F$4,'from internet'!$1:$1,)) -> #N/A | G9: =INDEX('from internet'!$1:$1048576,MATCH($A9,'from internet'!$A:$A,),MATCH(G$4,'from internet'!$1:$1,)) -> #N/A | H9: =INDEX('from internet'!$1:$1048576,MATCH($A9,'from internet'!$A:$A,),MATCH(H$4,'from internet'!$1:$1,)) -> #N/A
A10: 6030.HK | B10: Citic Securities | C10: 41375 | D10: =INDEX('from internet'!$1:$1048576,MATCH($A10,'from internet'!$A:$A,),MATCH(D$4,'from internet'!$1:$1,)) -> #N/A | E10: =INDEX('from internet'!$1:$1048576,MATCH($A10,'from internet'!$A:$A,),MATCH(E$4,'from internet'!$1:$1,)) -> #N/A | F10: =INDEX('from internet'!$1:$1048576,MATCH($A10,'from internet'!$A:$A,),MATCH(F$4,'from internet'!$1:$1,)) -> #N/A | G10: =INDEX('from internet'!$1:$1048576,MATCH($A10,'from internet'!$A:$A,),MATCH(G$4,'from internet'!$1:$1,)) -> #N/A | H10: =INDEX('from internet'!$1:$1048576,MATCH($A10,'from internet'!$A:$A,),MATCH(H$4,'from internet'!$1:$1,)) -> #N/A
A11: 9988.HK | B11: Alibaba | C11: 1:16 PM HKT | D11: =INDEX('from internet'!$1:$1048576,MATCH($A11,'from internet'!$A:$A,),MATCH(D$4,'from internet'!$1:$1,)) -> #N/A | E11: =INDEX('from internet'!$1:$1048576,MATCH($A11,'from internet'!$A:$A,),MATCH(E$4,'from internet'!$1:$1,)) -> #N/A | F11: =INDEX('from internet'!$1:$1048576,MATCH($A11,'from internet'!$A:$A,),MATCH(F$4,'from internet'!$1:$1,)) -> #N/A | G11: =INDEX('from internet'!$1:$1048576,MATCH($A11,'from internet'!$A:$A,),MATCH(G$4,'from internet'!$1:$1,)) -> #N/A | H11: =INDEX('from internet'!$1:$1048576,MATCH($A11,'from internet'!$A:$A,),MATCH(H$4,'from internet'!$1:$1,)) -> #N/A
A12: ^HSI | B12: HANG SENG INDEX | C12: 1:17 PM HKT | D12: =INDEX('from internet'!$1:$1048576,MATCH($A12,'from internet'!$A:$A,),MATCH(D$4,'from internet'!$1:$1,)) -> #N/A | E12: =INDEX('from internet'!$1:$1048576,MATCH($A12,'from internet'!$A:$A,),MATCH(E$4,'from internet'!$1:$1,)) -> #N/A | F12: =INDEX('from internet'!$1:$1048576,MATCH($A12,'from internet'!$A:$A,),MATCH(F$4,'from internet'!$1:$1,)) -> #N/A | G12: =INDEX('from internet'!$1:$1048576,MATCH($A12,'from internet'!$A:$A,),MATCH(G$4,'from internet'!$1:$1,)) -> #N/A | H12: =INDEX('from internet'!$1:$1048576,MATCH($A12,'from internet'!$A:$A,),MATCH(H$4,'from internet'!$1:$1,)) -> #N/A
A13: ^HSCE | B13: HANG SENG CHINA ENTERPRISES IND | C13: 1:17 PM HKT | D13: =INDEX('from internet'!$1:$1048576,MATCH($A13,'from internet'!$A:$A,),MATCH(D$4,'from internet'!$1:$1,)) -> #N/A | E13: =INDEX('from internet'!$1:$1048576,MATCH($A13,'from internet'!$A:$A,),MATCH(E$4,'from internet'!$1:$1,)) -> #N/A | F13: =INDEX('from internet'!$1:$1048576,MATCH($A13,'from internet'!$A:$A,),MATCH(F$4,'from internet'!$1:$1,)) -> #N/A | G13: =INDEX('from internet'!$1:$1048576,MATCH($A13,'from internet'!$A:$A,),MATCH(G$4,'from internet'!$1:$1,)) -> #N/A | H13: =INDEX('from internet'!$1:$1048576,MATCH($A13,'from internet'!$A:$A,),MATCH(H$4,'from internet'!$1:$1,)) -> #N/A
A14: 0175.HK | B14: GEELY AUTO | C14: 1:17 PM HKT | D14: =INDEX('from internet'!$1:$1048576,MATCH($A14,'from internet'!$A:$A,),MATCH(D$4,'from internet'!$1:$1,)) -> #N/A | E14: =INDEX('from internet'!$1:$1048576,MATCH($A14,'from internet'!$A:$A,),MATCH(E$4,'from internet'!$1:$1,)) -> #N/A | F14: =INDEX('from internet'!$1:$1048576,MATCH($A14,'from internet'!$A:$A,),MATCH(F$4,'from internet'!$1:$1,)) -> #N/A | G14: =INDEX('from internet'!$1:$1048576,MATCH($A14,'from internet'!$A:$A,),MATCH(G$4,'from internet'!$1:$1,)) -> #N/A | H14: =INDEX('from internet'!$1:$1048576,MATCH($A14,'from internet'!$A:$A,),MATCH(H$4,'from internet'!$1:$1,)) -> #N/A
A15: 2333.HK | B15: GREATWALL MOTOR | C15: 1:17 PM HKT | D15: =INDEX('from internet'!$1:$1048576,MATCH($A15,'from internet'!$A:$A,),MATCH(D$4,'from internet'!$1:$1,)) -> #N/A | E15: =INDEX('from internet'!$1:$1048576,MATCH($A15,'from internet'!$A:$A,),MATCH(E$4,'from internet'!$1:$1,)) -> #N/A | F15: =INDEX('from internet'!$1:$1048576,MATCH($A15,'from internet'!$A:$A,),MATCH(F$4,'from internet'!$1:$1,)) -> #N/A | G15: =INDEX('from internet'!$1:$1048576,MATCH($A15,'from internet'!$A:$A,),MATCH(G$4,'from internet'!$1:$1,)) -> #N/A | H15: =INDEX('from internet'!$1:$1048576,MATCH($A15,'from internet'!$A:$A,),MATCH(H$4,'from internet'!$1:$1,)) -> #N/A
A16: 1024.HK | B16: Kuaishou Tech | D16: =INDEX('from internet'!$1:$1048576,MATCH($A16,'from internet'!$A:$A,),MATCH(D$4,'from internet'!$1:$1,)) -> #N/A | E16: =INDEX('from internet'!$1:$1048576,MATCH($A16,'from internet'!$A:$A,),MATCH(E$4,'from internet'!$1:$1,)) -> #N/A | F16: =INDEX('from internet'!$1:$1048576,MATCH($A16,'from internet'!$A:$A,),MATCH(F$4,'from internet'!$1:$1,)) -> #N/A | G16: =INDEX('from internet'!$1:$1048576,MATCH($A16,'from internet'!$A:$A,),MATCH(G$4,'from internet'!$1:$1,)) -> #N/A | H16: =INDEX('from internet'!$1:$1048576,MATCH($A16,'from internet'!$A:$A,),MATCH(H$4,'from internet'!$1:$1,)) -> #N/A
A17: 9888.HK | B17: Baidu Inc | D17: =INDEX('from internet'!$1:$1048576,MATCH($A17,'from internet'!$A:$A,),MATCH(D$4,'from internet'!$1:$1,)) -> #N/A | E17: =INDEX('from internet'!$1:$1048576,MATCH($A17,'from internet'!$A:$A,),MATCH(E$4,'from internet'!$1:$1,)) -> #N/A | F17: =INDEX('from internet'!$1:$1048576,MATCH($A17,'from internet'!$A:$A,),MATCH(F$4,'from internet'!$1:$1,)) -> #N/A | G17: =INDEX('from internet'!$1:$1048576,MATCH($A17,'from internet'!$A:$A,),MATCH(G$4,'from internet'!$1:$1,)) -> #N/A | H17: =INDEX('from internet'!$1:$1048576,MATCH($A17,'from internet'!$A:$A,),MATCH(H$4,'from internet'!$1:$1,)) -> #N/A
A18: 0981.HK | B18: Semiconductor Mfg Int'l | C18: 1:16 PM HKT | D18: =INDEX('from internet'!$1:$1048576,MATCH($A18,'from internet'!$A:$A,),MATCH(D$4,'from internet'!$1:$1,)) -> #N/A | E18: =INDEX('from internet'!$1:$1048576,MATCH($A18,'from internet'!$A:$A,),MATCH(E$4,'from internet'!$1:$1,)) -> #N/A | F18: =INDEX('from internet'!$1:$1048576,MATCH($A18,'from internet'!$A:$A,),MATCH(F$4,'from internet'!$1:$1,)) -> #N/A | G18: =INDEX('from internet'!$1:$1048576,MATCH($A18,'from internet'!$A:$A,),MATCH(G$4,'from internet'!$1:$1,)) -> #N/A | H18: =INDEX('from internet'!$1:$1048576,MATCH($A18,'from internet'!$A:$A,),MATCH(H$4,'from internet'!$1:$1,)) -> #N/A
A19: 2196.HK | B19: Shanghai Fosun Pharma | D19: =INDEX('from internet'!$1:$1048576,MATCH($A19,'from internet'!$A:$A,),MATCH(D$4,'from internet'!$1:$1,)) -> #N/A | E19: =INDEX('from internet'!$1:$1048576,MATCH($A19,'from internet'!$A:$A,),MATCH(E$4,'from internet'!$1:$1,)) -> #N/A | F19: =INDEX('from internet'!$1:$1048576,MATCH($A19,'from internet'!$A:$A,),MATCH(F$4,'from internet'!$1:$1,)) -> #N/A | G19: =INDEX('from internet'!$1:$1048576,MATCH($A19,'from internet'!$A:$A,),MATCH(G$4,'from internet'!$1:$1,)) -> #N/A | H19: =INDEX('from internet'!$1:$1048576,MATCH($A19,'from internet'!$A:$A,),MATCH(H$4,'from internet'!$1:$1,)) -> #N/A
A20: 3690.HK | B20: Meituan | C20: 41375 | D20: =INDEX('from internet'!$1:$1048576,MATCH($A20,'from internet'!$A:$A,),MATCH(D$4,'from internet'!$1:$1,)) -> #N/A | E20: =INDEX('from internet'!$1:$1048576,MATCH($A20,'from internet'!$A:$A,),MATCH(E$4,'from internet'!$1:$1,)) -> #N/A | F20: =INDEX('from internet'!$1:$1048576,MATCH($A20,'from internet'!$A:$A,),MATCH(F$4,'from internet'!$1:$1,)) -> #N/A | G20: =INDEX('from internet'!$1:$1048576,MATCH($A20,'from internet'!$A:$A,),MATCH(G$4,'from internet'!$1:$1,)) -> #N/A | H20: =INDEX('from internet'!$1:$1048576,MATCH($A20,'from internet'!$A:$A,),MATCH(H$4,'from internet'!$1:$1,)) -> #N/A
A21: 3993.HK | B21: China Molybdenum Co., Ltd. | C21: 41375 | D21: =INDEX('from internet'!$1:$1048576,MATCH($A21,'from internet'!$A:$A,),MATCH(D$4,'from internet'!$1:$1,)) -> #N/A | E21: =INDEX('from internet'!$1:$1048576,MATCH($A21,'from internet'!$A:$A,),MATCH(E$4,'from internet'!$1:$1,)) -> #N/A | F21: =INDEX('from internet'!$1:$1048576,MATCH($A21,'from internet'!$A:$A,),MATCH(F$4,'from internet'!$1:$1,)) -> #N/A | G21: =INDEX('from internet'!$1:$1048576,MATCH($A21,'from internet'!$A:$A,),MATCH(G$4,'from internet'!$1:$1,)) -> #N/A | H21: =INDEX('from internet'!$1:$1048576,MATCH($A21,'from internet'!$A:$A,),MATCH(H$4,'from internet'!$1:$1,)) -> #N/A
A22: RIO.AX | B22: Rio Tinto Limited | C22: 3:13 PM AEST | D22: =INDEX('from internet'!$1:$1048576,MATCH($A22,'from internet'!$A:$A,),MATCH(D$4,'from internet'!$1:$1,)) -> #N/A | E22: =INDEX('from internet'!$1:$1048576,MATCH($A22,'from internet'!$A:$A,),MATCH(E$4,'from internet'!$1:$1,)) -> #N/A | F22: =INDEX('from internet'!$1:$1048576,MATCH($A22,'from internet'!$A:$A,),MATCH(F$4,'from internet'!$1:$1,)) -> #N/A | G22: =INDEX('from internet'!$1:$1048576,MATCH($A22,'from internet'!$A:$A,),MATCH(G$4,'from internet'!$1:$1,)) -> #N/A | H22: =INDEX('from internet'!$1:$1048576,MATCH($A22,'from internet'!$A:$A,),MATCH(H$4,'from internet'!$1:$1,)) -> #N/A
A23: BAC | B23: Bank of America | C23: 1:16 PM HKT | D23: =INDEX('from internet'!$1:$1048576,MATCH($A23,'from internet'!$A:$A,),MATCH(D$4,'from internet'!$1:$1,)) -> #N/A | E23: =INDEX('from internet'!$1:$1048576,MATCH($A23,'from internet'!$A:$A,),MATCH(E$4,'from internet'!$1:$1,)) -> #N/A | F23: =INDEX('from internet'!$1:$1048576,MATCH($A23,'from internet'!$A:$A,),MATCH(F$4,'from internet'!$1:$1,)) -> #N/A | G23: =INDEX('from internet'!$1:$1048576,MATCH($A23,'from internet'!$A:$A,),MATCH(G$4,'from internet'!$1:$1,)) -> #N/A | H23: =INDEX('from internet'!$1:$1048576,MATCH($A23,'from internet'!$A:$A,),MATCH(H$4,'from internet'!$1:$1,)) -> #N/A
A24: D05.SI | B24: DBS Group Holdings Ltd | C24: 41375 | D24: =INDEX('from internet'!$1:$1048576,MATCH($A24,'from internet'!$A:$A,),MATCH(D$4,'from internet'!$1:$1,)) -> #N/A | E24: =INDEX('from internet'!$1:$1048576,MATCH($A24,'from internet'!$A:$A,),MATCH(E$4,'from internet'!$1:$1,)) -> #N/A | F24: =INDEX('from internet'!$1:$1048576,MATCH($A24,'from internet'!$A:$A,),MATCH(F$4,'from internet'!$1:$1,)) -> #N/A | G24: =INDEX('from internet'!$1:$1048576,MATCH($A24,'from internet'!$A:$A,),MATCH(G$4,'from internet'!$1:$1,)) -> #N/A | H24: =INDEX('from internet'!$1:$1048576,MATCH($A24,'from internet'!$A:$A,),MATCH(H$4,'from internet'!$1:$1,)) -> #N/A
A25: 8604.T | B25: Nomura Holdings | D25: =INDEX('from internet'!$1:$1048576,MATCH($A25,'from internet'!$A:$A,),MATCH(D$4,'from internet'!$1:$1,)) -> #N/A | E25: =INDEX('from internet'!$1:$1048576,MATCH($A25,'from internet'!$A:$A,),MATCH(E$4,'from internet'!$1:$1,)) -> #N/A | F25: =INDEX('from internet'!$1:$1048576,MATCH($A25,'from internet'!$A:$A,),MATCH(F$4,'from internet'!$1:$1,)) -> #N/A | G25: =INDEX('from internet'!$1:$1048576,MATCH($A25,'from internet'!$A:$A,),MATCH(G$4,'from internet'!$1:$1,)) -> #N/A | H25: =INDEX('from internet'!$1:$1048576,MATCH($A25,'from internet'!$A:$A,),MATCH(H$4,'from internet'!$1:$1,)) -> #N/A

Sheet Transfer template
A1: 44596
C3: Transfer of Stocks
B4: 1 | C4: ="Transfer "&Z4&" ("&Y4&")" -> Transfer Great Wall Motor (2333) | R4: =B4&") "&Z4&" ("&Y4&")" -> 1) Great Wall Motor (2333) | Y4: 2333 | Z4: Great Wall Motor
C5: ="from "&C8 -> from Deutsche Bank Personal | R5: =C5&" "&C6 -> from Deutsche Bank Personal to Morgan Stanley Titan no. 1
C6: ="to "&K8 -> to Morgan Stanley Titan no. 1 | R6: =C7 -> 800,000 shares
C7: =TEXT(E10,"#,##0")&" shares" -> 800,000 shares | R7: =N12 -> 3.9508
C8: Deutsche Bank Personal | K8: Morgan Stanley Titan no. 1
E9: 1766650 | M9: 0
D10: - | E10: 800000 | L10: + | M10: =E10 -> 800000
D11: shares | E11: =E9-E10 -> 966650 | L11: shares | M11: =M9+M10 -> 800000
K12: Average | N12: 3.9508

Sheet spot template
B3: 1 | C3: Buy (Spot) Jiangxi Copper (0358)
C4: =TEXT(R4,"#,###,###,##0")&" shares @ "&TEXT(S4,"#,##0.00")&" Spot = HKD "&TEXT(R4*S4,"#,###,###,###,##0.00") -> 40,000 shares @ 10.28 Spot = HKD 411,200.00 | R4: 40000 | S4: 10.28
G5: 175000
F6: + | G6: =R4 -> 40000 | L6: Average
G7: =G5+G6 -> 215000 | L7: 10.684918
