Workbook
Name market_price: Collateral!$U$4

Sheet ALLHKD
B1: ACCUMULATORS | C1: 46234
B3: Account | C3: Estimated Amount | D3: Estimated Amount (%)
B4: Citibank - Account 1 | C4: =ACCU!R9 | D4: =C4/$C$16 | E4: =ACCU!R9-C4
B5: Citibank - Account 2 | C5: =ACCU!R18 | D5: =C5/$C$16 | E5: =ACCU!R18-C5
B6: Citibank Singapore - Account 1 | C6: =ACCU!R26 | D6: =C6/$C$16 | E6: =ACCU!R26-C6
B7: Deutsche Bank - Personal | C7: =ACCU!R54 | D7: =C7/$C$16 | E7: =ACCU!R54-C7
B8: Deutsche Bank - Perfect Legend | C8: =ACCU!R147 | D8: =C8/$C$16 | E8: =ACCU!R147-C8
B9: Sun Hung Kai Account No. 1 | C9: =ACCU!R89 | D9: =C9/$C$16 | E9: =ACCU!R89-C9
B10: Sun Hung Kai Account No. 2 | C10: =ACCU!R116 | D10: =C10/$C$16 | E10: =ACCU!R116-C10
B11: Morgan Stanley - Titan 1 | C11: =ACCU!R155 | D11: =C11/$C$16 | E11: =ACCU!R155-C11
B12: Morgan Stanley - Titan 2 | C12: =ACCU!R124 | D12: =C12/$C$16 | E12: =ACCU!R124-C12
B13: Morgan Stanley - Perfect Legend | C13: =ACCU!R164 | D13: =C13/$C$16 | E13: =ACCU!R164-C13
B14: Nomura Singapore | C14: =ACCU!R67 | D14: =C14/$C$16 | E14: =ACCU!R67-C14
B15: Bank of Singapore | C15: =ACCU!R132 | D15: =C15/$C$16 | E15: =ACCU!R132-C15 | F15: =ALLM!N13 | G15: =F15-F16
C16: =SUM(C4:C15) | D16: =C16/$C$16 | F16: =ACCU!R172 | G16: =C16-F16
B18: Decumulators | C18: =C1
B20: Account | C20: Estimated Amount | D20: Estimated Amount (%)
B21: Citibank - Account 1 | C21: =+DECU!$R$9 | D21: =C21/$C$33
B22: Citibank - Account 2 | C22: =+DECU!$R$18 | D22: =C22/$C$33
B23: Citibank Singapore - Account 1 | C23: =DECU!R28 | D23: =C23/$C$33
B24: Deutsche Bank - Personal | C24: =DECU!R53 | D24: =C24/$C$33
B25: Deutsche Bank - Perfect Legend | C25: =DECU!R136 | D25: =C25/$C$33
B26: Sun Hung Kai Account No. 1 | C26: =DECU!R86 | D26: =C26/$C$33
B27: Sun Hung Kai Account No. 2 | C27: =DECU!R108 | D27: =C27/$C$33
B28: Morgan Stanley - Titan 1 | C28: =+DECU!$R$144 | D28: =C28/$C$33
B29: Morgan Stanley - Titan 2 | C29: =+DECU!$R$116 | D29: =C29/$C$33
B30: Morgan Stanley - Perfect Legend | C30: =+DECU!$R$151 | D30: =C30/$C$33
B31: Nomura Singapore | C31: =DECU!R67 | D31: =C31/$C$33
B32: Bank of Singapore | C32: =DECU!$R$123 | D32: =C32/$C$33 | F32: =ALLM!N43 | G32: =F32-F33
C33: =SUM(C21:C32) | D33: =C33/$C$33 | F33: =+DECU!$R$158 | G33: =C33-F33
F35: =F16-F33

Sheet ALLM
B1: ACCUMULATORS | F1: =ACCU!B1
B2: HK Stock | C2: Code | D2: Total | E2: Jul 2026 | F2: Aug 2026 | G2: Sep 2026 | H2: Oct 2026 | I2: Nov 2026 | J2: Dec 2026 | K2: Jan 2027 | L2: Feb 2027 Onwards | N2: Estimated Amount | O2: %
E3: 7-2026 | F3: 8-2026 | G3: 9-2026 | H3: 10-2026 | I3: 11-2026 | J3: 12-2026 | K3: 01-2027
A4: =INDIRECT(ADDRESS(ROW()-1,COLUMN()))+1 | B4: Geely Motor | C4: 0175 | D4: =SUM(E4:L4) | E4: =IF(COUNTIF(ACCU!$AD:$AD,E$3&"-"&$C4)=0,"",COUNTIF(ACCU!$AD:$AD,E$3&"-"&$C4)) | F4: =IF(COUNTIF(ACCU!$AD:$AD,F$3&"-"&$C4)=0,"",COUNTIF(ACCU!$AD:$AD,F$3&"-"&$C4)) | G4: =IF(COUNTIF(ACCU!$AD:$AD,G$3&"-"&$C4)=0,"",COUNTIF(ACCU!$AD:$AD,G$3&"-"&$C4)) | H4: =IF(COUNTIF(ACCU!$AD:$AD,H$3&"-"&$C4)=0,"",COUNTIF(ACCU!$AD:$AD,H$3&"-"&$C4)) | I4: =IF(COUNTIF(ACCU!$AD:$AD,I$3&"-"&$C4)=0,"",COUNTIF(ACCU!$AD:$AD,I$3&"-"&$C4)) | J4: =IF(COUNTIF(ACCU!$AD:$AD,J$3&"-"&$C4)=0,"",COUNTIF(ACCU!$AD:$AD,J$3&"-"&$C4)) | K4: =IF(COUNTIF(ACCU!$AD:$AD,K$3&"-"&$C4)=0,"",COUNTIF(ACCU!$AD:$AD,K$3&"-"&$C4)) | L4: =COUNTIF(ACCU!$AE:$AE,$C4)-SUM(E4:K4) | N4: =SUMIF(ACCU!AE:AE,C4,ACCU!R:R) | O4: =N4/N$13
A5: =INDIRECT(ADDRESS(ROW()-1,COLUMN()))+1 | B5: HK Exchange | C5: 0388 | D5: =SUM(E5:L5) | E5: =IF(COUNTIF(ACCU!$AD:$AD,E$3&"-"&$C5)=0,"",COUNTIF(ACCU!$AD:$AD,E$3&"-"&$C5)) | F5: =IF(COUNTIF(ACCU!$AD:$AD,F$3&"-"&$C5)=0,"",COUNTIF(ACCU!$AD:$AD,F$3&"-"&$C5)) | G5: =IF(COUNTIF(ACCU!$AD:$AD,G$3&"-"&$C5)=0,"",COUNTIF(ACCU!$AD:$AD,G$3&"-"&$C5)) | H5: =IF(COUNTIF(ACCU!$AD:$AD,H$3&"-"&$C5)=0,"",COUNTIF(ACCU!$AD:$AD,H$3&"-"&$C5)) | I5: =IF(COUNTIF(ACCU!$AD:$AD,I$3&"-"&$C5)=0,"",COUNTIF(ACCU!$AD:$AD,I$3&"-"&$C5)) | J5: =IF(COUNTIF(ACCU!$AD:$AD,J$3&"-"&$C5)=0,"",COUNTIF(ACCU!$AD:$AD,J$3&"-"&$C5)) | K5: =IF(COUNTIF(ACCU!$AD:$AD,K$3&"-"&$C5)=0,"",COUNTIF(ACCU!$AD:$AD,K$3&"-"&$C5)) | L5: =COUNTIF(ACCU!$AE:$AE,$C5)-SUM(E5:K5) | N5: =SUMIF(ACCU!AE:AE,C5,ACCU!R:R) | O5: =N5/N$13
A6: =INDIRECT(ADDRESS(ROW()-1,COLUMN()))+1 | B6: Tencent | C6: 0700 | D6: =SUM(E6:L6) | E6: =IF(COUNTIF(ACCU!$AD:$AD,E$3&"-"&$C6)=0,"",COUNTIF(ACCU!$AD:$AD,E$3&"-"&$C6)) | F6: =IF(COUNTIF(ACCU!$AD:$AD,F$3&"-"&$C6)=0,"",COUNTIF(ACCU!$AD:$AD,F$3&"-"&$C6)) | G6: =IF(COUNTIF(ACCU!$AD:$AD,G$3&"-"&$C6)=0,"",COUNTIF(ACCU!$AD:$AD,G$3&"-"&$C6)) | H6: =IF(COUNTIF(ACCU!$AD:$AD,H$3&"-"&$C6)=0,"",COUNTIF(ACCU!$AD:$AD,H$3&"-"&$C6)) | I6: =IF(COUNTIF(ACCU!$AD:$AD,I$3&"-"&$C6)=0,"",COUNTIF(ACCU!$AD:$AD,I$3&"-"&$C6)) | J6: =IF(COUNTIF(ACCU!$AD:$AD,J$3&"-"&$C6)=0,"",COUNTIF(ACCU!$AD:$AD,J$3&"-"&$C6)) | K6: =IF(COUNTIF(ACCU!$AD:$AD,K$3&"-"&$C6)=0,"",COUNTIF(ACCU!$AD:$AD,K$3&"-"&$C6)) | L6: =COUNTIF(ACCU!$AE:$AE,$C6)-SUM(E6:K6) | N6: =SUMIF(ACCU!AE:AE,C6,ACCU!R:R) | O6: =N6/N$13
A7: =INDIRECT(ADDRESS(ROW()-1,COLUMN()))+1 | B7: Semiconductor Mfg | C7: 0981 | D7: =SUM(E7:L7) | E7: =IF(COUNTIF(ACCU!$AD:$AD,E$3&"-"&$C7)=0,"",COUNTIF(ACCU!$AD:$AD,E$3&"-"&$C7)) | F7: =IF(COUNTIF(ACCU!$AD:$AD,F$3&"-"&$C7)=0,"",COUNTIF(ACCU!$AD:$AD,F$3&"-"&$C7)) | G7: =IF(COUNTIF(ACCU!$AD:$AD,G$3&"-"&$C7)=0,"",COUNTIF(ACCU!$AD:$AD,G$3&"-"&$C7)) | H7: =IF(COUNTIF(ACCU!$AD:$AD,H$3&"-"&$C7)=0,"",COUNTIF(ACCU!$AD:$AD,H$3&"-"&$C7)) | I7: =IF(COUNTIF(ACCU!$AD:$AD,I$3&"-"&$C7)=0,"",COUNTIF(ACCU!$AD:$AD,I$3&"-"&$C7)) | J7: =IF(COUNTIF(ACCU!$AD:$AD,J$3&"-"&$C7)=0,"",COUNTIF(ACCU!$AD:$AD,J$3&"-"&$C7)) | K7: =IF(COUNTIF(ACCU!$AD:$AD,K$3&"-"&$C7)=0,"",COUNTIF(ACCU!$AD:$AD,K$3&"-"&$C7)) | L7: =COUNTIF(ACCU!$AE:$AE,$C7)-SUM(E7:K7) | N7: =SUMIF(ACCU!AE:AE,C7,ACCU!R:R) | O7: =N7/N$13
A8: =INDIRECT(ADDRESS(ROW()-1,COLUMN()))+1 | B8: Kuaishou Tech | C8: 1024 | D8: =SUM(E8:L8) | E8: =IF(COUNTIF(ACCU!$AD:$AD,E$3&"-"&$C8)=0,"",COUNTIF(ACCU!$AD:$AD,E$3&"-"&$C8)) | F8: =IF(COUNTIF(ACCU!$AD:$AD,F$3&"-"&$C8)=0,"",COUNTIF(ACCU!$AD:$AD,F$3&"-"&$C8)) | G8: =IF(COUNTIF(ACCU!$AD:$AD,G$3&"-"&$C8)=0,"",COUNTIF(ACCU!$AD:$AD,G$3&"-"&$C8)) | H8: =IF(COUNTIF(ACCU!$AD:$AD,H$3&"-"&$C8)=0,"",COUNTIF(ACCU!$AD:$AD,H$3&"-"&$C8)) | I8: =IF(COUNTIF(ACCU!$AD:$AD,I$3&"-"&$C8)=0,"",COUNTIF(ACCU!$AD:$AD,I$3&"-"&$C8)) | J8: =IF(COUNTIF(ACCU!$AD:$AD,J$3&"-"&$C8)=0,"",COUNTIF(ACCU!$AD:$AD,J$3&"-"&$C8)) | K8: =IF(COUNTIF(ACCU!$AD:$AD,K$3&"-"&$C8)=0,"",COUNTIF(ACCU!$AD:$AD,K$3&"-"&$C8)) | L8: =COUNTIF(ACCU!$AE:$AE,$C8)-SUM(E8:K8) | N8: =SUMIF(ACCU!AE:AE,C8,ACCU!R:R) | O8: =N8/N$13
A9: =INDIRECT(ADDRESS(ROW()-1,COLUMN()))+1 | B9: Shanghai Pharma | C9: 2196 | D9: =SUM(E9:L9) | E9: =IF(COUNTIF(ACCU!$AD:$AD,E$3&"-"&$C9)=0,"",COUNTIF(ACCU!$AD:$AD,E$3&"-"&$C9)) | F9: =IF(COUNTIF(ACCU!$AD:$AD,F$3&"-"&$C9)=0,"",COUNTIF(ACCU!$AD:$AD,F$3&"-"&$C9)) | G9: =IF(COUNTIF(ACCU!$AD:$AD,G$3&"-"&$C9)=0,"",COUNTIF(ACCU!$AD:$AD,G$3&"-"&$C9)) | H9: =IF(COUNTIF(ACCU!$AD:$AD,H$3&"-"&$C9)=0,"",COUNTIF(ACCU!$AD:$AD,H$3&"-"&$C9)) | I9: =IF(COUNTIF(ACCU!$AD:$AD,I$3&"-"&$C9)=0,"",COUNTIF(ACCU!$AD:$AD,I$3&"-"&$C9)) | J9: =IF(COUNTIF(ACCU!$AD:$AD,J$3&"-"&$C9)=0,"",COUNTIF(ACCU!$AD:$AD,J$3&"-"&$C9)) | K9: =IF(COUNTIF(ACCU!$AD:$AD,K$3&"-"&$C9)=0,"",COUNTIF(ACCU!$AD:$AD,K$3&"-"&$C9)) | L9: =COUNTIF(ACCU!$AE:$AE,$C9)-SUM(E9:K9) | N9: =SUMIF(ACCU!AE:AE,C9,ACCU!R:R) | O9: =N9/N$13
A10: =INDIRECT(ADDRESS(ROW()-1,COLUMN()))+1 | B10: China Molybdenum | C10: 3993 | D10: =SUM(E10:L10) | E10: =IF(COUNTIF(ACCU!$AD:$AD,E$3&"-"&$C10)=0,"",COUNTIF(ACCU!$AD:$AD,E$3&"-"&$C10)) | F10: =IF(COUNTIF(ACCU!$AD:$AD,F$3&"-"&$C10)=0,"",COUNTIF(ACCU!$AD:$AD,F$3&"-"&$C10)) | G10: =IF(COUNTIF(ACCU!$AD:$AD,G$3&"-"&$C10)=0,"",COUNTIF(ACCU!$AD:$AD,G$3&"-"&$C10)) | H10: =IF(COUNTIF(ACCU!$AD:$AD,H$3&"-"&$C10)=0,"",COUNTIF(ACCU!$AD:$AD,H$3&"-"&$C10)) | I10: =IF(COUNTIF(ACCU!$AD:$AD,I$3&"-"&$C10)=0,"",COUNTIF(ACCU!$AD:$AD,I$3&"-"&$C10)) | J10: =IF(COUNTIF(ACCU!$AD:$AD,J$3&"-"&$C10)=0,"",COUNTIF(ACCU!$AD:$AD,J$3&"-"&$C10)) | K10: =IF(COUNTIF(ACCU!$AD:$AD,K$3&"-"&$C10)=0,"",COUNTIF(ACCU!$AD:$AD,K$3&"-"&$C10)) | L10: =COUNTIF(ACCU!$AE:$AE,$C10)-SUM(E10:K10) | N10: =SUMIF(ACCU!AE:AE,C10,ACCU!R:R) | O10: =N10/N$13
A11: =INDIRECT(ADDRESS(ROW()-1,COLUMN()))+1 | B11: Baidu Inc | C11: 9888 | D11: =SUM(E11:L11) | E11: =IF(COUNTIF(ACCU!$AD:$AD,E$3&"-"&$C11)=0,"",COUNTIF(ACCU!$AD:$AD,E$3&"-"&$C11)) | F11: =IF(COUNTIF(ACCU!$AD:$AD,F$3&"-"&$C11)=0,"",COUNTIF(ACCU!$AD:$AD,F$3&"-"&$C11)) | G11: =IF(COUNTIF(ACCU!$AD:$AD,G$3&"-"&$C11)=0,"",COUNTIF(ACCU!$AD:$AD,G$3&"-"&$C11)) | H11: =IF(COUNTIF(ACCU!$AD:$AD,H$3&"-"&$C11)=0,"",COUNTIF(ACCU!$AD:$AD,H$3&"-"&$C11)) | I11: =IF(COUNTIF(ACCU!$AD:$AD,I$3&"-"&$C11)=0,"",COUNTIF(ACCU!$AD:$AD,I$3&"-"&$C11)) | J11: =IF(COUNTIF(ACCU!$AD:$AD,J$3&"-"&$C11)=0,"",COUNTIF(ACCU!$AD:$AD,J$3&"-"&$C11)) | K11: =IF(COUNTIF(ACCU!$AD:$AD,K$3&"-"&$C11)=0,"",COUNTIF(ACCU!$AD:$AD,K$3&"-"&$C11)) | L11: =COUNTIF(ACCU!$AE:$AE,$C11)-SUM(E11:K11) | N11: =SUMIF(ACCU!AE:AE,C11,ACCU!R:R) | O11: =N11/N$13
A12: =INDIRECT(ADDRESS(ROW()-1,COLUMN()))+1 | B12: Alibaba | C12: 9988 | D12: =SUM(E12:L12) | E12: =IF(COUNTIF(ACCU!$AD:$AD,E$3&"-"&$C12)=0,"",COUNTIF(ACCU!$AD:$AD,E$3&"-"&$C12)) | F12: =IF(COUNTIF(ACCU!$AD:$AD,F$3&"-"&$C12)=0,"",COUNTIF(ACCU!$AD:$AD,F$3&"-"&$C12)) | G12: =IF(COUNTIF(ACCU!$AD:$AD,G$3&"-"&$C12)=0,"",COUNTIF(ACCU!$AD:$AD,G$3&"-"&$C12)) | H12: =IF(COUNTIF(ACCU!$AD:$AD,H$3&"-"&$C12)=0,"",COUNTIF(ACCU!$AD:$AD,H$3&"-"&$C12)) | I12: =IF(COUNTIF(ACCU!$AD:$AD,I$3&"-"&$C12)=0,"",COUNTIF(ACCU!$AD:$AD,I$3&"-"&$C12)) | J12: =IF(COUNTIF(ACCU!$AD:$AD,J$3&"-"&$C12)=0,"",COUNTIF(ACCU!$AD:$AD,J$3&"-"&$C12)) | K12: =IF(COUNTIF(ACCU!$AD:$AD,K$3&"-"&$C12)=0,"",COUNTIF(ACCU!$AD:$AD,K$3&"-"&$C12)) | L12: =COUNTIF(ACCU!$AE:$AE,$C12)-SUM(E12:K12) | N12: =SUMIF(ACCU!AE:AE,C12,ACCU!R:R) | O12: =N12/N$13
C13: TOTAL: | D13: =SUM(D2:D12) | E13: =SUM(E2:E12) | F13: =SUM(F2:F12) | G13: =SUM(G2:G12) | H13: =SUM(H2:H12) | I13: =SUM(I2:I12) | J13: =SUM(J2:J12) | K13: =SUM(K4:K12) | L13: =SUM(L2:L12) | N13: =SUM(N2:INDIRECT("N"&ROW()-1)) | O13: =N13/N$13
G14: =SUM(G13:$L13)-G13 | J14: =SUM(J13:$L13)-J13
B15: JP Stock | C15: Code | D15: Total | E15: =E$2 | F15: =F$2 | G15: =G$2 | H15: =H$2 | I15: =I$2 | J15: =J$2 | K15: =K$2 | L15: =L$2 | N15: Estimated Amount | P15: Remaining | Q15: strike | R15: Single | S15: SD | T15: Adjustment
B16: Nomura | C16: 8604 | D16: =SUM(E16:L16) | L16: 0 | N16: =P16*Q16*R16*S16+T16 | P16: 19 | Q16: 457.9325 | R16: 500 | S16: 1
C17: TOTAL: | D17: =SUM(D16:D16) | E17: =SUM(E16:E16) | F17: =SUM(F16:F16) | G17: =SUM(G16:G16) | H17: =SUM(H16:H16) | I17: =SUM(I16:I16) | J17: =SUM(J16:J16) | K17: =SUM(K16:K16) | L17: =SUM(L16:L16) | N17: =SUM(N15:N16)
B19: AU Stock | C19: Code | D19: Total | E19: =E$2 | F19: =F$2 | G19: =G$2 | H19: =H$2 | I19: =I$2 | J19: =J$2 | K19: =K$2 | L19: =L$2
A20: =INDIRECT(ADDRESS(ROW()-1,COLUMN()))+1 | B20: Rio Tinto | C20: RIO | D20: =SUM(E20:L20) | L20: 0
C21: TOTAL: | D21: =SUM(D20:D20) | E21: =SUM(E20:E20) | F21: =SUM(F20:F20) | G21: =SUM(G20:G20) | H21: =SUM(H20:H20) | I21: =SUM(I20:I20) | J21: =SUM(J20:J20) | K21: =SUM(K20:K20) | L21: =SUM(L20:L20)
B23: US Stock | C23: Code | D23: Total | E23: =E$2 | F23: =F$2 | G23: =G$2 | H23: =H$2 | I23: =I$2 | J23: =J$2 | K23: =K$2 | L23: =L$2
B24: Bank of America | C24: BAC | D24: =SUM(E24:L24) | L24: 0
B25: General Electric | C25: GE | D25: =SUM(E25:L25) | E25: 0 | L25: 0
B26: Baidu | C26: BIDU | D26: =SUM(E26:L26) | L26: 0
C27: TOTAL: | D27: =SUM(D24:D26) | E27: =SUM(E24:E26) | F27: =SUM(F24:F26) | G27: =SUM(G24:G26) | H27: =SUM(H24:H26) | I27: =SUM(I24:I26) | J27: =SUM(J24:J26) | K27: =SUM(K24:K26) | L27: =SUM(L24:L26)
B29: SGD Stock | C29: Code | D29: Total | E29: =E$2 | F29: =F$2 | G29: =G$2 | H29: =H$2 | I29: =I$2 | J29: =J$2 | K29: =K$2 | L29: =L$2 | N29: Estimated Amount | P29: Remaining | Q29: strike | R29: Single | S29: SD
B30: DBS Group | C30: DBS | D30: =SUM(E30:L30) | L30: 0 | N30: =P30*Q30*R30*S30+T30 | P30: 0 | Q30: 32.0786 | R30: 100 | S30: 1
C31: TOTAL: | D31: =SUM(D30:D30) | E31: =SUM(E30:E30) | F31: =SUM(F30:F30) | G31: =SUM(G30:G30) | H31: =SUM(H30:H30) | I31: =SUM(I30:I30) | J31: =SUM(J30:J30) | K31: =SUM(K30:K30) | L31: =SUM(L30:L30) | N31: =SUM(N29:N30)
B33: DECUMULATORS | F33: =F1
B34: Stock | C34: Code | D34: Total | E34: =E$2 | F34: =F$2 | G34: =G$2 | H34: =H$2 | I34: =I$2 | J34: =J$2 | K34: =K$2 | L34: =L$2 | N34: Estimated Amount | O34: %
A35: =INDIRECT(ADDRESS(ROW()-1,COLUMN()))+1 | B35: Geely Motor | C35: 0175 | D35: =SUM(E35:L35) | E35: =IF(COUNTIF(DECU!$AD:$AD,E$3&"-"&$C35)=0,"",COUNTIF(DECU!$AD:$AD,E$3&"-"&$C35)) | F35: =IF(COUNTIF(DECU!$AD:$AD,F$3&"-"&$C35)=0,"",COUNTIF(DECU!$AD:$AD,F$3&"-"&$C35)) | G35: =IF(COUNTIF(DECU!$AD:$AD,G$3&"-"&$C35)=0,"",COUNTIF(DECU!$AD:$AD,G$3&"-"&$C35)) | H35: =IF(COUNTIF(DECU!$AD:$AD,H$3&"-"&$C35)=0,"",COUNTIF(DECU!$AD:$AD,H$3&"-"&$C35)) | I35: =IF(COUNTIF(DECU!$AD:$AD,I$3&"-"&$C35)=0,"",COUNTIF(DECU!$AD:$AD,I$3&"-"&$C35)) | J35: =IF(COUNTIF(DECU!$AD:$AD,J$3&"-"&$C35)=0,"",COUNTIF(DECU!$AD:$AD,J$3&"-"&$C35)) | K35: =IF(COUNTIF(DECU!$AD:$AD,K$3&"-"&$C35)=0,"",COUNTIF(DECU!$AD:$AD,K$3&"-"&$C35)) | L35: =COUNTIF(DECU!$AE:$AE,$C35)-SUM(E35:K35) | N35: =SUMIF(DECU!AE:AE,C35,DECU!R:R) | O35: =N35/$N$43
A36: =INDIRECT(ADDRESS(ROW()-1,COLUMN()))+1 | B36: HK Exchange | C36: 0388 | D36: =SUM(E36:L36) | E36: =IF(COUNTIF(DECU!$AD:$AD,E$3&"-"&$C36)=0,"",COUNTIF(DECU!$AD:$AD,E$3&"-"&$C36)) | F36: =IF(COUNTIF(DECU!$AD:$AD,F$3&"-"&$C36)=0,"",COUNTIF(DECU!$AD:$AD,F$3&"-"&$C36)) | G36: =IF(COUNTIF(DECU!$AD:$AD,G$3&"-"&$C36)=0,"",COUNTIF(DECU!$AD:$AD,G$3&"-"&$C36)) | H36: =IF(COUNTIF(DECU!$AD:$AD,H$3&"-"&$C36)=0,"",COUNTIF(DECU!$AD:$AD,H$3&"-"&$C36)) | I36: =IF(COUNTIF(DECU!$AD:$AD,I$3&"-"&$C36)=0,"",COUNTIF(DECU!$AD:$AD,I$3&"-"&$C36)) | J36: =IF(COUNTIF(DECU!$AD:$AD,J$3&"-"&$C36)=0,"",COUNTIF(DECU!$AD:$AD,J$3&"-"&$C36)) | K36: =IF(COUNTIF(DECU!$AD:$AD,K$3&"-"&$C36)=0,"",COUNTIF(DECU!$AD:$AD,K$3&"-"&$C36)) | L36: =COUNTIF(DECU!$AE:$AE,$C36)-SUM(E36:K36) | N36: =SUMIF(DECU!AE:AE,C36,DECU!R:R) | O36: =N36/$N$43
A37: =INDIRECT(ADDRESS(ROW()-1,COLUMN()))+1 | B37: Tencent | C37: 0700 | D37: =SUM(E37:L37) | E37: =IF(COUNTIF(DECU!$AD:$AD,E$3&"-"&$C37)=0,"",COUNTIF(DECU!$AD:$AD,E$3&"-"&$C37)) | F37: =IF(COUNTIF(DECU!$AD:$AD,F$3&"-"&$C37)=0,"",COUNTIF(DECU!$AD:$AD,F$3&"-"&$C37)) | G37: =IF(COUNTIF(DECU!$AD:$AD,G$3&"-"&$C37)=0,"",COUNTIF(DECU!$AD:$AD,G$3&"-"&$C37)) | H37: =IF(COUNTIF(DECU!$AD:$AD,H$3&"-"&$C37)=0,"",COUNTIF(DECU!$AD:$AD,H$3&"-"&$C37)) | I37: =IF(COUNTIF(DECU!$AD:$AD,I$3&"-"&$C37)=0,"",COUNTIF(DECU!$AD:$AD,I$3&"-"&$C37)) | J37: =IF(COUNTIF(DECU!$AD:$AD,J$3&"-"&$C37)=0,"",COUNTIF(DECU!$AD:$AD,J$3&"-"&$C37)) | K37: =IF(COUNTIF(DECU!$AD:$AD,K$3&"-"&$C37)=0,"",COUNTIF(DECU!$AD:$AD,K$3&"-"&$C37)) | L37: =COUNTIF(DECU!$AE:$AE,$C37)-SUM(E37:K37) | N37: =SUMIF(DECU!AE:AE,C37,DECU!R:R) | O37: =N37/$N$43
A38: =INDIRECT(ADDRESS(ROW()-1,COLUMN()))+1 | B38: Semiconductor Mfg Intl Corp | C38: 0981 | D38: =SUM(E38:L38) | E38: =IF(COUNTIF(DECU!$AD:$AD,E$3&"-"&$C38)=0,"",COUNTIF(DECU!$AD:$AD,E$3&"-"&$C38)) | F38: =IF(COUNTIF(DECU!$AD:$AD,F$3&"-"&$C38)=0,"",COUNTIF(DECU!$AD:$AD,F$3&"-"&$C38)) | G38: =IF(COUNTIF(DECU!$AD:$AD,G$3&"-"&$C38)=0,"",COUNTIF(DECU!$AD:$AD,G$3&"-"&$C38)) | H38: =IF(COUNTIF(DECU!$AD:$AD,H$3&"-"&$C38)=0,"",COUNTIF(DECU!$AD:$AD,H$3&"-"&$C38)) | I38: =IF(COUNTIF(DECU!$AD:$AD,I$3&"-"&$C38)=0,"",COUNTIF(DECU!$AD:$AD,I$3&"-"&$C38)) | J38: =IF(COUNTIF(DECU!$AD:$AD,J$3&"-"&$C38)=0,"",COUNTIF(DECU!$AD:$AD,J$3&"-"&$C38)) | K38: =IF(COUNTIF(DECU!$AD:$AD,K$3&"-"&$C38)=0,"",COUNTIF(DECU!$AD:$AD,K$3&"-"&$C38)) | L38: =COUNTIF(DECU!$AE:$AE,$C38)-SUM(E38:K38) | N38: =SUMIF(DECU!AE:AE,C38,DECU!R:R) | O38: =N38/$N$43
A39: =INDIRECT(ADDRESS(ROW()-1,COLUMN()))+1 | B39: Kuaishou Tech | C39: 1024 | D39: =SUM(E39:L39) | E39: =IF(COUNTIF(DECU!$AD:$AD,E$3&"-"&$C39)=0,"",COUNTIF(DECU!$AD:$AD,E$3&"-"&$C39)) | F39: =IF(COUNTIF(DECU!$AD:$AD,F$3&"-"&$C39)=0,"",COUNTIF(DECU!$AD:$AD,F$3&"-"&$C39)) | G39: =IF(COUNTIF(DECU!$AD:$AD,G$3&"-"&$C39)=0,"",COUNTIF(DECU!$AD:$AD,G$3&"-"&$C39)) | H39: =IF(COUNTIF(DECU!$AD:$AD,H$3&"-"&$C39)=0,"",COUNTIF(DECU!$AD:$AD,H$3&"-"&$C39)) | I39: =IF(COUNTIF(DECU!$AD:$AD,I$3&"-"&$C39)=0,"",COUNTIF(DECU!$AD:$AD,I$3&"-"&$C39)) | J39: =IF(COUNTIF(DECU!$AD:$AD,J$3&"-"&$C39)=0,"",COUNTIF(DECU!$AD:$AD,J$3&"-"&$C39)) | K39: =IF(COUNTIF(DECU!$AD:$AD,K$3&"-"&$C39)=0,"",COUNTIF(DECU!$AD:$AD,K$3&"-"&$C39)) | L39: =COUNTIF(DECU!$AE:$AE,$C39)-SUM(E39:K39) | N39: =SUMIF(DECU!AE:AE,C39,DECU!R:R) | O39: =N39/$N$43
A40: =INDIRECT(ADDRESS(ROW()-1,COLUMN()))+1 | B40: Shanghai Fosun | C40: 2196 | D40: =SUM(E40:L40) | E40: =IF(COUNTIF(DECU!$AD:$AD,E$3&"-"&$C40)=0,"",COUNTIF(DECU!$AD:$AD,E$3&"-"&$C40)) | F40: =IF(COUNTIF(DECU!$AD:$AD,F$3&"-"&$C40)=0,"",COUNTIF(DECU!$AD:$AD,F$3&"-"&$C40)) | G40: =IF(COUNTIF(DECU!$AD:$AD,G$3&"-"&$C40)=0,"",COUNTIF(DECU!$AD:$AD,G$3&"-"&$C40)) | H40: =IF(COUNTIF(DECU!$AD:$AD,H$3&"-"&$C40)=0,"",COUNTIF(DECU!$AD:$AD,H$3&"-"&$C40)) | I40: =IF(COUNTIF(DECU!$AD:$AD,I$3&"-"&$C40)=0,"",COUNTIF(DECU!$AD:$AD,I$3&"-"&$C40)) | J40: =IF(COUNTIF(DECU!$AD:$AD,J$3&"-"&$C40)=0,"",COUNTIF(DECU!$AD:$AD,J$3&"-"&$C40)) | K40: =IF(COUNTIF(DECU!$AD:$AD,K$3&"-"&$C40)=0,"",COUNTIF(DECU!$AD:$AD,K$3&"-"&$C40)) | L40: =COUNTIF(DECU!$AE:$AE,$C40)-SUM(E40:K40) | N40: =SUMIF(DECU!AE:AE,C40,DECU!R:R) | O40: =N40/$N$43
A41: =INDIRECT(ADDRESS(ROW()-1,COLUMN()))+1 | B41: China Molybdenum | C41: 3993 | D41: =SUM(E41:L41) | E41: =IF(COUNTIF(DECU!$AD:$AD,E$3&"-"&$C41)=0,"",COUNTIF(DECU!$AD:$AD,E$3&"-"&$C41)) | F41: =IF(COUNTIF(DECU!$AD:$AD,F$3&"-"&$C41)=0,"",COUNTIF(DECU!$AD:$AD,F$3&"-"&$C41)) | G41: =IF(COUNTIF(DECU!$AD:$AD,G$3&"-"&$C41)=0,"",COUNTIF(DECU!$AD:$AD,G$3&"-"&$C41)) | H41: =IF(COUNTIF(DECU!$AD:$AD,H$3&"-"&$C41)=0,"",COUNTIF(DECU!$AD:$AD,H$3&"-"&$C41)) | I41: =IF(COUNTIF(DECU!$AD:$AD,I$3&"-"&$C41)=0,"",COUNTIF(DECU!$AD:$AD,I$3&"-"&$C41)) | J41: =IF(COUNTIF(DECU!$AD:$AD,J$3&"-"&$C41)=0,"",COUNTIF(DECU!$AD:$AD,J$3&"-"&$C41)) | K41: =IF(COUNTIF(DECU!$AD:$AD,K$3&"-"&$C41)=0,"",COUNTIF(DECU!$AD:$AD,K$3&"-"&$C41)) | L41: =COUNTIF(DECU!$AE:$AE,$C41)-SUM(E41:K41) | N41: =SUMIF(DECU!AE:AE,C41,DECU!R:R) | O41: =N41/$N$43
A42: =INDIRECT(ADDRESS(ROW()-1,COLUMN()))+1 | B42: Alibaba | C42: 9988 | D42: =SUM(E42:L42) | E42: =IF(COUNTIF(DECU!$AD:$AD,E$3&"-"&$C42)=0,"",COUNTIF(DECU!$AD:$AD,E$3&"-"&$C42)) | F42: =IF(COUNTIF(DECU!$AD:$AD,F$3&"-"&$C42)=0,"",COUNTIF(DECU!$AD:$AD,F$3&"-"&$C42)) | G42: =IF(COUNTIF(DECU!$AD:$AD,G$3&"-"&$C42)=0,"",COUNTIF(DECU!$AD:$AD,G$3&"-"&$C42)) | H42: =IF(COUNTIF(DECU!$AD:$AD,H$3&"-"&$C42)=0,"",COUNTIF(DECU!$AD:$AD,H$3&"-"&$C42)) | I42: =IF(COUNTIF(DECU!$AD:$AD,I$3&"-"&$C42)=0,"",COUNTIF(DECU!$AD:$AD,I$3&"-"&$C42)) | J42: =IF(COUNTIF(DECU!$AD:$AD,J$3&"-"&$C42)=0,"",COUNTIF(DECU!$AD:$AD,J$3&"-"&$C42)) | K42: =IF(COUNTIF(DECU!$AD:$AD,K$3&"-"&$C42)=0,"",COUNTIF(DECU!$AD:$AD,K$3&"-"&$C42)) | L42: =COUNTIF(DECU!$AE:$AE,$C42)-SUM(E42:K42) | N42: =SUMIF(DECU!AE:AE,C42,DECU!R:R) | O42: =N42/$N$43
C43: TOTAL: | D43: =SUM(D34:D42) | E43: =SUM(E34:E42) | F43: =SUM(F34:F42) | G43: =SUM(G34:G42) | H43: =SUM(H34:H42) | I43: =SUM(I34:I42) | J43: =SUM(J34:J42) | K43: =SUM(K34:K42) | L43: =SUM(L34:L42) | N43: =SUM(N34:N42) | O43: =N43/N$43
G44: =SUM(G43:$L43)-G43 | J44: =SUM(J43:$L43)-J43
B45: JP Stock | C45: Code | D45: Total | E45: =E$2 | F45: =F$2 | G45: =G$2 | H45: =H$2 | I45: =I$2 | J45: =J$2 | K45: =K$2 | L45: =L$2
B46: Nomura | C46: 8604 | D46: =SUM(E46:L46) | L46: 0
C47: TOTAL: | D47: =SUM(D46:D46) | E47: =SUM(E46:E46) | F47: =SUM(F46:F46) | G47: =SUM(G46:G46) | H47: =SUM(H46:H46) | I47: =SUM(I46:I46) | J47: =SUM(J46:J46) | K47: =SUM(K46:K46) | L47: =SUM(L46:L46)
B49: AU Stock | C49: Code | D49: Total | E49: =E$2 | F49: =F$2 | G49: =G$2 | H49: =H$2 | I49: =I$2 | J49: =J$2 | K49: =K$2 | L49: =L$2
B50: Rio Tinto | C50: RIO | D50: =SUM(E50:L50) | L50: 0
C51: TOTAL: | D51: =SUM(D50:D50) | E51: =SUM(E50:E50) | F51: =SUM(F50:F50) | G51: =SUM(G50:G50) | H51: =SUM(H50:H50) | I51: =SUM(I50:I50) | J51: =SUM(J50:J50) | K51: =SUM(K50:K50) | L51: =SUM(L50:L50)
B53: US Stock | C53: Code | D53: Total | E53: =E$2 | F53: =F$2 | G53: =G$2 | H53: =H$2 | I53: =I$2 | J53: =J$2 | K53: =K$2 | L53: =L$2
B54: Baidu Inc | C54: BIDU | D54: =SUM(E54:L54) | L54: 0
C55: TOTAL: | D55: =SUM(D54:D54) | E55: =SUM(E54:E54) | F55: =SUM(F54:F54) | G55: =SUM(G54:G54) | H55: =SUM(H54:H54) | I55: =SUM(I54:I54) | J55: =SUM(J54:J54) | K55: =SUM(K54:K54) | L55: =SUM(L54:L54)

Sheet ACCU
A1: =SUM(A7,A16,A34,A52,A122,A130,A145,A153,A162,A114,A65,A24,A87) | B1: =ALLHKD!C1 | H1: ACCUMULATORS | N1: For the Whole Structure
A3: CITIBANK Account No. 1 | K3: 1 month = 20 days
B5: ACCUMULATOR | C5: CODE | E5: SHARES / DAY | H5: SPOT PRICE | I5: STRIKE PRICE | J5: K/O PRICE | K5: LIFE TERM OF CONTRACT | N5: START DATE | O5: END DATE | Q5: Estimated Total Shares Remaining | R5: Estimated Amount | T5: Estimated Amount per month | Y5: Month 1 | Z5: Month 2
D6: CB1 | K6: RCVD mos. | L6: REM mos. | M6: Total mos. | U6: Price | V6: NOW | W6: NEXT | X6: sd | Y6: hkd | Z6: hkd
A7: =IF(B7<>"",INDIRECT(ADDRESS(ROW()-1,COLUMN()))+1,0) | Q7: =E7*L7*20*X7 | R7: =E7*I7*L7*20*X7 | T7: =E7*I7*20*X7 | U7: 12.18 | V7: 21 | W7: 21 | X7: 2 | Y7: =X7*V7*E7*I7 | Z7: =X7*W7*E7*I7 | AB7: =MONTH(O7) | AC7: =YEAR(O7) | AD7: =AB7&"-"&AC7&"-"&C7 | AE7: =C7 | AF7: =MATCH(AE7,ALLM!C$2:C$13,)
O9: Total | Q9: =SUM(Q6:Q8) | R9: =SUM(R6:R8) | T9: =SUM(T6:T8)
R10: HKD | T10: HKD
A12: CITIBANK ACCOUNT # 2 | K12: 1 month = 20 days
B14: ACCUMULATOR | C14: CODE | E14: SHARES / DAY | H14: SPOT PRICE | I14: STRIKE PRICE | J14: K/O PRICE | K14: LIFE TERM OF CONTRACT | N14: START DATE | O14: END DATE | Q14: Estimated Total Shares Remaining | R14: Estimated Amount | T14: Estimated Amount per month
D15: CB2 | K15: RCVD mos. | L15: REM mos. | M15: Total mos.
A16: =IF(B16<>"",INDIRECT(ADDRESS(ROW()-1,COLUMN()))+1,0) | Q16: =E16*L16*20*X16 | R16: =E16*I16*L16*20*X16 | T16: =E16*I16*20*X16 | V16: 21 | W16: 41 | X16: 2 | Y16: =X16*V16*E16*I16 | Z16: =X16*W16*E16*I16 | AB16: =MONTH(O16) | AC16: =YEAR(O16) | AD16: =AB16&"-"&AC16&"-"&C16 | AE16: =C16 | AF16: =MATCH(AE16,ALLM!C$2:C$13,)
O18: Total | Q18: =SUM(Q15:Q17) | R18: =SUM(R15:R17) | T18: =SUM(T15:T17)
R19: HKD | T19: HKD
A20: CITIBANK SINGAPORE - ACCOUNT # 1
B22: ACCUMULATOR | C22: CODE | E22: SHARES / DAY | H22: SPOT PRICE | I22: STRIKE PRICE | J22: K/O PRICE | K22: LIFE TERM OF CONTRACT | N22: START DATE | O22: END DATE | Q22: Estimated Total Shares Remaining | R22: Estimated Amount | T22: Estimated Amount per month
D23: CBSG | K23: RCVD mos. | L23: REM mos. | M23: Total mos.
A24: =IF(B24<>"",INDIRECT(ADDRESS(ROW()-1,COLUMN()))+1,0) | Q24: =E24*L24*X24 | R24: =E24*I24*L24*X24 | T24: =E24*I24*20*X24 | V24: 19 | W24: 19 | X24: 1 | Y24: =X24*V24*E24*I24 | Z24: =X24*W24*E24*I24 | AB24: =MONTH(O24) | AC24: =YEAR(O24) | AD24: =AB24&"-"&AC24&"-"&C24 | AE24: =C24 | AF24: =MATCH(AE24,ALLM!C$2:C$13,)
O26: Total | Q26: =SUM(Q23:Q25) | R26: =SUM(R23:R25) | T26: =SUM(T23:T25)
R27: HKD | T27: HKD
A29: CITIBANK BERRY HILL | K29: 1 month = 20 days
B31: ACCUMULATOR | C31: CODE | E31: SHARES / DAY | H31: SPOT PRICE | I31: STRIKE PRICE | J31: K/O PRICE | K31: LIFE TERM OF CONTRACT | N31: START DATE | O31: END DATE | Q31: Estimated Total Shares Remaining | R31: Estimated Amount | T31: Estimated Amount per month
D32: CBBH | K32: RCVD mos. | L32: REM mos. | M32: Total mos.
A33: =IF(B33<>"",INDIRECT(ADDRESS(ROW()-1,COLUMN()))+1,0) | Q33: =E33*L33*20*X33 | R33: =E33*I33*L33*20*X33 | T33: =E33*I33*20*X33 | V33: 20 | W33: 40 | X33: 2 | Y33: =X33*V33*E33*I33 | Z33: =X33*W33*E33*I33 | AB33: =MONTH(O33) | AC33: =YEAR(O33) | AD33: =AB33&"-"&AC33&"-"&C33 | AE33: =C33 | AF33: =MATCH(AE33,ALLM!C$2:C$13,)
A34: =IF(B34<>"",INDIRECT(ADDRESS(ROW()-1,COLUMN()))+1,0) | Q34: =E34*L34*20*X34 | R34: =E34*I34*L34*20*X34 | T34: =E34*I34*20*X34 | V34: 0 | W34: 19 | X34: 2 | Y34: =X34*V34*E34*I34 | Z34: =X34*W34*E34*I34 | AB34: =MONTH(O34) | AC34: =YEAR(O34) | AD34: =AB34&"-"&AC34&"-"&C34 | AE34: =C34 | AF34: =MATCH(AE34,ALLM!C$2:C$13,)
O36: Total | Q36: =SUM(Q32:Q35) | R36: =SUM(R32:R35) | T36: =SUM(T32:T35)
R37: HKD | T37: HKD
O39: TOTAL CITIBANK | Q39: =SUM(Q9,Q36,Q18,Q26) | R39: =SUM(R9,R36,R18,R26) | T39: =SUM(T9,T36,T18,T26)
R40: HKD | T40: HKD
A42: DEUTSCHE BANK (Personal)
B44: ACCUMULATOR | C44: CODE | E44: SHARES / DAY | H44: SPOT PRICE | I44: STRIKE PRICE | J44: K/O PRICE | K44: LIFE TERM OF CONTRACT | N44: START DATE | O44: END DATE | Q44: Estimated Total Shares Remaining | R44: Estimated Amount | T44: Estimated Amount per month
D45: DBPe | K45: RCVD DAYS | L45: REM DAYS | M45: Total DAYS
A46: =IF(B46<>"",INDIRECT(ADDRESS(ROW()-1,COLUMN()))+1,0) | B46: Alibaba | C46: 9988 | D46: Alibaba - 6 | E46: 200 | F46: / | G46: 400 | H46: 168.4000 | I46: 133.8612 | J46: 185.2400 | K46: 194 | L46: =M46-K46 | M46: 244 | N46: 29-Sep-2025 | O46: 25-Sep-2026 | Q46: =E46*L46*X46 | R46: =E46*I46*L46*X46 | T46: =E46*I46*20*X46 | U46: 413 | V46: 0 | W46: 30 | X46: 2 | Y46: =X46*V46*E46*I46 | Z46: =X46*W46*E46*I46 | AB46: =MONTH(O46) | AC46: =YEAR(O46) | AD46: =AB46&"-"&AC46&"-"&C46 | AE46: =C46 | AF46: =MATCH(AE46,ALLM!C$2:C$13,)
A47: =IF(B47<>"",INDIRECT(ADDRESS(ROW()-1,COLUMN()))+1,0) | B47: Tencent | C47: 0700 | D47: Tencent - 8 | E47: 130 | F47: / | G47: 260 | H47: 636.0000 | I47: 565.4040 | J47: 699.6000 | K47: 176 | L47: =M47-K47 | M47: 244 | N47: 27-Oct-2025 | O47: 23-Oct-2026 | Q47: =E47*L47*X47 | R47: =E47*I47*L47*X47 | T47: =E47*I47*20*X47 | U47: 413 | V47: 0 | W47: 30 | X47: 2 | Y47: =X47*V47*E47*I47 | Z47: =X47*W47*E47*I47 | AB47: =MONTH(O47) | AC47: =YEAR(O47) | AD47: =AB47&"-"&AC47&"-"&C47 | AE47: =C47 | AF47: =MATCH(AE47,ALLM!C$2:C$13,)
A48: =IF(B48<>"",INDIRECT(ADDRESS(ROW()-1,COLUMN()))+1,0) | B48: Alibaba | C48: 9988 | D48: Alibaba - 7 | E48: 300 | F48: / | G48: 600 | H48: 172.8593 | I48: 145.7204 | J48: 181.5023 | K48: 177 | L48: =M48-K48 | M48: 245 | N48: 31-Oct-2025 | O48: 29-Oct-2026 | Q48: =E48*L48*X48 | R48: =E48*I48*L48*X48 | T48: =E48*I48*20*X48 | U48: 413 | V48: 0 | W48: 20 | X48: 2 | Y48: =X48*V48*E48*I48 | Z48: =X48*W48*E48*I48 | AB48: =MONTH(O48) | AC48: =YEAR(O48) | AD48: =AB48&"-"&AC48&"-"&C48 | AE48: =C48 | AF48: =MATCH(AE48,ALLM!C$2:C$13,)
A49: =IF(B49<>"",INDIRECT(ADDRESS(ROW()-1,COLUMN()))+1,0) | B49: Tencent | C49: 0700 | D49: Tencent - 10 | E49: 100 | F49: / | G49: 200 | H49: 619.5000 | I49: 557.7978 | J49: 650.4750 | K49: 130 | L49: =M49-K49 | M49: 311 | N49: 13-Jan-2026 | O49: 19-Apr-2027 | Q49: =E49*L49*X49 | R49: =E49*I49*L49*X49 | T49: =E49*I49*20*X49 | U49: 413 | V49: 0 | W49: 20 | X49: 2 | Y49: =X49*V49*E49*I49 | Z49: =X49*W49*E49*I49 | AB49: =MONTH(O49) | AC49: =YEAR(O49) | AD49: =AB49&"-"&AC49&"-"&C49 | AE49: =C49 | AF49: =MATCH(AE49,ALLM!C$2:C$13,)
A50: =IF(B50<>"",INDIRECT(ADDRESS(ROW()-1,COLUMN()))+1,0) | B50: Geely Motor | C50: 0175 | D50: Geely Motor - 14 | E50: 1200 | F50: / | G50: 2400 | H50: 25.0542 | I50: 20.5044 | J50: 26.3069 | K50: 66 | L50: =M50-K50 | M50: 247 | N50: 14-Apr-2026 | O50: 14-Apr-2027 | Q50: =E50*L50*X50 | R50: =E50*I50*L50*X50 | T50: =E50*I50*20*X50 | U50: 413 | V50: 0 | W50: 20 | X50: 2 | Y50: =X50*V50*E50*I50 | Z50: =X50*W50*E50*I50 | AB50: =MONTH(O50) | AC50: =YEAR(O50) | AD50: =AB50&"-"&AC50&"-"&C50 | AE50: =C50 | AF50: =MATCH(AE50,ALLM!C$2:C$13,)
A51: =IF(B51<>"",INDIRECT(ADDRESS(ROW()-1,COLUMN()))+1,0) | B51: China Molybdenum | C51: 3993 | D51: China Molybdenum - 19 | E51: 3000 | F51: / | G51: 6000 | H51: 20.0200 | I51: 15.4454 | J51: 23.0230 | K51: 47 | L51: =M51-K51 | M51: 248 | N51: 12-May-2026 | O51: 10-May-2027 | Q51: =E51*L51*X51 | R51: =E51*I51*L51*X51 | T51: =E51*I51*20*X51 | U51: 413 | V51: 0 | W51: 20 | X51: 1 | Y51: =X51*V51*E51*I51 | Z51: =X51*W51*E51*I51 | AB51: =MONTH(O51) | AC51: =YEAR(O51) | AD51: =AB51&"-"&AC51&"-"&C51 | AE51: =C51 | AF51: =MATCH(AE51,ALLM!C$2:C$13,)
A52: =IF(B52<>"",INDIRECT(ADDRESS(ROW()-1,COLUMN()))+1,0) | B52: HK Exchange | C52: 0388 | D52: HK EXCHANGE - 18 | E52: 200 | F52: / | G52: 400 | H52: 409.6000 | I52: 370.6061 | J52: 450.5600 | K52: 47 | L52: =M52-K52 | M52: 247 | N52: 20-May-2026 | O52: 18-May-2027 | Q52: =E52*L52*X52 | R52: =E52*I52*L52*X52 | T52: =E52*I52*20*X52 | U52: 413 | V52: 0 | W52: 20 | X52: 1 | Y52: =X52*V52*E52*I52 | Z52: =X52*W52*E52*I52 | AB52: =MONTH(O52) | AC52: =YEAR(O52) | AD52: =AB52&"-"&AC52&"-"&C52 | AE52: =C52 | AF52: =MATCH(AE52,ALLM!C$2:C$13,)
O54: Deutsche Bank (Personal) Total | Q54: =SUM(Q45:Q53) | R54: =SUM(R45:R53) | T54: =SUM(T45:T53)
R55: HKD | T55: HKD
A57: NOMURA SINGAPORE
B59: ACCUMULATOR | C59: CODE | E59: SHARES / DAY | H59: SPOT PRICE | I59: STRIKE PRICE | J59: K/O PRICE | K59: LIFE TERM OF CONTRACT | N59: START DATE | O59: END DATE | Q59: Estimated Total Shares Remaining | R59: Estimated Amount | T59: Estimated Amount per month
D60: NSG | K60: RCVD DAYS | L60: REM DAYS | M60: Total DAYS
A61: =IF(B61<>"",INDIRECT(ADDRESS(ROW()-1,COLUMN()))+1,0) | B61: Alibaba | C61: 9988 | D61: Alibaba - 4 | E61: 300 | F61: / | G61: 600 | H61: 173.1985 | I61: 145.3309 | J61: 181.8584 | K61: 182 | L61: =M61-K61 | M61: 246 | N61: 31-Oct-2025 | O61: 30-Oct-2026 | Q61: =E61*L61*X61 | R61: =E61*I61*L61*X61 | T61: =E61*I61*20*X61 | U61: 425.2 | V61: 0 | W61: 0 | X61: 2 | Y61: =X61*V61*E61*I61 | Z61: =X61*W61*E61*I61 | AB61: =MONTH(O61) | AC61: =YEAR(O61) | AD61: =AB61&"-"&AC61&"-"&C61 | AE61: =C61 | AF61: =MATCH(AE61,ALLM!C$2:C$13,)
A62: =IF(B62<>"",INDIRECT(ADDRESS(ROW()-1,COLUMN()))+1,0) | B62: Tencent | C62: 0700 | D62: Tencent - 3 | E62: 150 | F62: / | G62: 300 | H62: 626.0000 | I62: 574.5428 | J62: 657.3000 | K62: 120 | L62: =M62-K62 | M62: 247 | N62: 6-Jan-2026 | O62: 5-Jan-2027 | Q62: =E62*L62*X62 | R62: =E62*I62*L62*X62 | T62: =E62*I62*20*X62 | U62: 425.2 | V62: 0 | W62: 22 | X62: 2 | Y62: =X62*V62*E62*I62 | Z62: =X62*W62*E62*I62 | AB62: =MONTH(O62) | AC62: =YEAR(O62) | AD62: =AB62&"-"&AC62&"-"&C62 | AE62: =C62 | AF62: =MATCH(AE62,ALLM!C$2:C$13,)
A63: =IF(B63<>"",INDIRECT(ADDRESS(ROW()-1,COLUMN()))+1,0) | B63: China Molybdenum | C63: 3993 | D63: China Molybdenum - 10 | E63: 1700 | F63: / | G63: 3400 | H63: 24.7000 | I63: 21.0246 | J63: 25.9350 | K63: 101 | L63: =M63-K63 | M63: 248 | N63: 26-Feb-2026 | O63: 25-Feb-2027 | Q63: =E63*L63*X63 | R63: =E63*I63*L63*X63 | T63: =E63*I63*20*X63 | U63: 425.2 | V63: 0 | W63: 21 | X63: 2 | Y63: =X63*V63*E63*I63 | Z63: =X63*W63*E63*I63 | AB63: =MONTH(O63) | AC63: =YEAR(O63) | AD63: =AB63&"-"&AC63&"-"&C63 | AE63: =C63 | AF63: =MATCH(AE63,ALLM!C$2:C$13,)
A64: =IF(B64<>"",INDIRECT(ADDRESS(ROW()-1,COLUMN()))+1,0) | B64: China Molybdenum | C64: 3993 | D64: China Molybdenum - 11 | E64: 3500 | F64: / | G64: 7000 | H64: 21.5645 | I64: 17.5794 | J64: 23.7209 | K64: 79 | L64: =M64-K64 | M64: 187 | N64: 9-Mar-2026 | O64: 7-Dec-2026 | Q64: =E64*L64*X64 | R64: =E64*I64*L64*X64 | T64: =E64*I64*20*X64 | U64: 425.2 | V64: 0 | W64: 23 | X64: 2 | Y64: =X64*V64*E64*I64 | Z64: =X64*W64*E64*I64 | AB64: =MONTH(O64) | AC64: =YEAR(O64) | AD64: =AB64&"-"&AC64&"-"&C64 | AE64: =C64 | AF64: =MATCH(AE64,ALLM!C$2:C$13,)
A65: =IF(B65<>"",INDIRECT(ADDRESS(ROW()-1,COLUMN()))+1,0) | B65: China Molybdenum | C65: 3993 | D65: China Molybdenum - 13 | E65: 2000 | F65: / | G65: 4000 | H65: 19.9303 | I65: 16.6538 | J65: 20.5282 | K65: 42 | L65: =M65-K65 | M65: 249 | N65: 12-May-2026 | O65: 11-May-2027 | Q65: =E65*L65*X65 | R65: =E65*I65*L65*X65 | T65: =E65*I65*20*X65 | U65: 425.2 | V65: 0 | W65: 21 | X65: 2 | Y65: =X65*V65*E65*I65 | Z65: =X65*W65*E65*I65 | AB65: =MONTH(O65) | AC65: =YEAR(O65) | AD65: =AB65&"-"&AC65&"-"&C65 | AE65: =C65 | AF65: =MATCH(AE65,ALLM!C$2:C$13,)
O67: Nomura Singapore Total | Q67: =SUM(Q60:Q66) | R67: =SUM(R60:R66) | T67: =SUM(T60:T66)
R68: HKD | T68: HKD
A69: SUN HUNG KAI Account No. 1
B71: ACCUMULATOR | C71: CODE | E71: SHARES / DAY | H71: SPOT PRICE | I71: STRIKE PRICE | J71: K/O PRICE | K71: LIFE TERM OF CONTRACT | N71: START DATE | O71: END DATE | Q71: Estimated Total Shares Remaining | R71: Estimated Amount | T71: Estimated Amount per month
D72: SHK | K72: RCVD DAYS | L72: REM DAYS | M72: Total DAYS
A73: =IF(B73<>"",INDIRECT(ADDRESS(ROW()-1,COLUMN()))+1,0) | B73: HK Exchange | C73: 0388 | D73: HK EXCHANGE - 28 | E73: 145 | F73: / | G73: 290 | H73: 449.1384 | I73: 401.3052 | J73: 471.5953 | K73: 245 | L73: =M73-K73 | M73: 309 | N73: 25-Jul-2025 | O73: 26-Oct-2026 | Q73: =E73*L73*X73 | R73: =E73*I73*L73*X73 | T73: =E73*I73*20*X73 | U73: 3.96 | V73: 0 | W73: 21 | X73: 1 | Y73: =X73*V73*E73*I73 | Z73: =X73*W73*E73*I73 | AB73: =MONTH(O73) | AC73: =YEAR(O73) | AD73: =AB73&"-"&AC73&"-"&C73 | AE73: =C73 | AF73: =MATCH(AE73,ALLM!C$2:C$13,)
A74: =IF(B74<>"",INDIRECT(ADDRESS(ROW()-1,COLUMN()))+1,0) | B74: HK Exchange | C74: 0388 | D74: HK EXCHANGE - 31 | E74: 200 | F74: / | G74: 400 | H74: 430.0000 | I74: 378.7440 | J74: 473.0000 | K74: 224 | L74: =M74-K74 | M74: 245 | N74: 12-Aug-2025 | O74: 11-Aug-2026 | Q74: =E74*L74*X74 | R74: =E74*I74*L74*X74 | T74: =E74*I74*20*X74 | U74: 3.96 | V74: 0 | W74: 21 | X74: 1 | Y74: =X74*V74*E74*I74 | Z74: =X74*W74*E74*I74 | AB74: =MONTH(O74) | AC74: =YEAR(O74) | AD74: =AB74&"-"&AC74&"-"&C74 | AE74: =C74 | AF74: =MATCH(AE74,ALLM!C$2:C$13,)
A75: =IF(B75<>"",INDIRECT(ADDRESS(ROW()-1,COLUMN()))+1,0) | B75: HK Exchange | C75: 0388 | D75: HK EXCHANGE - 32 | E75: 250 | F75: / | G75: 500 | H75: 462.3722 | I75: 407.8123 | J75: 485.4908 | K75: 224 | L75: =M75-K75 | M75: 245 | N75: 26-Aug-2025 | O75: 25-Aug-2026 | Q75: =E75*L75*X75 | R75: =E75*I75*L75*X75 | T75: =E75*I75*20*X75 | U75: 3.96 | V75: 0 | W75: 21 | X75: 2 | Y75: =X75*V75*E75*I75 | Z75: =X75*W75*E75*I75 | AB75: =MONTH(O75) | AC75: =YEAR(O75) | AD75: =AB75&"-"&AC75&"-"&C75 | AE75: =C75 | AF75: =MATCH(AE75,ALLM!C$2:C$13,)
A76: =IF(B76<>"",INDIRECT(ADDRESS(ROW()-1,COLUMN()))+1,0) | B76: Shanghai Fosun Pharma | C76: 2196 | D76: Shanghai Fosun - 3 | E76: 350 | F76: / | G76: 700 | H76: 25.0158 | I76: 22.4167 | J76: 26.2666 | K76: 181 | L76: =M76-K76 | M76: 246 | N76: 13-Oct-2025 | O76: 12-Oct-2026 | Q76: =E76*L76*X76 | R76: =E76*I76*L76*X76 | T76: =E76*I76*20*X76 | U76: 3.96 | V76: 0 | W76: 21 | X76: 2 | Y76: =X76*V76*E76*I76 | Z76: =X76*W76*E76*I76 | AB76: =MONTH(O76) | AC76: =YEAR(O76) | AD76: =AB76&"-"&AC76&"-"&C76 | AE76: =C76 | AF76: =MATCH(AE76,ALLM!C$2:C$13,)
A77: =IF(B77<>"",INDIRECT(ADDRESS(ROW()-1,COLUMN()))+1,0) | B77: Alibaba | C77: 9988 | D77: Alibaba - 28 | E77: 300 | F77: / | G77: 600 | H77: 172.4412 | I77: 149.5927 | J77: 181.0633 | K77: 181 | L77: =M77-K77 | M77: 245 | N77: 30-Oct-2025 | O77: 28-Oct-2026 | Q77: =E77*L77*X77 | R77: =E77*I77*L77*X77 | T77: =E77*I77*20*X77 | U77: 3.96 | V77: 0 | W77: 23 | X77: 2 | Y77: =X77*V77*E77*I77 | Z77: =X77*W77*E77*I77 | AB77: =MONTH(O77) | AC77: =YEAR(O77) | AD77: =AB77&"-"&AC77&"-"&C77 | AE77: =C77 | AF77: =MATCH(AE77,ALLM!C$2:C$13,)
A78: =IF(B78<>"",INDIRECT(ADDRESS(ROW()-1,COLUMN()))+1,0) | B78: Tencent | C78: 0700 | D78: Tencent - 37 | E78: 150 | F78: / | G78: 300 | H78: 626.0000 | I78: 573.4160 | J78: 657.3000 | K78: 120 | L78: =M78-K78 | M78: 247 | N78: 6-Jan-2026 | O78: 5-Jan-2027 | Q78: =E78*L78*X78 | R78: =E78*I78*L78*X78 | T78: =E78*I78*20*X78 | U78: 3.96 | V78: 0 | W78: 22 | X78: 2 | Y78: =X78*V78*E78*I78 | Z78: =X78*W78*E78*I78 | AB78: =MONTH(O78) | AC78: =YEAR(O78) | AD78: =AB78&"-"&AC78&"-"&C78 | AE78: =C78 | AF78: =MATCH(AE78,ALLM!C$2:C$13,)
A79: =IF(B79<>"",INDIRECT(ADDRESS(ROW()-1,COLUMN()))+1,0) | B79: Tencent | C79: 0700 | D79: Tencent - 38 | E79: 100 | F79: / | G79: 200 | H79: 621.0000 | I79: 556.4160 | J79: 652.0500 | K79: 120 | L79: =M79-K79 | M79: 247 | N79: 13-Jan-2026 | O79: 12-Jan-2027 | Q79: =E79*L79*X79 | R79: =E79*I79*L79*X79 | T79: =E79*I79*20*X79 | U79: 3.96 | V79: 0 | W79: 22 | X79: 2 | Y79: =X79*V79*E79*I79 | Z79: =X79*W79*E79*I79 | AB79: =MONTH(O79) | AC79: =YEAR(O79) | AD79: =AB79&"-"&AC79&"-"&C79 | AE79: =C79 | AF79: =MATCH(AE79,ALLM!C$2:C$13,)
A80: =IF(B80<>"",INDIRECT(ADDRESS(ROW()-1,COLUMN()))+1,0) | B80: HK Exchange | C80: 0388 | D80: HK EXCHANGE - 33 | E80: 100 | F80: / | G80: 200 | H80: 424.8884 | I80: 384.7364 | J80: 446.1328 | K80: 98 | L80: =M80-K80 | M80: 183 | N80: 3-Feb-2026 | O80: 2-Nov-2026 | Q80: =E80*L80*X80 | R80: =E80*I80*L80*X80 | T80: =E80*I80*20*X80 | U80: 3.96 | V80: 0 | W80: 22 | X80: 1 | Y80: =X80*V80*E80*I80 | Z80: =X80*W80*E80*I80 | AB80: =MONTH(O80) | AC80: =YEAR(O80) | AD80: =AB80&"-"&AC80&"-"&C80 | AE80: =C80 | AF80: =MATCH(AE80,ALLM!C$2:C$13,)
A81: =IF(B81<>"",INDIRECT(ADDRESS(ROW()-1,COLUMN()))+1,0) | B81: Kuaishou Tech | C81: 1024 | D81: Kuaishou Tech - 21 | E81: 600 | F81: / | G81: 1200 | H81: 77.0000 | I81: 65.4885 | J81: 80.8500 | K81: 98 | L81: =M81-K81 | M81: 183 | N81: 3-Feb-2026 | O81: 2-Nov-2026 | Q81: =E81*L81*X81 | R81: =E81*I81*L81*X81 | T81: =E81*I81*20*X81 | U81: 3.96 | V81: 0 | W81: 22 | X81: 2 | Y81: =X81*V81*E81*I81 | Z81: =X81*W81*E81*I81 | AB81: =MONTH(O81) | AC81: =YEAR(O81) | AD81: =AB81&"-"&AC81&"-"&C81 | AE81: =C81 | AF81: =MATCH(AE81,ALLM!C$2:C$13,)
A82: =IF(B82<>"",INDIRECT(ADDRESS(ROW()-1,COLUMN()))+1,0) | B82: China Molybdenum | C82: 3993 | D82: China Molybdenum - 86 | E82: 3000 | F82: / | G82: 6000 | H82: 24.6808 | I82: 21.2255 | J82: 25.9148 | K82: 101 | L82: =M82-K82 | M82: 248 | N82: 26-Feb-2026 | O82: 25-Feb-2027 | Q82: =E82*L82*X82 | R82: =E82*I82*L82*X82 | T82: =E82*I82*20*X82 | U82: 3.96 | V82: 0 | W82: 21 | X82: 2 | Y82: =X82*V82*E82*I82 | Z82: =X82*W82*E82*I82 | AB82: =MONTH(O82) | AC82: =YEAR(O82) | AD82: =AB82&"-"&AC82&"-"&C82 | AE82: =C82 | AF82: =MATCH(AE82,ALLM!C$2:C$13,)
A83: =IF(B83<>"",INDIRECT(ADDRESS(ROW()-1,COLUMN()))+1,0) | B83: Geely Motor | C83: 0175 | D83: Geely Motor - 24 | E83: 2000 | F83: / | G83: 4000 | H83: 25.0106 | I83: 20.5612 | J83: 26.2611 | K83: 61 | L83: =M83-K83 | M83: 249 | N83: 14-Apr-2026 | O83: 13-Apr-2027 | Q83: =E83*L83*X83 | R83: =E83*I83*L83*X83 | T83: =E83*I83*20*X83 | U83: 3.96 | V83: 0 | W83: 23 | X83: 2 | Y83: =X83*V83*E83*I83 | Z83: =X83*W83*E83*I83 | AB83: =MONTH(O83) | AC83: =YEAR(O83) | AD83: =AB83&"-"&AC83&"-"&C83 | AE83: =C83 | AF83: =MATCH(AE83,ALLM!C$2:C$13,)
A84: =IF(B84<>"",INDIRECT(ADDRESS(ROW()-1,COLUMN()))+1,0) | B84: Shanghai Fosun Pharma | C84: 2196 | D84: Shanghai Fosun - 4 | E84: 550 | F84: / | G84: 1100 | H84: 20.0291 | I84: 17.2611 | J84: 22.0320 | K84: 61 | L84: =M84-K84 | M84: 188 | N84: 20-Apr-2026 | O84: 18-Jan-2027 | Q84: =E84*L84*X84 | R84: =E84*I84*L84*X84 | T84: =E84*I84*20*X84 | U84: 3.96 | V84: 0 | W84: 21 | X84: 2 | Y84: =X84*V84*E84*I84 | Z84: =X84*W84*E84*I84 | AB84: =MONTH(O84) | AC84: =YEAR(O84) | AD84: =AB84&"-"&AC84&"-"&C84 | AE84: =C84 | AF84: =MATCH(AE84,ALLM!C$2:C$13,)
... A87: =IF(B87<>"",INDIRECT(ADDRESS(ROW()-1,COLUMN()))+1,0) | B87: Tencent | C87: 0700 | D87: Tencent - 39 | E87: 150 | F87: / | G87: 300 | H87: 458.2990 | I87: 412.9274 | J87: 504.1289 | K87: 40 | L87: =M87-K87 | M87: 189 | N87: 21-May-2026 | O87: 22-Feb-2027 | Q87: =E87*L87*X87 | R87: =E87*I87*L87*X87 | T87: =E87*I87*20*X87 | U87: 3.96 | V87: 0 | W87: 23 | X87: 1 | Y87: =X87*V87*E87*I87 | Z87: =X87*W87*E87*I87 | AB87: =MONTH(O87) | AC87: =YEAR(O87) | AD87: =AB87&"-"&AC87&"-"&C87 | AE87: =C87 | AF87: =MATCH(AE87,ALLM!C$2:C$13,)
O89: Sun Hung Kai Account no. 1 Total | Q89: =SUM(Q72:Q88) | R89: =SUM(R72:R88) | T89: =SUM(T72:T88)
R90: HKD | T90: HKD
A91: SUN HUNG KAI Account No. 2
B93: ACCUMULATOR | C93: CODE | E93: SHARES / DAY | H93: SPOT PRICE | I93: STRIKE PRICE | J93: K/O PRICE | K93: LIFE TERM OF CONTRACT | N93: START DATE | O93: END DATE | Q93: Estimated Total Shares Remaining | R93: Estimated Amount | T93: Estimated Amount per month
D94: SHK2 | K94: RCVD DAYS | L94: REM DAYS | M94: Total DAYS
A95: =IF(B95<>"",INDIRECT(ADDRESS(ROW()-1,COLUMN()))+1,0) | B95: HK Exchange | C95: 0388 | D95: HK Exchange - 9 | E95: 200 | F95: / | G95: 400 | H95: 463.9858 | I95: 409.2355 | J95: 487.1851 | K95: 224 | L95: =M95-K95 | M95: 245 | N95: 26-Aug-2025 | O95: 25-Aug-2026 | Q95: =E95*L95*X95 | R95: =E95*I95*L95*X95 | T95: =E95*I95*20*X95 | U95: 3.96 | V95: 0 | W95: 21 | X95: 2 | Y95: =X95*V95*E95*I95 | Z95: =X95*W95*E95*I95 | AB95: =MONTH(O95) | AC95: =YEAR(O95) | AD95: =AB95&"-"&AC95&"-"&C95 | AE95: =C95 | AF95: =MATCH(AE95,ALLM!C$2:C$13,)
A96: =IF(B96<>"",INDIRECT(ADDRESS(ROW()-1,COLUMN()))+1,0) | B96: Shanghai Fosun Pharma | C96: 2196 | D96: Shanghai Fosun Pharma - 5 | E96: 800 | F96: / | G96: 1600 | H96: 27.7387 | I96: 24.6042 | J96: 29.1256 | K96: 201 | L96: =M96-K96 | M96: 245 | N96: 18-Sep-2025 | O96: 17-Sep-2026 | Q96: =E96*L96*X96 | R96: =E96*I96*L96*X96 | T96: =E96*I96*20*X96 | U96: 3.96 | V96: 0 | W96: 21 | X96: 2 | Y96: =X96*V96*E96*I96 | Z96: =X96*W96*E96*I96 | AB96: =MONTH(O96) | AC96: =YEAR(O96) | AD96: =AB96&"-"&AC96&"-"&C96 | AE96: =C96 | AF96: =MATCH(AE96,ALLM!C$2:C$13,)
A97: =IF(B97<>"",INDIRECT(ADDRESS(ROW()-1,COLUMN()))+1,0) | B97: Alibaba | C97: 9988 | D97: Alibaba - 18 | E97: 250 | F97: / | G97: 500 | H97: 184.3000 | I97: 148.0482 | J97: 193.5150 | K97: 180 | L97: =M97-K97 | M97: 245 | N97: 6-Oct-2025 | O97: 5-Oct-2026 | Q97: =E97*L97*X97 | R97: =E97*I97*L97*X97 | T97: =E97*I97*20*X97 | U97: 3.96 | V97: 0 | W97: 21 | X97: 2 | Y97: =X97*V97*E97*I97 | Z97: =X97*W97*E97*I97 | AB97: =MONTH(O97) | AC97: =YEAR(O97) | AD97: =AB97&"-"&AC97&"-"&C97 | AE97: =C97 | AF97: =MATCH(AE97,ALLM!C$2:C$13,)
A98: =IF(B98<>"",INDIRECT(ADDRESS(ROW()-1,COLUMN()))+1,0) | B98: Alibaba | C98: 9988 | D98: Alibaba - 19 | E98: 250 | F98: / | G98: 500 | H98: 180.4414 | I98: 151.4445 | J98: 189.4635 | K98: 180 | L98: =M98-K98 | M98: 245 | N98: 8-Oct-2025 | O98: 6-Oct-2026 | Q98: =E98*L98*X98 | R98: =E98*I98*L98*X98 | T98: =E98*I98*20*X98 | U98: 3.96 | V98: 0 | W98: 23 | X98: 2 | Y98: =X98*V98*E98*I98 | Z98: =X98*W98*E98*I98 | AB98: =MONTH(O98) | AC98: =YEAR(O98) | AD98: =AB98&"-"&AC98&"-"&C98 | AE98: =C98 | AF98: =MATCH(AE98,ALLM!C$2:C$13,)
A99: =IF(B99<>"",INDIRECT(ADDRESS(ROW()-1,COLUMN()))+1,0) | B99: Alibaba | C99: 9988 | D99: Alibaba - 23 | E99: 250 | F99: / | G99: 500 | H99: 177.5000 | I99: 154.5138 | J99: 186.3750 | K99: 181 | L99: =M99-K99 | M99: 246 | N99: 10-Oct-2025 | O99: 9-Oct-2026 | Q99: =E99*L99*X99 | R99: =E99*I99*L99*X99 | T99: =E99*I99*20*X99 | U99: 3.96 | V99: 0 | W99: 22 | X99: 2 | Y99: =X99*V99*E99*I99 | Z99: =X99*W99*E99*I99 | AB99: =MONTH(O99) | AC99: =YEAR(O99) | AD99: =AB99&"-"&AC99&"-"&C99 | AE99: =C99 | AF99: =MATCH(AE99,ALLM!C$2:C$13,)
A100: =IF(B100<>"",INDIRECT(ADDRESS(ROW()-1,COLUMN()))+1,0) | B100: Kuaishou Tech | C100: 1024 | D100: Kuaishou Tech - 4 | E100: 2000 | F100: / | G100: 4000 | H100: 84.8623 | I100: 69.8671 | J100: 89.1054 | K100: 181 | L100: =M100-K100 | M100: 246 | N100: 13-Oct-2025 | O100: 12-Oct-2026 | Q100: =E100*L100*X100 | R100: =E100*I100*L100*X100 | T100: =E100*I100*20*X100 | U100: 3.96 | V100: 0 | W100: 21 | X100: 2 | Y100: =X100*V100*E100*I100 | Z100: =X100*W100*E100*I100 | AB100: =MONTH(O100) | AC100: =YEAR(O100) | AD100: =AB100&"-"&AC100&"-"&C100 | AE100: =C100 | AF100: =MATCH(AE100,ALLM!C$2:C$13,)
A101: =IF(B101<>"",INDIRECT(ADDRESS(ROW()-1,COLUMN()))+1,0) | B101: Tencent | C101: 0700 | D101: Tencent - 26 | E101: 150 | F101: / | G101: 300 | H101: 625.5000 | I101: 582.0903 | J101: 644.2650 | K101: 161 | L101: =M101-K101 | M101: 182 | N101: 25-Nov-2025 | O101: 24-Aug-2026 | Q101: =E101*L101*X101 | R101: =E101*I101*L101*X101 | T101: =E101*I101*20*X101 | U101: 3.96 | V101: 0 | W101: 21 | X101: 2 | Y101: =X101*V101*E101*I101 | Z101: =X101*W101*E101*I101 | AB101: =MONTH(O101) | AC101: =YEAR(O101) | AD101: =AB101&"-"&AC101&"-"&C101 | AE101: =C101 | AF101: =MATCH(AE101,ALLM!C$2:C$13,)
A102: =IF(B102<>"",INDIRECT(ADDRESS(ROW()-1,COLUMN()))+1,0) | B102: Baidu Inc A | C102: 9888 | D102: Baidu Inc A - 1 | E102: 150 | F102: / | G102: 300 | H102: 155.5000 | I102: 122.3008 | J102: 163.2750 | K102: 120 | L102: =M102-K102 | M102: 301 | N102: 29-Jan-2026 | O102: 21-Apr-2027 | Q102: =E102*L102*X102 | R102: =E102*I102*L102*X102 | T102: =E102*I102*20*X102 | U102: 3.96 | V102: 0 | W102: 20 | X102: 2 | Y102: =X102*V102*E102*I102 | Z102: =X102*W102*E102*I102 | AB102: =MONTH(O102) | AC102: =YEAR(O102) | AD102: =AB102&"-"&AC102&"-"&C102 | AE102: =C102 | AF102: =MATCH(AE102,ALLM!C$2:C$13,)
A103: =IF(B103<>"",INDIRECT(ADDRESS(ROW()-1,COLUMN()))+1,0) | B103: China Molybdenum | C103: 3993 | D103: China Molybdenum - 29 | E103: 3500 | F103: / | G103: 7000 | H103: 23.6340 | I103: 18.8741 | J103: 25.9974 | K103: 119 | L103: =M103-K103 | M103: 247 | N103: 30-Jan-2026 | O103: 29-Jan-2027 | Q103: =E103*L103*X103 | R103: =E103*I103*L103*X103 | T103: =E103*I103*20*X103 | U103: 3.96 | V103: 0 | W103: 0 | X103: 2 | Y103: =X103*V103*E103*I103 | Z103: =X103*W103*E103*I103 | AB103: =MONTH(O103) | AC103: =YEAR(O103) | AD103: =AB103&"-"&AC103&"-"&C103 | AE103: =C103 | AF103: =MATCH(AE103,ALLM!C$2:C$13,)
A104: =IF(B104<>"",INDIRECT(ADDRESS(ROW()-1,COLUMN()))+1,0) | B104: Tencent | C104: 0700 | D104: Tencent - 27 | E104: 150 | F104: / | G104: 300 | H104: 599.5000 | I104: 546.7440 | J104: 629.4750 | K104: 98 | L104: =M104-K104 | M104: 183 | N104: 3-Feb-2026 | O104: 2-Nov-2026 | Q104: =E104*L104*X104 | R104: =E104*I104*L104*X104 | T104: =E104*I104*20*X104 | U104: 3.96 | V104: 0 | W104: 22 | X104: 2 | Y104: =X104*V104*E104*I104 | Z104: =X104*W104*E104*I104 | AB104: =MONTH(O104) | AC104: =YEAR(O104) | AD104: =AB104&"-"&AC104&"-"&C104 | AE104: =C104 | AF104: =MATCH(AE104,ALLM!C$2:C$13,)
A105: =IF(B105<>"",INDIRECT(ADDRESS(ROW()-1,COLUMN()))+1,0) | B105: Alibaba | C105: 9988 | D105: Alibaba - 24 | E105: 200 | F105: / | G105: 400 | H105: 133.3000 | I105: 114.0382 | J105: 153.2950 | K105: 81 | L105: =M105-K105 | M105: 188 | N105: 11-Mar-2026 | O105: 10-Dec-2026 | Q105: =E105*L105*X105 | R105: =E105*I105*L105*X105 | T105: =E105*I105*20*X105 | U105: 3.96 | V105: 0 | W105: 21 | X105: 2 | Y105: =X105*V105*E105*I105 | Z105: =X105*W105*E105*I105 | AB105: =MONTH(O105) | AC105: =YEAR(O105) | AD105: =AB105&"-"&AC105&"-"&C105 | AE105: =C105 | AF105: =MATCH(AE105,ALLM!C$2:C$13,)
A106: =IF(B106<>"",INDIRECT(ADDRESS(ROW()-1,COLUMN()))+1,0) | B106: Geely Motor | C106: 0175 | D106: Geely Motor - 11 | E106: 2000 | F106: / | G106: 4000 | H106: 25.0106 | I106: 20.5612 | J106: 26.2611 | K106: 61 | L106: =M106-K106 | M106: 248 | N106: 14-Apr-2026 | O106: 13-Apr-2027 | Q106: =E106*L106*X106 | R106: =E106*I106*L106*X106 | T106: =E106*I106*20*X106 | U106: 3.96 | V106: 0 | W106: 23 | X106: 2 | Y106: =X106*V106*E106*I106 | Z106: =X106*W106*E106*I106 | AB106: =MONTH(O106) | AC106: =YEAR(O106) | AD106: =AB106&"-"&AC106&"-"&C106 | AE106: =C106 | AF106: =MATCH(AE106,ALLM!C$2:C$13,)
... A114: =IF(B114<>"",INDIRECT(ADDRESS(ROW()-1,COLUMN()))+1,0) | B114: Golden Eagle | C114: 3308 | D114: Golden Eagle - 1 | E114: 50 | F114: / | G114: 100 | H114: 1,066.7200 | I114: 697.8482 | J114: 1,173.3920 | K114: 0 | L114: =M114-K114 | M114: 249 | N114: 3-Aug-2026 | O114: 2-Aug-2027 | Q114: =E114*L114*X114 | R114: =E114*I114*L114*X114 | T114: =E114*I114*20*X114 | U114: 3.96 | V114: 0 | W114: 0 | X114: 1 | Y114: =X114*V114*E114*I114 | Z114: =X114*W114*E114*I114 | AB114: =MONTH(O114) | AC114: =YEAR(O114) | AD114: =AB114&"-"&AC114&"-"&C114 | AE114: =C114 | AF114: =MATCH(AE114,ALLM!C$2:C$13,)
O116: Sun Hung Kai Account no. 2 Total | Q116: =SUM(Q94:Q115) | R116: =SUM(R94:R115) | T116: =SUM(T94:T115)
R117: HKD | T117: HKD
A118: MORGAN STANLEY (Titan Account 2)
B120: ACCUMULATOR | C120: CODE | E120: SHARES / DAY | H120: SPOT PRICE | I120: STRIKE PRICE | J120: K/O PRICE | K120: LIFE TERM OF CONTRACT | N120: START DATE | O120: END DATE | Q120: Estimated Total Shares Remaining | R120: Estimated Amount | T120: Estimated Amount per month
D121: MST2 | K121: RCVD DAYS | L121: REM DAYS | M121: Total DAYS
A122: =IF(B122<>"",INDIRECT(ADDRESS(ROW()-1,COLUMN()))+1,0) | Q122: =E122*L122*X122 | R122: =E122*I122*L122*X122 | T122: =E122*I122*20*X122 | U122: 3.72 | V122: 0 | W122: 21 | X122: 1 | Y122: =X122*V122*E122*I122 | Z122: =X122*W122*E122*I122 | AB122: =MONTH(O122) | AC122: =YEAR(O122) | AD122: =AB122&"-"&AC122&"-"&C122 | AE122: =C122 | AF122: =MATCH(AE122,ALLM!C$2:C$13,)
O124: MORGAN STANLEY (Titan Account 2) Total | Q124: =SUM(Q121:Q123) | R124: =SUM(R121:R123) | T124: =SUM(T121:T123)
Q125: Shares | R125: HKD | T125: HKD
A127: Bank of Singapore
B128: ACCUMULATOR | C128: CODE | E128: SHARES / DAY | H128: SPOT PRICE | I128: STRIKE PRICE | J128: K/O PRICE | K128: LIFE TERM OF CONTRACT | N128: START DATE | O128: END DATE | Q128: Estimated Shares to sell | R128: Estimated Amount | T128: Estimated Amount per month
D129: BOS | K129: RCVD DAYS | L129: REM DAYS | M129: Total DAYS
A130: =IF(B130<>"",INDIRECT(ADDRESS(ROW()-1,COLUMN()))+1,0) | Q130: =E130*L130*X130 | R130: =E130*I130*L130*X130 | T130: =E130*I130*20*X130 | U130: 236.2 | V130: 21 | W130: 21 | X130: 1 | Y130: =X130*V130*E130*I130 | Z130: =X130*W130*E130*I130 | AB130: =MONTH(O130) | AC130: =YEAR(O130) | AD130: =AB130&"-"&AC130&"-"&C130 | AE130: =C130 | AF130: =MATCH(AE130,ALLM!C$2:C$13,)
O132: BANK OF SINGAPORE Total | Q132: =SUM(Q129:Q131) | R132: =SUM(R129:R131) | T132: =SUM(T129:T131)
Q134: Shares | R134: HKD | T134: HKD
O136: Grand Total (Personal) | P136: =SUM(R9,R54,R67,) | Q136: =SUM(Q9,Q18,Q54,Q67,Q36,Q124,Q132,Q116,Q26,Q89) | R136: =SUM(R9,R18,R54,R67,R36,R124,R132,R116,R26,R89) | S136: =SUM(U9,U54,U67,) | T136: =SUM(T9,T18,T54,T67,T36,T124,T132,T116,T26,T89)
R138: =R136/7.75 | T138: =T136/7.75
...

Sheet DECU
A1: =SUM(,A16,A114,A149,A35,A121,A7,A134,A51,A84,A142,A26,A106,A65) | B1: =ACCU!B1 | I1: DECUMULATOR | N1: For the Whole Structure
A3: CITIBANK Account No. 1 | K3: 1 month = 20 days
I4: `
B5: DECUMULATOR | C5: CODE | E5: SHARES / DAY | H5: SPOT PRICE | I5: STRIKE PRICE | J5: K/O PRICE | K5: LIFE TERM OF CONTRACT | N5: START DATE | O5: END DATE | Q5: Estimated Shares to sell | R5: Estimated Amount | T5: Estimated Amount per month | Y5: july | Z5: aug | AH5: =SUM(AH8:AH1048576) | AI5: =SUM(AI8:AI1048576)
D6: CB1 | K6: RCVD mos. | L6: REM mos. | M6: Total mos. | U6: Closing | V6: Current | W6: Next | X6: sd | Y6: hkd | Z6: hkd | AH6: Double | AI6: Single
A7: =IF(B7<>"",INDIRECT(ADDRESS(ROW()-1,COLUMN()))+1,0) | Q7: =E7*L7*20*X7 | R7: =E7*I7*L7*20*X7 | T7: =E7*I7*20*X7 | V7: 0 | W7: 42 | X7: 1 | AB7: =MONTH(O7) | AC7: =YEAR(O7) | AD7: =AB7&"-"&AC7&"-"&C7 | AE7: =C7 | AF7: =MATCH(AE7,ALLM!$C$34:$C$43,) | AH7: =IF(C7="2333",IF(X7=2,1,0),0) | AI7: =IF(C7="2333",IF(X7=1,1,0),0)
O9: Total | Q9: =SUM(Q6:Q8) | R9: =SUM(R6:R8) | T9: =SUM(T6:T8)
Q10: Shares | R10: HKD | T10: HKD
A12: CITIBANK Account No. 2 | K12: 1 month = 20 days
B14: DECUMULATOR | C14: CODE | E14: SHARES / DAY | H14: SPOT PRICE | I14: STRIKE PRICE | J14: K/O PRICE | K14: LIFE TERM OF CONTRACT | N14: START DATE | O14: END DATE | Q14: Estimated Shares to sell | R14: Estimated Amount | T14: Estimated Amount per month | Y14: july | Z14: aug
D15: CB2 | K15: RCVD mos. | L15: REM mos. | M15: Total mos. | Y15: hkd | Z15: hkd
A16: =IF(B16<>"",INDIRECT(ADDRESS(ROW()-1,COLUMN()))+1,0) | Q16: =E16*L16*20*X16 | R16: =E16*I16*L16*20*X16 | T16: =E16*I16*20*X16 | U16: 12.18 | V16: 0 | W16: 42 | X16: 1 | Y16: =X16*V16*E16*I16 | Z16: =X16*W16*E16*I16 | AB16: =MONTH(O16) | AC16: =YEAR(O16) | AD16: =AB16&"-"&AC16&"-"&C16 | AE16: =C16 | AF16: =MATCH(AE16,ALLM!$C$34:$C$43,) | AH16: =IF(C16="2333",IF(X16=2,1,0),0) | AI16: =IF(C16="2333",IF(X16=1,1,0),0)
O18: Total | Q18: =SUM(Q15:Q17) | R18: =SUM(R15:R17) | T18: =SUM(T15:T17)
Q19: Shares | R19: HKD | T19: HKD
A22: CITIBANK Singapore - Account No. 1
B24: DECUMULATOR | C24: CODE | E24: SHARES / DAY | H24: SPOT PRICE | I24: STRIKE PRICE | J24: K/O PRICE | K24: LIFE TERM OF CONTRACT | N24: START DATE | O24: END DATE | Q24: Estimated Shares to sell | R24: Estimated Amount | T24: Estimated Amount per month | Y24: july | Z24: aug
D25: CBSG | K25: RCVD mos. | L25: REM mos. | M25: Total mos. | Y25: hkd | Z25: hkd
A26: =IF(B26<>"",INDIRECT(ADDRESS(ROW()-1,COLUMN()))+1,0) | Q26: =E26*L26*20*X26 | R26: =E26*I26*L26*20*X26 | T26: =E26*I26*20*X26 | U26: 12.18 | V26: 0 | W26: 42 | X26: 1 | Y26: =X26*V26*E26*I26 | Z26: =X26*W26*E26*I26 | AB26: =MONTH(O26) | AC26: =YEAR(O26) | AD26: =AB26&"-"&AC26&"-"&C26 | AE26: =C26 | AF26: =MATCH(AE26,ALLM!$C$34:$C$43,) | AH26: =IF(C26="2333",IF(X26=2,1,0),0) | AI26: =IF(C26="2333",IF(X26=1,1,0),0)
O28: Total | Q28: =SUM(Q25:Q27) | R28: =SUM(R25:R27) | T28: =SUM(T25:T27)
Q29: Shares | R29: HKD | T29: HKD
A31: CITIBANK Berry Hill | K31: 1 month = 20 days
B33: DECUMULATOR | C33: CODE | E33: SHARES / DAY | H33: SPOT PRICE | I33: STRIKE PRICE | J33: K/O PRICE | K33: LIFE TERM OF CONTRACT | N33: START DATE | O33: END DATE | Q33: Estimated Shares to sell | R33: Estimated Amount | T33: Estimated Amount per month | Y33: july | Z33: aug
D34: CBBH | K34: RCVD mos. | L34: REM mos. | M34: Total mos. | Y34: hkd | Z34: hkd
A35: =IF(B35<>"",INDIRECT(ADDRESS(ROW()-1,COLUMN()))+1,0) | H35: 5.0200 | I35: 6.2710 | J35: 4.7690 | K35: 12 | L35: =M35-K35 | M35: 12 | N35: 15-Apr-2020 | O35: 14-Apr-2021 | Q35: =E35*L35*X35 | R35: =E35*I35*L35*X35 | T35: =E35*I35*20*X35 | U35: 25.7 | V35: 0 | W35: 0 | X35: 2 | Y35: =X35*V35*E35*I35 | Z35: =X35*W35*E35*I35 | AB35: =MONTH(O35) | AC35: =YEAR(O35) | AD35: =AB35&"-"&AC35&"-"&C35 | AE35: =C35 | AF35: =MATCH(AE35,ALLM!$C$34:$C$43,) | AH35: =IF(C35="2333",IF(X35=2,1,0),0) | AI35: =IF(C35="2333",IF(X35=1,1,0),0)
O37: Total | Q37: =SUM(Q34:Q36) | R37: =SUM(R34:R36) | T37: =SUM(T34:T36)
Q38: Shares | R38: HKD | T38: HKD
O42: TOTAL CITIBANK | R42: =SUM(R18,R37,R9,R28) | T42: =SUM(T9,T37,T18,T28)
R43: HKD | T43: HKD
A45: DEUTSCHE BANK (Personal)
B47: DECUMULATOR | C47: CODE | E47: SHARES / DAY | H47: SPOT PRICE | I47: STRIKE PRICE | J47: K/O PRICE | K47: LIFE TERM OF CONTRACT | N47: START DATE | O47: END DATE | Q47: Estimated Shares to sell | R47: Estimated Amount | T47: Estimated Amount per month | Y47: july | Z47: aug
D48: DBPe | K48: RCVD DAYS | L48: REM DAYS | M48: Total DAYS | Y48: hkd | Z48: hkd
A49: =IF(B49<>"",INDIRECT(ADDRESS(ROW()-1,COLUMN()))+1,0) | B49: HK Exchange | C49: 0388 | D49: HK Exchange - 11 | E49: 53 | F49: / | G49: 106 | H49: 377.0000 | I49: 428.4605 | J49: 358.1500 | K49: 10 | L49: =M49-K49 | M49: 248 | N49: 7-Jul-2026 | O49: 5-Jul-2027 | Q49: =E49*L49*X49 | R49: =E49*I49*L49*X49 | T49: =E49*I49*20*X49 | U49: 3.08 | V49: 0 | W49: 20 | X49: 1 | Y49: =X49*V49*E49*I49 | Z49: =X49*W49*E49*I49 | AB49: =MONTH(O49) | AC49: =YEAR(O49) | AD49: =AB49&"-"&AC49&"-"&C49 | AE49: =C49 | AF49: =MATCH(AE49,ALLM!$C$34:$C$43,) | AH49: =IF(C49="2333",IF(X49=2,1,0),0) | AI49: =IF(C49="2333",IF(X49=1,1,0),0)
A50: =IF(B50<>"",INDIRECT(ADDRESS(ROW()-1,COLUMN()))+1,0) | B50: Kuaishou Tech | C50: 1024 | D50: Kuaishou Tech - 12 | E50: 140 | F50: / | G50: 280 | H50: 41.8200 | I50: 61.0321 | J50: 39.7290 | K50: 10 | L50: =M50-K50 | M50: 248 | N50: 9-Jul-2026 | O50: 7-Jul-2027 | Q50: =E50*L50*X50 | R50: =E50*I50*L50*X50 | T50: =E50*I50*20*X50 | U50: 3.08 | V50: 0 | W50: 20 | X50: 1 | Y50: =X50*V50*E50*I50 | Z50: =X50*W50*E50*I50 | AB50: =MONTH(O50) | AC50: =YEAR(O50) | AD50: =AB50&"-"&AC50&"-"&C50 | AE50: =C50 | AF50: =MATCH(AE50,ALLM!$C$34:$C$43,) | AH50: =IF(C50="2333",IF(X50=2,1,0),0) | AI50: =IF(C50="2333",IF(X50=1,1,0),0)
A51: =IF(B51<>"",INDIRECT(ADDRESS(ROW()-1,COLUMN()))+1,0) | B51: Alibaba | C51: 9988 | D51: Alibaba - 13 | E51: 150 | F51: / | G51: 300 | H51: 111.2000 | I51: 150.9540 | J51: 105.6400 | K51: 10 | L51: =M51-K51 | M51: 248 | N51: 14-Jul-2026 | O51: 12-Jul-2027 | Q51: =E51*L51*X51 | R51: =E51*I51*L51*X51 | T51: =E51*I51*20*X51 | U51: 3.08 | V51: 0 | W51: 20 | X51: 1 | Y51: =X51*V51*E51*I51 | Z51: =X51*W51*E51*I51 | AB51: =MONTH(O51) | AC51: =YEAR(O51) | AD51: =AB51&"-"&AC51&"-"&C51 | AE51: =C51 | AF51: =MATCH(AE51,ALLM!$C$34:$C$43,) | AH51: =IF(C51="2333",IF(X51=2,1,0),0) | AI51: =IF(C51="2333",IF(X51=1,1,0),0)
O53: Total | Q53: =SUM(Q48:Q52) | R53: =SUM(R48:R52) | T53: =SUM(T48:T52)
Q54: Shares | R54: HKD | T54: HKD
A57: NOMURA SINGAPORE
B59: DECUMULATOR | C59: CODE | E59: SHARES / DAY | H59: SPOT PRICE | I59: STRIKE PRICE | J59: K/O PRICE | K59: LIFE TERM OF CONTRACT | N59: START DATE | O59: END DATE | Q59: Estimated Shares to sell | R59: Estimated Amount | T59: Estimated Amount per month | Y59: july | Z59: aug
D60: NSG | K60: RCVD DAYS | L60: REM DAYS | M60: Total DAYS | Y60: hkd | Z60: hkd
A61: =IF(B61<>"",INDIRECT(ADDRESS(ROW()-1,COLUMN()))+1,0) | B61: China Molybdenum | C61: 3993 | D61: China Molybdenum - 4 | E61: 799 | F61: / | G61: 1598 | H61: 15.3388 | I61: 21.2764 | J61: 14.5719 | K61: 20 | L61: =M61-K61 | M61: 249 | N61: 29-Jun-2026 | O61: 28-Jun-2027 | Q61: =E61*L61*X61 | R61: =E61*I61*L61*X61 | T61: =E61*I61*20*X61 | U61: 25.7 | V61: 0 | W61: 22 | X61: 1 | Y61: =X61*V61*E61*I61 | Z61: =X61*W61*E61*I61 | AB61: =MONTH(O61) | AC61: =YEAR(O61) | AD61: =AB61&"-"&AC61&"-"&C61 | AE61: =C61 | AF61: =MATCH(AE61,ALLM!$C$34:$C$43,) | AH61: =IF(C61="2333",IF(X61=2,1,0),0) | AI61: =IF(C61="2333",IF(X61=1,1,0),0)
A62: =IF(B62<>"",INDIRECT(ADDRESS(ROW()-1,COLUMN()))+1,0) | B62: HK Exchange | C62: 0388 | D62: HK Exchange - 4 | E62: 74 | F62: / | G62: 148 | H62: 373.9457 | I62: 428.8783 | J62: 355.2484 | K62: 0 | L62: =M62-K62 | M62: 249 | N62: 6-Jul-2026 | O62: 5-Jul-2027 | Q62: =E62*L62*X62 | R62: =E62*I62*L62*X62 | T62: =E62*I62*20*X62 | U62: 25.7 | V62: 0 | W62: 21 | X62: 1 | Y62: =X62*V62*E62*I62 | Z62: =X62*W62*E62*I62 | AB62: =MONTH(O62) | AC62: =YEAR(O62) | AD62: =AB62&"-"&AC62&"-"&C62 | AE62: =C62 | AF62: =MATCH(AE62,ALLM!$C$34:$C$43,) | AH62: =IF(C62="2333",IF(X62=2,1,0),0) | AI62: =IF(C62="2333",IF(X62=1,1,0),0)
A63: =IF(B63<>"",INDIRECT(ADDRESS(ROW()-1,COLUMN()))+1,0) | B63: Kuaishou Tech | C63: 1024 | D63: Kuaishou Tech - 9 | E63: 260 | F63: / | G63: 520 | H63: 43.2400 | I63: 63.6017 | J63: 41.0780 | K63: 0 | L63: =M63-K63 | M63: 249 | N63: 9-Jul-2026 | O63: 8-Jul-2027 | Q63: =E63*L63*X63 | R63: =E63*I63*L63*X63 | T63: =E63*I63*20*X63 | U63: 25.7 | V63: 0 | W63: 23 | X63: 1 | Y63: =X63*V63*E63*I63 | Z63: =X63*W63*E63*I63 | AB63: =MONTH(O63) | AC63: =YEAR(O63) | AD63: =AB63&"-"&AC63&"-"&C63 | AE63: =C63 | AF63: =MATCH(AE63,ALLM!$C$34:$C$43,) | AH63: =IF(C63="2333",IF(X63=2,1,0),0) | AI63: =IF(C63="2333",IF(X63=1,1,0),0)
A64: =IF(B64<>"",INDIRECT(ADDRESS(ROW()-1,COLUMN()))+1,0) | B64: China Molybdenum | C64: 3993 | D64: China Molybdenum - 5 | E64: 410 | F64: / | G64: 820 | H64: 15.1200 | I64: 22.3610 | J64: 14.3640 | K64: 0 | L64: =M64-K64 | M64: 249 | N64: 9-Jul-2026 | O64: 8-Jul-2027 | Q64: =E64*L64*X64 | R64: =E64*I64*L64*X64 | T64: =E64*I64*20*X64 | U64: 25.7 | V64: 0 | W64: 23 | X64: 1 | Y64: =X64*V64*E64*I64 | Z64: =X64*W64*E64*I64 | AB64: =MONTH(O64) | AC64: =YEAR(O64) | AD64: =AB64&"-"&AC64&"-"&C64 | AE64: =C64 | AF64: =MATCH(AE64,ALLM!$C$34:$C$43,) | AH64: =IF(C64="2333",IF(X64=2,1,0),0) | AI64: =IF(C64="2333",IF(X64=1,1,0),0)
A65: =IF(B65<>"",INDIRECT(ADDRESS(ROW()-1,COLUMN()))+1,0) | B65: Alibaba | C65: 9988 | D65: Alibaba - 4 | E65: 150 | F65: / | G65: 300 | H65: 111.2000 | I65: 151.7880 | J65: 105.6400 | K65: 0 | L65: =M65-K65 | M65: 249 | N65: 14-Jul-2026 | O65: 13-Jul-2027 | Q65: =E65*L65*X65 | R65: =E65*I65*L65*X65 | T65: =E65*I65*20*X65 | U65: 25.7 | V65: 0 | W65: 23 | X65: 1 | Y65: =X65*V65*E65*I65 | Z65: =X65*W65*E65*I65 | AB65: =MONTH(O65) | AC65: =YEAR(O65) | AD65: =AB65&"-"&AC65&"-"&C65 | AE65: =C65 | AF65: =MATCH(AE65,ALLM!$C$34:$C$43,) | AH65: =IF(C65="2333",IF(X65=2,1,0),0) | AI65: =IF(C65="2333",IF(X65=1,1,0),0)
O67: Total | Q67: =SUM(Q60:Q66) | R67: =SUM(R60:R66) | T67: =SUM(T60:T66)
Q68: Shares | R68: HKD | T68: HKD
A70: SUN HUNG KAI Account No. 1
B71: DECUMULATOR | C71: CODE | E71: SHARES / DAY | H71: SPOT PRICE | I71: STRIKE PRICE | J71: K/O PRICE | K71: LIFE TERM OF CONTRACT | N71: START DATE | O71: END DATE | Q71: Estimated Shares to sell | R71: Estimated Amount | T71: Estimated Amount per month | Y71: july | Z71: aug
D72: SHK | K72: RCVD DAYS | L72: REM DAYS | M72: Total DAYS | Y72: hkd | Z72: hkd
A73: =IF(B73<>"",INDIRECT(ADDRESS(ROW()-1,COLUMN()))+1,0) | B73: HK Exchange | C73: 0388 | D73: HK Exchange - 38 | E73: 200 | F73: / | G73: 400 | H73: 381.4000 | I73: 441.0891 | J73: 354.7020 | K73: 81 | L73: =M73-K73 | M73: 246 | N73: 31-Mar-2026 | O73: 30-Mar-2027 | Q73: =E73*L73*X73 | R73: =E73*I73*L73*X73 | T73: =E73*I73*20*X73 | U73: 25.7 | V73: 0 | W73: 0 | X73: 1 | Y73: =X73*V73*E73*I73 | Z73: =X73*W73*E73*I73 | AB73: =MONTH(O73) | AC73: =YEAR(O73) | AD73: =AB73&"-"&AC73&"-"&C73 | AE73: =C73 | AF73: =MATCH(AE73,ALLM!$C$34:$C$43,) | AH73: =IF(C73="2333",IF(X73=2,1,0),0) | AI73: =IF(C73="2333",IF(X73=1,1,0),0)
A74: =IF(B74<>"",INDIRECT(ADDRESS(ROW()-1,COLUMN()))+1,0) | B74: Geely Motor | C74: 0175 | D74: Geely Motor - 13 | E74: 750 | F74: / | G74: 1500 | H74: 17.6900 | I74: 22.7564 | J74: 16.8055 | K74: 21 | L74: =M74-K74 | M74: 249 | N74: 24-Jun-2026 | O74: 23-Jun-2027 | Q74: =E74*L74*X74 | R74: =E74*I74*L74*X74 | T74: =E74*I74*20*X74 | U74: 25.7 | V74: 0 | W74: 22 | X74: 1 | Y74: =X74*V74*E74*I74 | Z74: =X74*W74*E74*I74 | AB74: =MONTH(O74) | AC74: =YEAR(O74) | AD74: =AB74&"-"&AC74&"-"&C74 | AE74: =C74 | AF74: =MATCH(AE74,ALLM!$C$34:$C$43,) | AH74: =IF(C74="2333",IF(X74=2,1,0),0) | AI74: =IF(C74="2333",IF(X74=1,1,0),0)
A75: =IF(B75<>"",INDIRECT(ADDRESS(ROW()-1,COLUMN()))+1,0) | B75: Geely Motor | C75: 0175 | D75: Geely Motor - 14 | E75: 770 | F75: / | G75: 1540 | H75: 17.0600 | I75: 21.8368 | J75: 15.8658 | K75: 21 | L75: =M75-K75 | M75: 249 | N75: 30-Jun-2026 | O75: 29-Jun-2027 | Q75: =E75*L75*X75 | R75: =E75*I75*L75*X75 | T75: =E75*I75*20*X75 | U75: 25.7 | V75: 0 | W75: 0 | X75: 1 | Y75: =X75*V75*E75*I75 | Z75: =X75*W75*E75*I75 | AB75: =MONTH(O75) | AC75: =YEAR(O75) | AD75: =AB75&"-"&AC75&"-"&C75 | AE75: =C75 | AF75: =MATCH(AE75,ALLM!$C$34:$C$43,) | AH75: =IF(C75="2333",IF(X75=2,1,0),0) | AI75: =IF(C75="2333",IF(X75=1,1,0),0)
A76: =IF(B76<>"",INDIRECT(ADDRESS(ROW()-1,COLUMN()))+1,0) | B76: HK Exchange | C76: 0388 | D76: HK Exchange - 41 | E76: 120 | F76: / | G76: 240 | H76: 374.7294 | I76: 430.0020 | J76: 355.9929 | K76: 0 | L76: =M76-K76 | M76: 249 | N76: 6-Jul-2026 | O76: 5-Jul-2027 | Q76: =E76*L76*X76 | R76: =E76*I76*L76*X76 | T76: =E76*I76*20*X76 | U76: 25.7 | V76: 0 | W76: 21 | X76: 1 | Y76: =X76*V76*E76*I76 | Z76: =X76*W76*E76*I76 | AB76: =MONTH(O76) | AC76: =YEAR(O76) | AD76: =AB76&"-"&AC76&"-"&C76 | AE76: =C76 | AF76: =MATCH(AE76,ALLM!$C$34:$C$43,) | AH76: =IF(C76="2333",IF(X76=2,1,0),0) | AI76: =IF(C76="2333",IF(X76=1,1,0),0)
A77: =IF(B77<>"",INDIRECT(ADDRESS(ROW()-1,COLUMN()))+1,0) | B77: Kuaishou Tech | C77: 1024 | D77: Kuaishou Tech - 47 | E77: 700 | F77: / | G77: 1400 | H77: 42.0945 | I77: 61.5001 | J77: 39.9898 | K77: 0 | L77: =M77-K77 | M77: 249 | N77: 9-Jul-2026 | O77: 8-Jul-2027 | Q77: =E77*L77*X77 | R77: =E77*I77*L77*X77 | T77: =E77*I77*20*X77 | U77: 25.7 | V77: 0 | W77: 23 | X77: 1 | Y77: =X77*V77*E77*I77 | Z77: =X77*W77*E77*I77 | AB77: =MONTH(O77) | AC77: =YEAR(O77) | AD77: =AB77&"-"&AC77&"-"&C77 | AE77: =C77 | AF77: =MATCH(AE77,ALLM!$C$34:$C$43,) | AH77: =IF(C77="2333",IF(X77=2,1,0),0) | AI77: =IF(C77="2333",IF(X77=1,1,0),0)
A78: =IF(B78<>"",INDIRECT(ADDRESS(ROW()-1,COLUMN()))+1,0) | B78: Alibaba | C78: 9988 | D78: Alibaba - 33 | E78: 300 | F78: / | G78: 600 | H78: 103.6000 | I78: 140.8649 | J78: 98.4200 | K78: 0 | L78: =M78-K78 | M78: 249 | N78: 9-Jul-2026 | O78: 8-Jul-2027 | Q78: =E78*L78*X78 | R78: =E78*I78*L78*X78 | T78: =E78*I78*20*X78 | U78: 25.7 | V78: 0 | W78: 23 | X78: 1 | Y78: =X78*V78*E78*I78 | Z78: =X78*W78*E78*I78 | AB78: =MONTH(O78) | AC78: =YEAR(O78) | AD78: =AB78&"-"&AC78&"-"&C78 | AE78: =C78 | AF78: =MATCH(AE78,ALLM!$C$34:$C$43,) | AH78: =IF(C78="2333",IF(X78=2,1,0),0) | AI78: =IF(C78="2333",IF(X78=1,1,0),0)
A79: =IF(B79<>"",INDIRECT(ADDRESS(ROW()-1,COLUMN()))+1,0) | B79: Shanghai Fosun Pharma | C79: 2196 | D79: Shanghai Fosun - 16 | E79: 600 | F79: / | G79: 1200 | H79: 16.1583 | I79: 19.4853 | J79: 15.3504 | K79: 0 | L79: =M79-K79 | M79: 249 | N79: 14-Jul-2026 | O79: 13-Jul-2027 | Q79: =E79*L79*X79 | R79: =E79*I79*L79*X79 | T79: =E79*I79*20*X79 | U79: 25.7 | V79: 0 | W79: 23 | X79: 1 | Y79: =X79*V79*E79*I79 | Z79: =X79*W79*E79*I79 | AB79: =MONTH(O79) | AC79: =YEAR(O79) | AD79: =AB79&"-"&AC79&"-"&C79 | AE79: =C79 | AF79: =MATCH(AE79,ALLM!$C$34:$C$43,) | AH79: =IF(C79="2333",IF(X79=2,1,0),0) | AI79: =IF(C79="2333",IF(X79=1,1,0),0)
A80: =IF(B80<>"",INDIRECT(ADDRESS(ROW()-1,COLUMN()))+1,0) | B80: China Molybdenum | C80: 3993 | D80: China Molybdenum - 66 | E80: 450 | F80: / | G80: 900 | H80: 14.8184 | I80: 21.5978 | J80: 14.0775 | K80: 0 | L80: =M80-K80 | M80: 249 | N80: 14-Jul-2026 | O80: 13-Jul-2027 | Q80: =E80*L80*X80 | R80: =E80*I80*L80*X80 | T80: =E80*I80*20*X80 | U80: 25.7 | V80: 0 | W80: 23 | X80: 1 | Y80: =X80*V80*E80*I80 | Z80: =X80*W80*E80*I80 | AB80: =MONTH(O80) | AC80: =YEAR(O80) | AD80: =AB80&"-"&AC80&"-"&C80 | AE80: =C80 | AF80: =MATCH(AE80,ALLM!$C$34:$C$43,) | AH80: =IF(C80="2333",IF(X80=2,1,0),0) | AI80: =IF(C80="2333",IF(X80=1,1,0),0)
A81: =IF(B81<>"",INDIRECT(ADDRESS(ROW()-1,COLUMN()))+1,0) | B81: China Molybdenum | C81: 3993 | D81: China Molybdenum - 67 | E81: 900 | F81: / | G81: 1800 | H81: 15.8582 | I81: 23.3195 | J81: 14.7481 | K81: 0 | L81: =M81-K81 | M81: 249 | N81: 16-Jul-2026 | O81: 15-Jul-2027 | Q81: =E81*L81*X81 | R81: =E81*I81*L81*X81 | T81: =E81*I81*20*X81 | U81: 25.7 | V81: 0 | W81: 23 | X81: 1 | Y81: =X81*V81*E81*I81 | Z81: =X81*W81*E81*I81 | AB81: =MONTH(O81) | AC81: =YEAR(O81) | AD81: =AB81&"-"&AC81&"-"&C81 | AE81: =C81 | AF81: =MATCH(AE81,ALLM!$C$34:$C$43,) | AH81: =IF(C81="2333",IF(X81=2,1,0),0) | AI81: =IF(C81="2333",IF(X81=1,1,0),0)
A82: =IF(B82<>"",INDIRECT(ADDRESS(ROW()-1,COLUMN()))+1,0) | B82: Kuaishou Tech | C82: 1024 | D82: Kuaishou Tech - 48 | E82: 200 | F82: / | G82: 400 | H82: 45.2200 | I82: 64.6646 | J82: 42.0546 | K82: 0 | L82: =M82-K82 | M82: 249 | N82: 16-Jul-2026 | O82: 15-Jul-2027 | Q82: =E82*L82*X82 | R82: =E82*I82*L82*X82 | T82: =E82*I82*20*X82 | U82: 25.7 | V82: 0 | W82: 23 | X82: 1 | Y82: =X82*V82*E82*I82 | Z82: =X82*W82*E82*I82 | AB82: =MONTH(O82) | AC82: =YEAR(O82) | AD82: =AB82&"-"&AC82&"-"&C82 | AE82: =C82 | AF82: =MATCH(AE82,ALLM!$C$34:$C$43,) | AH82: =IF(C82="2333",IF(X82=2,1,0),0) | AI82: =IF(C82="2333",IF(X82=1,1,0),0)
A83: =IF(B83<>"",INDIRECT(ADDRESS(ROW()-1,COLUMN()))+1,0) | B83: Geely Motor | C83: 0175 | D83: Geely Motor - 15 | E83: 1000 | F83: / | G83: 2000 | H83: 18.3989 | I83: 23.9903 | J83: 17.1110 | K83: 0 | L83: =M83-K83 | M83: 249 | N83: 16-Jul-2026 | O83: 15-Jul-2027 | Q83: =E83*L83*X83 | R83: =E83*I83*L83*X83 | T83: =E83*I83*20*X83 | U83: 25.7 | V83: 0 | W83: 23 | X83: 1 | Y83: =X83*V83*E83*I83 | Z83: =X83*W83*E83*I83 | AB83: =MONTH(O83) | AC83: =YEAR(O83) | AD83: =AB83&"-"&AC83&"-"&C83 | AE83: =C83 | AF83: =MATCH(AE83,ALLM!$C$34:$C$43,) | AH83: =IF(C83="2333",IF(X83=2,1,0),0) | AI83: =IF(C83="2333",IF(X83=1,1,0),0)
A84: =IF(B84<>"",INDIRECT(ADDRESS(ROW()-1,COLUMN()))+1,0) | B84: China Molybdenum | C84: 3993 | D84: China Molybdenum - 68 | E84: 1000 | F84: / | G84: 2000 | H84: 16.4200 | I84: 23.5726 | J84: 15.2706 | K84: 0 | L84: =M84-K84 | M84: 249 | N84: 30-Jul-2026 | O84: 29-Jul-2027 | Q84: =E84*L84*X84 | R84: =E84*I84*L84*X84 | T84: =E84*I84*20*X84 | U84: 25.7 | V84: 0 | W84: 0 | X84: 1 | Y84: =X84*V84*E84*I84 | Z84: =X84*W84*E84*I84 | AB84: =MONTH(O84) | AC84: =YEAR(O84) | AD84: =AB84&"-"&AC84&"-"&C84 | AE84: =C84 | AF84: =MATCH(AE84,ALLM!$C$34:$C$43,) | AH84: =IF(C84="2333",IF(X84=2,1,0),0) | AI84: =IF(C84="2333",IF(X84=1,1,0),0)
O86: Sun Hung Kai Account no. 1 Total | Q86: =SUM(Q72:Q85) | R86: =SUM(R72:R85) | T86: =SUM(T72:T85)
Q87: Shares | R87: HKD | T87: HKD
A89: SUN HUNG KAI Account No. 2
B90: DECUMULATOR | C90: CODE | E90: SHARES / DAY | H90: SPOT PRICE | I90: STRIKE PRICE | J90: K/O PRICE | K90: LIFE TERM OF CONTRACT | N90: START DATE | O90: END DATE | Q90: Estimated Shares to sell | R90: Estimated Amount | T90: Estimated Amount per month | Y90: july | Z90: aug
D91: SHK2 | K91: RCVD DAYS | L91: REM DAYS | M91: Total DAYS | Y91: hkd | Z91: hkd
A92: =IF(B92<>"",INDIRECT(ADDRESS(ROW()-1,COLUMN()))+1,0) | B92: Geely Motor | C92: 0175 | D92: Geely Motor - 7 | E92: 3500 | F92: / | G92: 7000 | H92: 17.5600 | I92: 21.2002 | J92: 15.8040 | K92: 80 | L92: =M92-K92 | M92: 188 | N92: 13-Mar-2026 | O92: 14-Dec-2026 | Q92: =E92*L92*X92 | R92: =E92*I92*L92*X92 | T92: =E92*I92*20*X92 | U92: 25.7 | V92: 0 | W92: 22 | X92: 1 | Y92: =X92*V92*E92*I92 | Z92: =X92*W92*E92*I92 | AB92: =MONTH(O92) | AC92: =YEAR(O92) | AD92: =AB92&"-"&AC92&"-"&C92 | AE92: =C92 | AF92: =MATCH(AE92,ALLM!$C$34:$C$43,) | AH92: =IF(C92="2333",IF(X92=2,1,0),0) | AI92: =IF(C92="2333",IF(X92=1,1,0),0)
A93: =IF(B93<>"",INDIRECT(ADDRESS(ROW()-1,COLUMN()))+1,0) | B93: Semiconductor Mfg Intl Corp | C93: 0981 | D93: Semiconductor Mfg Intl Corp - 2 | E93: 400 | F93: / | G93: 800 | H93: 65.9000 | I93: 90.8300 | J93: 61.2870 | K93: 41 | L93: =M93-K93 | M93: 250 | N93: 20-May-2026 | O93: 19-May-2027 | Q93: =E93*L93*X93 | R93: =E93*I93*L93*X93 | T93: =E93*I93*20*X93 | U93: 25.7 | V93: 0 | W93: 22 | X93: 1 | Y93: =X93*V93*E93*I93 | Z93: =X93*W93*E93*I93 | AB93: =MONTH(O93) | AC93: =YEAR(O93) | AD93: =AB93&"-"&AC93&"-"&C93 | AE93: =C93 | AF93: =MATCH(AE93,ALLM!$C$34:$C$43,) | AH93: =IF(C93="2333",IF(X93=2,1,0),0) | AI93: =IF(C93="2333",IF(X93=1,1,0),0)
A94: =IF(B94<>"",INDIRECT(ADDRESS(ROW()-1,COLUMN()))+1,0) | B94: HK Exchange | C94: 0388 | D94: HK Exchange - 25 | E94: 140 | F94: / | G94: 280 | H94: 375.2619 | I94: 430.6130 | J94: 356.4988 | K94: 0 | L94: =M94-K94 | M94: 249 | N94: 6-Jul-2026 | O94: 5-Jul-2027 | Q94: =E94*L94*X94 | R94: =E94*I94*L94*X94 | T94: =E94*I94*20*X94 | U94: 25.7 | V94: 0 | W94: 21 | X94: 1 | Y94: =X94*V94*E94*I94 | Z94: =X94*W94*E94*I94 | AB94: =MONTH(O94) | AC94: =YEAR(O94) | AD94: =AB94&"-"&AC94&"-"&C94 | AE94: =C94 | AF94: =MATCH(AE94,ALLM!$C$34:$C$43,) | AH94: =IF(C94="2333",IF(X94=2,1,0),0) | AI94: =IF(C94="2333",IF(X94=1,1,0),0)
A95: =IF(B95<>"",INDIRECT(ADDRESS(ROW()-1,COLUMN()))+1,0) | B95: Geely Motor | C95: 0175 | D95: Geely Motor - 8 | E95: 1700 | F95: / | G95: 3400 | H95: 17.9500 | I95: 23.0837 | J95: 16.6935 | K95: 0 | L95: =M95-K95 | M95: 249 | N95: 10-Jul-2026 | O95: 9-Jul-2027 | Q95: =E95*L95*X95 | R95: =E95*I95*L95*X95 | T95: =E95*I95*20*X95 | U95: 25.7 | V95: 0 | W95: 22 | X95: 1 | Y95: =X95*V95*E95*I95 | Z95: =X95*W95*E95*I95 | AB95: =MONTH(O95) | AC95: =YEAR(O95) | AD95: =AB95&"-"&AC95&"-"&C95 | AE95: =C95 | AF95: =MATCH(AE95,ALLM!$C$34:$C$43,) | AH95: =IF(C95="2333",IF(X95=2,1,0),0) | AI95: =IF(C95="2333",IF(X95=1,1,0),0)
A96: =IF(B96<>"",INDIRECT(ADDRESS(ROW()-1,COLUMN()))+1,0) | B96: Alibaba | C96: 9988 | D96: Alibaba - 14 | E96: 150 | F96: / | G96: 300 | H96: 111.7000 | I96: 151.3423 | J96: 106.1150 | K96: 0 | L96: =M96-K96 | M96: 249 | N96: 13-Jul-2026 | O96: 12-Jul-2027 | Q96: =E96*L96*X96 | R96: =E96*I96*L96*X96 | T96: =E96*I96*20*X96 | U96: 25.7 | V96: 0 | W96: 21 | X96: 1 | Y96: =X96*V96*E96*I96 | Z96: =X96*W96*E96*I96 | AB96: =MONTH(O96) | AC96: =YEAR(O96) | AD96: =AB96&"-"&AC96&"-"&C96 | AE96: =C96 | AF96: =MATCH(AE96,ALLM!$C$34:$C$43,) | AH96: =IF(C96="2333",IF(X96=2,1,0),0) | AI96: =IF(C96="2333",IF(X96=1,1,0),0)
A97: =IF(B97<>"",INDIRECT(ADDRESS(ROW()-1,COLUMN()))+1,0) | B97: Shanghai Fosun Pharma | C97: 2196 | D97: Shanghai Fosun Pharma - 10 | E97: 1100 | F97: / | G97: 2200 | H97: 16.1932 | I97: 19.5274 | J97: 15.3835 | K97: 0 | L97: =M97-K97 | M97: 249 | N97: 14-Jul-2026 | O97: 13-Jul-2027 | Q97: =E97*L97*X97 | R97: =E97*I97*L97*X97 | T97: =E97*I97*20*X97 | U97: 25.7 | V97: 0 | W97: 23 | X97: 1 | Y97: =X97*V97*E97*I97 | Z97: =X97*W97*E97*I97 | AB97: =MONTH(O97) | AC97: =YEAR(O97) | AD97: =AB97&"-"&AC97&"-"&C97 | AE97: =C97 | AF97: =MATCH(AE97,ALLM!$C$34:$C$43,) | AH97: =IF(C97="2333",IF(X97=2,1,0),0) | AI97: =IF(C97="2333",IF(X97=1,1,0),0)
A98: =IF(B98<>"",INDIRECT(ADDRESS(ROW()-1,COLUMN()))+1,0) | B98: Kuaishou Tech | C98: 1024 | D98: Kuaishou Tech - 10 | E98: 800 | F98: / | G98: 1600 | H98: 43.6200 | I98: 63.6459 | J98: 41.4390 | K98: 0 | L98: =M98-K98 | M98: 249 | N98: 14-Jul-2026 | O98: 13-Jul-2027 | Q98: =E98*L98*X98 | R98: =E98*I98*L98*X98 | T98: =E98*I98*20*X98 | U98: 25.7 | V98: 0 | W98: 23 | X98: 1 | Y98: =X98*V98*E98*I98 | Z98: =X98*W98*E98*I98 | AB98: =MONTH(O98) | AC98: =YEAR(O98) | AD98: =AB98&"-"&AC98&"-"&C98 | AE98: =C98 | AF98: =MATCH(AE98,ALLM!$C$34:$C$43,) | AH98: =IF(C98="2333",IF(X98=2,1,0),0) | AI98: =IF(C98="2333",IF(X98=1,1,0),0)
A99: =IF(B99<>"",INDIRECT(ADDRESS(ROW()-1,COLUMN()))+1,0) | B99: Alibaba | C99: 9988 | D99: Alibaba - 15 | E99: 250 | F99: / | G99: 500 | H99: 112.0000 | I99: 152.4320 | J99: 106.4000 | K99: 0 | L99: =M99-K99 | M99: 249 | N99: 14-Jul-2026 | O99: 13-Jul-2027 | Q99: =E99*L99*X99 | R99: =E99*I99*L99*X99 | T99: =E99*I99*20*X99 | U99: 25.7 | V99: 0 | W99: 23 | X99: 1 | Y99: =X99*V99*E99*I99 | Z99: =X99*W99*E99*I99 | AB99: =MONTH(O99) | AC99: =YEAR(O99) | AD99: =AB99&"-"&AC99&"-"&C99 | AE99: =C99 | AF99: =MATCH(AE99,ALLM!$C$34:$C$43,) | AH99: =IF(C99="2333",IF(X99=2,1,0),0) | AI99: =IF(C99="2333",IF(X99=1,1,0),0)
A100: =IF(B100<>"",INDIRECT(ADDRESS(ROW()-1,COLUMN()))+1,0) | B100: China Molybdenum | C100: 3993 | D100: China Molybdenum - 16 | E100: 1500 | F100: / | G100: 3000 | H100: 14.8184 | I100: 21.5978 | J100: 14.0775 | K100: 0 | L100: =M100-K100 | M100: 249 | N100: 14-Jul-2026 | O100: 13-Jul-2027 | Q100: =E100*L100*X100 | R100: =E100*I100*L100*X100 | T100: =E100*I100*20*X100 | U100: 25.7 | V100: 0 | W100: 23 | X100: 1 | Y100: =X100*V100*E100*I100 | Z100: =X100*W100*E100*I100 | AB100: =MONTH(O100) | AC100: =YEAR(O100) | AD100: =AB100&"-"&AC100&"-"&C100 | AE100: =C100 | AF100: =MATCH(AE100,ALLM!$C$34:$C$43,) | AH100: =IF(C100="2333",IF(X100=2,1,0),0) | AI100: =IF(C100="2333",IF(X100=1,1,0),0)
A101: =IF(B101<>"",INDIRECT(ADDRESS(ROW()-1,COLUMN()))+1,0) | B101: Kuaishou Tech | C101: 1024 | D101: Kuaishou Tech - 11 | E101: 200 | F101: / | G101: 400 | H101: 45.2200 | I101: 64.6646 | J101: 42.0546 | K101: 0 | L101: =M101-K101 | M101: 249 | N101: 16-Jul-2026 | O101: 15-Jul-2027 | Q101: =E101*L101*X101 | R101: =E101*I101*L101*X101 | T101: =E101*I101*20*X101 | U101: 25.7 | V101: 0 | W101: 23 | X101: 1 | Y101: =X101*V101*E101*I101 | Z101: =X101*W101*E101*I101 | AB101: =MONTH(O101) | AC101: =YEAR(O101) | AD101: =AB101&"-"&AC101&"-"&C101 | AE101: =C101 | AF101: =MATCH(AE101,ALLM!$C$34:$C$43,) | AH101: =IF(C101="2333",IF(X101=2,1,0),0) | AI101: =IF(C101="2333",IF(X101=1,1,0),0)
A102: =IF(B102<>"",INDIRECT(ADDRESS(ROW()-1,COLUMN()))+1,0) | B102: Alibaba | C102: 9988 | D102: Alibaba - 16 | E102: 100 | F102: / | G102: 200 | H102: 112.1000 | I102: 151.4471 | J102: 106.4950 | K102: 0 | L102: =M102-K102 | M102: 249 | N102: 18-Jul-2026 | O102: 19-Jul-2027 | Q102: =E102*L102*X102 | R102: =E102*I102*L102*X102 | T102: =E102*I102*20*X102 | U102: 25.7 | V102: 0 | W102: 21 | X102: 1 | Y102: =X102*V102*E102*I102 | Z102: =X102*W102*E102*I102 | AB102: =MONTH(O102) | AC102: =YEAR(O102) | AD102: =AB102&"-"&AC102&"-"&C102 | AE102: =C102 | AF102: =MATCH(AE102,ALLM!$C$34:$C$43,) | AH102: =IF(C102="2333",IF(X102=2,1,0),0) | AI102: =IF(C102="2333",IF(X102=1,1,0),0)
A103: =IF(B103<>"",INDIRECT(ADDRESS(ROW()-1,COLUMN()))+1,0) | B103: Geely Motor | C103: 0175 | D103: Geely Motor - 9 | E103: 700 | F103: / | G103: 1400 | H103: 18.3500 | I103: 24.2881 | J103: 17.0655 | K103: 0 | L103: =M103-K103 | M103: 249 | N103: 18-Jul-2026 | O103: 19-Jul-2027 | Q103: =E103*L103*X103 | R103: =E103*I103*L103*X103 | T103: =E103*I103*20*X103 | U103: 25.7 | V103: 0 | W103: 21 | X103: 1 | Y103: =X103*V103*E103*I103 | Z103: =X103*W103*E103*I103 | AB103: =MONTH(O103) | AC103: =YEAR(O103) | AD103: =AB103&"-"&AC103&"-"&C103 | AE103: =C103 | AF103: =MATCH(AE103,ALLM!$C$34:$C$43,) | AH103: =IF(C103="2333",IF(X103=2,1,0),0) | AI103: =IF(C103="2333",IF(X103=1,1,0),0)
... A106: =IF(B106<>"",INDIRECT(ADDRESS(ROW()-1,COLUMN()))+1,0) | B106: China Molybdenum | C106: 3993 | D106: China Molybdenum - 18 | E106: 1500 | F106: / | G106: 3000 | H106: 16.6600 | I106: 22.2461 | J106: 15.4938 | K106: 0 | L106: =M106-K106 | M106: 186 | N106: 3-Aug-2026 | O106: 30-Apr-2027 | Q106: =E106*L106*X106 | R106: =E106*I106*L106*X106 | T106: =E106*I106*20*X106 | U106: 25.7 | V106: 0 | W106: 0 | X106: 1 | Y106: =X106*V106*E106*I106 | Z106: =X106*W106*E106*I106 | AB106: =MONTH(O106) | AC106: =YEAR(O106) | AD106: =AB106&"-"&AC106&"-"&C106 | AE106: =C106 | AF106: =MATCH(AE106,ALLM!$C$34:$C$43,) | AH106: =IF(C106="2333",IF(X106=2,1,0),0) | AI106: =IF(C106="2333",IF(X106=1,1,0),0)
O108: Sun Hung Kai Account no. 2 Total | Q108: =SUM(Q91:Q107) | R108: =SUM(R91:R107) | T108: =SUM(T91:T107)
Q109: Shares | R109: HKD | T109: HKD
A111: Morgan Stanley (Titan 2)
B112: DECUMULATOR | C112: CODE | E112: SHARES / DAY | H112: SPOT PRICE | I112: STRIKE PRICE | J112: K/O PRICE | K112: LIFE TERM OF CONTRACT | N112: START DATE | O112: END DATE | Q112: Estimated Shares to sell | R112: Estimated Amount | T112: Estimated Amount per month | Y112: july | Z112: aug
D113: MST2 | K113: RCVD DAYS | L113: REM DAYS | M113: Total DAYS | Y113: hkd | Z113: hkd
A114: =IF(B114<>"",INDIRECT(ADDRESS(ROW()-1,COLUMN()))+1,0) | Q114: =E114*L114*X114 | R114: =E114*I114*L114*X114 | T114: =E114*I114*20*X114 | U114: 25.7 | V114: 20 | W114: 20 | X114: 2 | Y114: =X114*V114*E114*I114 | Z114: =X114*W114*E114*I114 | AB114: =MONTH(O114) | AC114: =YEAR(O114) | AD114: =AB114&"-"&AC114&"-"&C114 | AE114: =C114 | AF114: =MATCH(AE114,ALLM!$C$34:$C$43,) | AH114: =IF(C114="2333",IF(X114=2,1,0),0) | AI114: =IF(C114="2333",IF(X114=1,1,0),0)
O116: Total | Q116: =SUM(Q113:Q115) | R116: =SUM(R113:R115) | T116: =SUM(T113:T115)
Q117: Shares | R117: HKD | T117: HKD
A118: Bank of Singapore
B119: DECUMULATOR | C119: CODE | E119: SHARES / DAY | H119: SPOT PRICE | I119: STRIKE PRICE | J119: K/O PRICE | K119: LIFE TERM OF CONTRACT | N119: START DATE | O119: END DATE | Q119: Estimated Shares to sell | R119: Estimated Amount | T119: Estimated Amount per month | Y119: july | Z119: aug
D120: BOS | K120: RCVD DAYS | L120: REM DAYS | M120: Total DAYS | Y120: hkd | Z120: hkd
A121: =IF(B121<>"",INDIRECT(ADDRESS(ROW()-1,COLUMN()))+1,0) | Q121: =E121*L121*X121 | R121: =E121*I121*L121*X121 | T121: =E121*I121*20*X121 | U121: 11.64 | V121: 22 | W121: 42 | X121: 1 | Y121: =X121*V121*E121*I121 | Z121: =X121*W121*E121*I121 | AB121: =MONTH(O121) | AC121: =YEAR(O121) | AD121: =AB121&"-"&AC121&"-"&C121 | AE121: =C121 | AF121: =MATCH(AE121,ALLM!$C$34:$C$43,) | AH121: =IF(C121="2333",IF(X121=2,1,0),0) | AI121: =IF(C121="2333",IF(X121=1,1,0),0)
O123: Total | Q123: =SUM(Q120:Q122) | R123: =SUM(R120:R122) | T123: =SUM(T120:T122)
Q124: Shares | R124: HKD | T124: HKD
O126: Grand Total (Personal) | Q126: =SUM(Q9,Q18,Q37,Q53,Q86,Q116,Q123,Q108,Q67) | R126: =SUM(R9,R18,R37,R53,R86,R116,R123,R108,R67) | T126: =SUM(T9,T18,T37,T53,T86,T116,T123,T108,T67)
R128: =R126/O161 | T128: =T126/O161
R129: USD | T129: USD
A130: DEUTSCHE BANK (Perfect Legend)
B132: DECUMULATOR | C132: CODE | E132: SHARES / DAY | H132: SPOT PRICE | I132: STRIKE PRICE | J132: K/O PRICE | K132: LIFE TERM OF CONTRACT | N132: START DATE | O132: END DATE | Q132: Estimated Shares to sell | R132: Estimated Amount | T132: Estimated Amount per month | Y132: july | Z132: aug
D133: DBPL | K133: RCVD DAYS | L133: REM DAYS | M133: Total DAYS | Y133: hkd | Z133: hkd
A134: =IF(B134<>"",INDIRECT(ADDRESS(ROW()-1,COLUMN()))+1,0) | Q134: =E134*L134*X134 | R134: =E134*I134*L134*X134 | T134: =E134*I134*20*X134 | U134: 3.08 | V134: 20 | W134: 38 | X134: 1 | Y134: =X134*V134*E134*I134 | Z134: =X134*W134*E134*I134 | AB134: =MONTH(O134) | AC134: =YEAR(O134) | AD134: =AB134&"-"&AC134&"-"&C134 | AE134: =C134 | AF134: =MATCH(AE134,ALLM!$C$34:$C$43,) | AH134: =IF(C134="2333",IF(X134=2,1,0),0) | AI134: =IF(C134="2333",IF(X134=1,1,0),0)
...

Sheet Collateral
A1: Collateral Needed
A2: Great Wall Motor (2333)
A3: ="As of "&TEXT(ALLHKD!C1,"mmmm d, yyyy") | U3: market price
U4: 9.2
A5: CITIBANK Account No. 1
E6: ` | I6: `
B7: ACCUMULATOR | C7: CODE | E7: SHARES / DAY | H7: SPOT PRICE | I7: STRIKE PRICE | J7: K/O PRICE | K7: LIFE TERM OF CONTRACT | N7: START DATE | O7: END DATE | Q7: Estimated Total Shares Remaining | R7: Estimated Amount | T7: Estimated Amount per month | Y7: Month 1 | Z7: Month 2
D8: CB1 | K8: RCVD mos. | L8: REM mos. | M8: Total mos. | U8: Price | V8: NOW | W8: NEXT | X8: sd | Y8: hkd | Z8: hkd
A9: =INDIRECT(ADDRESS(ROW()-1,COLUMN()))+1 | B9: Great Wall Motor | C9: 2333 | D9: GREATWALL - 41 | E9: 5000 | F9: / | G9: 10000 | H9: 9.1347 | I9: 7.675 | J9: 10.0482 | K9: 0 | L9: =M9-K9 | M9: 9 | N9: 44076 | O9: 44348 | Q9: =E9*L9*20*X9 | R9: =E9*I9*L9*20*X9 | T9: =E9*I9*20*X9 | U9: 9.12 | V9: 0 | W9: 1 | X9: 1 | Y9: =X9*V9*E9*I9*20 | Z9: =X9*W9*E9*I9*20 | AB9: =MONTH(O9) | AC9: =YEAR(O9) | AD9: =AB9&"-"&AC9&"-"&C9 | AE9: =C9 | AF9: =MATCH(AE9,ALLM!C$2:C$13,)
O11: Total | Q11: =SUM(Q8:Q10) | R11: =SUM(R8:R10) | T11: =SUM(T8:T10)
R12: HKD | T12: HKD
R14: Estimated Amount | S14: 0.3 | T14: Margin requirement
H15: Collateral 1: 30% x Estimated Amount Total | R15: =R11 | T15: =-R15*S14
B17: DECUMULATOR | C17: CODE | E17: SHARES / DAY | H17: SPOT PRICE | I17: STRIKE PRICE | J17: K/O PRICE | K17: LIFE TERM OF CONTRACT | N17: START DATE | O17: END DATE | Q17: Estimated Shares to sell | R17: Estimated Amount | T17: Estimated Amount per month | Y17: july | Z17: aug | AH17: =SUM(AH24:AH1048576) | AI17: =SUM(AI24:AI1048576)
D18: CB1 | K18: RCVD mos. | L18: REM mos. | M18: Total mos. | U18: Closing | V18: Current | W18: Next | X18: sd | Y18: hkd | Z18: hkd | AH18: Double | AI18: Single
A19: =INDIRECT(ADDRESS(ROW()-1,COLUMN()))+1 | B19: Great Wall Motor | C19: 2333 | D19: GREATWALL - 57 | E19: 5000 | F19: / | G19: 10000 | H19: 4.09 | I19: 5.6017 | J19: 3.8855 | K19: 5 | L19: =M19-K19 | M19: 12 | N19: 43915 | O19: 44279 | Q19: =E19*L19*20*X19 | R19: =E19*I19*L19*20*X19 | T19: =E19*I19*20*X19 | U19: 9.12 | V19: 1 | W19: 2 | X19: 2 | Y19: =X19*V19*E19*I19*20 | Z19: =X19*W19*E19*I19*20 | AB19: =MONTH(O19) | AC19: =YEAR(O19) | AD19: =AB19&"-"&AC19&"-"&C19 | AE19: =C19 | AF19: =MATCH(AE19,ALLM!$C$34:$C$43,) | AH19: =IF(C19="2333",IF(X19=2,1,0),0) | AI19: =IF(C19="2333",IF(X19=1,1,0),0)
A20: =INDIRECT(ADDRESS(ROW()-1,COLUMN()))+1 | B20: Great Wall Motor | C20: 2333 | D20: GREATWALL - 58 | E20: 3000 | F20: / | G20: 6000 | H20: 4.6771 | I20: 6.3599 | J20: 4.4432 | K20: 5 | L20: =M20-K20 | M20: 12 | N20: 43916 | O20: 44280 | Q20: =E20*L20*20*X20 | R20: =E20*I20*L20*20*X20 | T20: =E20*I20*20*X20 | U20: 9.12 | V20: 1 | W20: 2 | X20: 2 | Y20: =X20*V20*E20*I20*20 | Z20: =X20*W20*E20*I20*20 | AB20: =MONTH(O20) | AC20: =YEAR(O20) | AD20: =AB20&"-"&AC20&"-"&C20 | AE20: =C20 | AF20: =MATCH(AE20,ALLM!$C$34:$C$43,) | AH20: =IF(C20="2333",IF(X20=2,1,0),0) | AI20: =IF(C20="2333",IF(X20=1,1,0),0)
A21: =INDIRECT(ADDRESS(ROW()-1,COLUMN()))+1 | B21: Great Wall Motor | C21: 2333 | D21: GREATWALL - 59 | E21: 5000 | F21: / | G21: 10000 | H21: 4.936 | I21: 6.2796 | J21: 4.6892 | K21: 5 | L21: =M21-K21 | M21: 9 | N21: 43922 | O21: 44196 | Q21: =E21*L21*20*X21 | R21: =E21*I21*L21*20*X21 | T21: =E21*I21*20*X21 | U21: 9.12 | V21: 1 | W21: 0 | X21: 2 | Y21: =X21*V21*E21*I21*20 | Z21: =X21*W21*E21*I21*20 | AB21: =MONTH(O21) | AC21: =YEAR(O21) | AD21: =AB21&"-"&AC21&"-"&C21 | AE21: =C21 | AF21: =MATCH(AE21,ALLM!$C$34:$C$43,) | AH21: =IF(C21="2333",IF(X21=2,1,0),0) | AI21: =IF(C21="2333",IF(X21=1,1,0),0)
A22: =INDIRECT(ADDRESS(ROW()-1,COLUMN()))+1 | B22: Great Wall Motor | C22: 2333 | D22: GREATWALL - 60 | E22: 2100 | F22: / | G22: 4200 | H22: 5.02 | I22: 6.271 | J22: 4.769 | K22: 4 | L22: =M22-K22 | M22: 12 | N22: 43936 | O22: 44300 | Q22: =E22*L22*20*X22 | R22: =E22*I22*L22*20*X22 | T22: =E22*I22*20*X22 | U22: 9.12 | V22: 1 | W22: 2 | X22: 2 | Y22: =X22*V22*E22*I22*20 | Z22: =X22*W22*E22*I22*20 | AB22: =MONTH(O22) | AC22: =YEAR(O22) | AD22: =AB22&"-"&AC22&"-"&C22 | AE22: =C22 | AF22: =MATCH(AE22,ALLM!$C$34:$C$43,) | AH22: =IF(C22="2333",IF(X22=2,1,0),0) | AI22: =IF(C22="2333",IF(X22=1,1,0),0)
A23: =INDIRECT(ADDRESS(ROW()-1,COLUMN()))+1 | B23: Great Wall Motor | C23: 2333 | D23: GREATWALL - 62 | E23: 5000 | F23: / | G23: 10000 | H23: 5.19 | I23: 6.1771 | J23: 4.9305 | K23: 2 | L23: =M23-K23 | M23: 12 | N23: 44018 | O23: 44382 | Q23: =E23*L23*20*X23 | R23: =E23*I23*L23*20*X23 | T23: =E23*I23*20*X23 | U23: 9.12 | V23: 0 | W23: 1 | X23: 2 | Y23: =X23*V23*E23*I23*20 | Z23: =X23*W23*E23*I23*20 | AB23: =MONTH(O23) | AC23: =YEAR(O23) | AD23: =AB23&"-"&AC23&"-"&C23 | AE23: =C23 | AF23: =MATCH(AE23,ALLM!$C$34:$C$43,) | AH23: =IF(C23="2333",IF(X23=2,1,0),0) | AI23: =IF(C23="2333",IF(X23=1,1,0),0)
O25: Total | Q25: =SUM(Q18:Q24) | R25: =SUM(R18:R24) | T25: =SUM(T18:T24)
Q26: Shares | R26: HKD | T26: HKD
J28: Total Shares to sell | Q28: =Q25
J29: On hand | Q29: 1187350
J30: Balance shares for decu | Q30: =Q28-Q29
R32: Estimated Amount | S32: 0.3 | T32: Margin requirement
H33: Collateral 2: 30% x Estimated Amount Total | R33: =R25 | T33: =-R33*S32
Q35: Market Price | R35: =market_price
L36: Estimated Shares | N36: On Hand | Q36: Balance shares for decu | R36: Strike Price minus Market Price | T36: Collateral needed
H37: Collateral 3: | J37: Strike 1 | L37: =I19 | N37: =Q29 | Q37: =Q19-N37 | R37: =L37-market_price | T37: =Q37*R37
J38: Strike 2 | L38: =I20 | N38: 0 | Q38: =Q20 | R38: =L38-market_price | T38: =Q38*R38
J39: Strike 3 | L39: =I21 | N39: 0 | Q39: =Q21 | R39: =L39-market_price | T39: =Q39*R39
J40: Strike 4 | L40: =I22 | N40: 0 | Q40: =Q22 | R40: =L40-market_price | T40: =Q40*R40
J41: Strike 5 | L41: =I23 | N41: 0 | Q41: =Q23 | R41: =L41-market_price | T41: =Q41*R41
I42: Sub Total | N42: =SUM(N37:O41) | Q42: =SUM(Q37:Q41) | T42: =SUM(T37:T41)
H44: Total collateral needed | T44: =T33+T42+T15
R45: USD Rate 7.75 | T45: =T44/7.75
A48: CITIBANK Account No. 2
E49: ` | I49: `
B50: ACCUMULATOR | C50: CODE | E50: SHARES / DAY | H50: SPOT PRICE | I50: STRIKE PRICE | J50: K/O PRICE | K50: LIFE TERM OF CONTRACT | N50: START DATE | O50: END DATE | Q50: Estimated Total Shares Remaining | R50: Estimated Amount | T50: Estimated Amount per month | Y50: Month 1 | Z50: Month 2
D51: CB1 | K51: RCVD mos. | L51: REM mos. | M51: Total mos. | U51: Price | V51: NOW | W51: NEXT | X51: sd | Y51: hkd | Z51: hkd
A52: =INDIRECT(ADDRESS(ROW()-1,COLUMN()))+1 | B52: Great Wall Motor | C52: 2333 | D52: GREATWALL - 58 | E52: 2500 | F52: / | G52: 5000 | H52: 8.5 | I52: 6.9258 | J52: 9.35 | K52: 0 | L52: =M52-K52 | M52: 12 | N52: 44075 | O52: 44439 | Q52: =E52*L52*20*X52 | R52: =E52*I52*L52*20*X52 | T52: =E52*I52*20*X52 | U52: 9.12 | V52: 1 | W52: 0 | X52: 1 | Y52: =X52*V52*E52*I52*20 | Z52: =X52*W52*E52*I52*20 | AB52: =MONTH(O52) | AC52: =YEAR(O52) | AD52: =AB52&"-"&AC52&"-"&C52 | AE52: =C52 | AF52: =MATCH(AE52,ALLM!C$2:C$13,)
A53: =INDIRECT(ADDRESS(ROW()-1,COLUMN()))+1 | B53: Great Wall Motor | C53: 2333 | D53: GREATWALL - 59 | E53: 7000 | F53: / | G53: 14000 | H53: 9.0944 | I53: 7.9558 | J53: 10.0038 | K53: 0 | L53: =M53-K53 | M53: 6 | N53: 44076 | O53: 44256 | Q53: =E53*L53*20*X53 | R53: =E53*I53*L53*20*X53 | T53: =E53*I53*20*X53 | U53: 9.12 | V53: 0 | W53: 1 | X53: 1 | Y53: =X53*V53*E53*I53*20 | Z53: =X53*W53*E53*I53*20 | AB53: =MONTH(O53) | AC53: =YEAR(O53) | AD53: =AB53&"-"&AC53&"-"&C53 | AE53: =C53 | AF53: =MATCH(AE53,ALLM!C$2:C$13,)
O55: Total | Q55: =SUM(Q51:Q54) | R55: =SUM(R51:R54) | T55: =SUM(T51:T54)
R56: HKD | T56: HKD
R58: Estimated Amount | S58: 0.3 | T58: Margin requirement
H59: Collateral 1: 30% x Estimated Amount Total | R59: =R55 | T59: =-R59*S58
B61: DECUMULATOR | C61: CODE | E61: SHARES / DAY | H61: SPOT PRICE | I61: STRIKE PRICE | J61: K/O PRICE | K61: LIFE TERM OF CONTRACT | N61: START DATE | O61: END DATE | Q61: Estimated Shares to sell | R61: Estimated Amount | T61: Estimated Amount per month | Y61: july | Z61: aug | AH61: =SUM(#REF!) | AI61: =SUM(#REF!)
D62: CB1 | K62: RCVD mos. | L62: REM mos. | M62: Total mos. | U62: Closing | V62: Current | W62: Next | X62: sd | Y62: hkd | Z62: hkd | AH62: Double | AI62: Single
A63: =INDIRECT(ADDRESS(ROW()-1,COLUMN()))+1 | B63: Great Wall Motor | C63: 2333 | D63: GREATWALL - 51 | E63: 4000 | F63: / | G63: 8000 | H63: 4.98 | I63: 6.468 | J63: 4.731 | K63: 4 | L63: =M63-K63 | M63: 12 | N63: 43929 | O63: 44293 | Q63: =E63*L63*20*X63 | R63: =E63*I63*L63*20*X63 | T63: =E63*I63*20*X63 | U63: 9.12 | V63: 1 | W63: 2 | X63: 2 | Y63: =X63*V63*E63*I63*20 | Z63: =X63*W63*E63*I63*20 | AB63: =MONTH(O63) | AC63: =YEAR(O63) | AD63: =AB63&"-"&AC63&"-"&C63 | AE63: =C63 | AF63: =MATCH(AE63,ALLM!$C$34:$C$43,) | AH63: =IF(C63="2333",IF(X63=2,1,0),0) | AI63: =IF(C63="2333",IF(X63=1,1,0),0)
A64: =INDIRECT(ADDRESS(ROW()-1,COLUMN()))+1 | B64: Great Wall Motor | C64: 2333 | D64: GREATWALL - 52 | E64: 5000 | F64: / | G64: 10000 | H64: 4.94 | I64: 6.4235 | J64: 4.693 | K64: 4 | L64: =M64-K64 | M64: 12 | N64: 43930 | O64: 44294 | Q64: =E64*L64*20*X64 | R64: =E64*I64*L64*20*X64 | T64: =E64*I64*20*X64 | U64: 9.12 | V64: 1 | W64: 2 | X64: 2 | Y64: =X64*V64*E64*I64*20 | Z64: =X64*W64*E64*I64*20 | AB64: =MONTH(O64) | AC64: =YEAR(O64) | AD64: =AB64&"-"&AC64&"-"&C64 | AE64: =C64 | AF64: =MATCH(AE64,ALLM!$C$34:$C$43,) | AH64: =IF(C64="2333",IF(X64=2,1,0),0) | AI64: =IF(C64="2333",IF(X64=1,1,0),0)
A65: =INDIRECT(ADDRESS(ROW()-1,COLUMN()))+1 | B65: Great Wall Motor | C65: 2333 | D65: GREATWALL - 54 | E65: 5000 | F65: / | G65: 10000 | H65: 5.19 | I65: 6.1771 | J65: 4.9305 | K65: 2 | L65: =M65-K65 | M65: 12 | N65: 44018 | O65: 44382 | Q65: =E65*L65*20*X65 | R65: =E65*I65*L65*20*X65 | T65: =E65*I65*20*X65 | U65: 9.12 | V65: 0 | W65: 1 | X65: 2 | Y65: =X65*V65*E65*I65*20 | Z65: =X65*W65*E65*I65*20 | AB65: =MONTH(O65) | AC65: =YEAR(O65) | AD65: =AB65&"-"&AC65&"-"&C65 | AE65: =C65 | AF65: =MATCH(AE65,ALLM!$C$34:$C$43,) | AH65: =IF(C65="2333",IF(X65=2,1,0),0) | AI65: =IF(C65="2333",IF(X65=1,1,0),0)
O67: Total | Q67: =SUM(Q62:Q66) | R67: =SUM(R62:R66) | T67: =SUM(T62:T66)
Q68: Shares | R68: HKD | T68: HKD
J70: Total Shares to sell | Q70: =Q67
J71: On hand | Q71: 1822550
J72: Balance shares for decu | Q72: =Q70-Q71
R74: Estimated Amount | S74: 0.3 | T74: Margin requirement
H75: Collateral 2: 30% x Estimated Amount Total | R75: =R67 | T75: =-R75*S74
Q77: Market Price | R77: =market_price
L78: Estimated Shares | N78: On Hand | Q78: Balance shares for decu | R78: Strike Price minus Market Price | T78: Collateral needed
H79: Collateral 3: | J79: Strike 1 | L79: =I63 | N79: =Q63 | Q79: =Q63-N79 | R79: =L79-market_price | T79: =Q79*R79
J80: Strike 2 | L80: =I64 | N80: =Q71-N79 | Q80: =Q64-N80 | R80: =L80-market_price | T80: =Q80*R80
J81: Strike 3 | L81: =I65 | N81: 0 | Q81: =Q65 | R81: =L81-market_price | T81: =Q81*R81
I82: Sub Total | N82: =SUM(N79:O81) | Q82: =SUM(Q79:Q81) | T82: =SUM(T79:T81)
H84: Total collateral needed | T84: =T75+T82+T59
R85: USD Rate 7.75 | T85: =T84/7.75
A88: CITIBANK Berry Hill
E89: ` | I89: `
B90: ACCUMULATOR | C90: CODE | E90: SHARES / DAY | H90: SPOT PRICE | I90: STRIKE PRICE | J90: K/O PRICE | K90: LIFE TERM OF CONTRACT | N90: START DATE | O90: END DATE | Q90: Estimated Total Shares Remaining | R90: Estimated Amount | T90: Estimated Amount per month | Y90: Month 1 | Z90: Month 2
D91: CB1 | K91: RCVD mos. | L91: REM mos. | M91: Total mos. | U91: Price | V91: NOW | W91: NEXT | X91: sd | Y91: hkd | Z91: hkd
O94: Total | Q94: =SUM(Q91:Q93) | R94: =SUM(R91:R93) | T94: =SUM(T91:T93)
R95: HKD | T95: HKD
R97: Estimated Amount | S97: 0.3 | T97: Margin requirement
H98: Collateral 1: 30% x Estimated Amount Total | R98: =R94 | T98: =-R98*S97
B100: DECUMULATOR | C100: CODE | E100: SHARES / DAY | H100: SPOT PRICE | I100: STRIKE PRICE | J100: K/O PRICE | K100: LIFE TERM OF CONTRACT | N100: START DATE | O100: END DATE | Q100: Estimated Shares to sell | R100: Estimated Amount | T100: Estimated Amount per month | Y100: july | Z100: aug | AH100: =SUM(#REF!) | AI100: =SUM(#REF!)
D101: CB1 | K101: RCVD mos. | L101: REM mos. | M101: Total mos. | U101: Closing | V101: Current | W101: Next | X101: sd | Y101: hkd | Z101: hkd | AH101: Double | AI101: Single
A102: =INDIRECT(ADDRESS(ROW()-1,COLUMN()))+1 | B102: Great Wall Motor | C102: 2333 | D102: GREATWALL - 61 | E102: 5000 | F102: / | G102: 10000 | H102: 4.09 | I102: 5.6017 | J102: 3.8855 | K102: 5 | L102: =M102-K102 | M102: 12 | N102: 43915 | O102: 44279 | Q102: =E102*L102*20*X102 | R102: =E102*I102*L102*20*X102 | T102: =E102*I102*20*X102 | U102: 9.12 | V102: 1 | W102: 2 | X102: 2 | Y102: =X102*V102*E102*I102*20 | Z102: =X102*W102*E102*I102*20 | AB102: =MONTH(O102) | AC102: =YEAR(O102) | AD102: =AB102&"-"&AC102&"-"&C102 | AE102: =C102 | AF102: =MATCH(AE102,ALLM!$C$34:$C$43,) | AH102: =IF(C102="2333",IF(X102=2,1,0),0) | AI102: =IF(C102="2333",IF(X102=1,1,0),0)
A103: =INDIRECT(ADDRESS(ROW()-1,COLUMN()))+1 | B103: Great Wall Motor | C103: 2333 | D103: GREATWALL - 62 | E103: 3000 | F103: / | G103: 6000 | H103: 4.7 | I103: 6.0527 | J103: 4.23 | K103: 5 | L103: =M103-K103 | M103: 12 | N103: 43917 | O103: 44281 | Q103: =E103*L103*20*X103 | R103: =E103*I103*L103*20*X103 | T103: =E103*I103*20*X103 | U103: 9.12 | V103: 1 | W103: 2 | X103: 2 | Y103: =X103*V103*E103*I103*20 | Z103: =X103*W103*E103*I103*20 | AB103: =MONTH(O103) | AC103: =YEAR(O103) | AD103: =AB103&"-"&AC103&"-"&C103 | AE103: =C103 | AF103: =MATCH(AE103,ALLM!$C$34:$C$43,) | AH103: =IF(C103="2333",IF(X103=2,1,0),0) | AI103: =IF(C103="2333",IF(X103=1,1,0),0)
A104: =INDIRECT(ADDRESS(ROW()-1,COLUMN()))+1 | B104: Great Wall Motor | C104: 2333 | D104: GREATWALL - 63 | E104: 5000 | F104: / | G104: 10000 | H104: 4.67 | I104: 5.7857 | J104: 4.203 | K104: 5 | L104: =M104-K104 | M104: 9 | N104: 43924 | O104: 44200 | Q104: =E104*L104*20*X104 | R104: =E104*I104*L104*20*X104 | T104: =E104*I104*20*X104 | U104: 9.12 | V104: 0 | W104: 1 | X104: 2 | Y104: =X104*V104*E104*I104*20 | Z104: =X104*W104*E104*I104*20 | AB104: =MONTH(O104) | AC104: =YEAR(O104) | AD104: =AB104&"-"&AC104&"-"&C104 | AE104: =C104 | AF104: =MATCH(AE104,ALLM!$C$34:$C$43,) | AH104: =IF(C104="2333",IF(X104=2,1,0),0) | AI104: =IF(C104="2333",IF(X104=1,1,0),0)
A105: =INDIRECT(ADDRESS(ROW()-1,COLUMN()))+1 | B105: Great Wall Motor | C105: 2333 | D105: GREATWALL - 64 | E105: 4000 | F105: / | G105: 8000 | H105: 4.6688 | I105: 5.899 | J105: 4.2019 | K105: 5 | L105: =M105-K105 | M105: 12 | N105: 43927 | O105: 44293 | Q105: =E105*L105*20*X105 | R105: =E105*I105*L105*20*X105 | T105: =E105*I105*20*X105 | U105: 9.12 | V105: 0 | W105: 1 | X105: 2 | Y105: =X105*V105*E105*I105*20 | Z105: =X105*W105*E105*I105*20 | AB105: =MONTH(O105) | AC105: =YEAR(O105) | AD105: =AB105&"-"&AC105&"-"&C105 | AE105: =C105 | AF105: =MATCH(AE105,ALLM!$C$34:$C$43,) | AH105: =IF(C105="2333",IF(X105=2,1,0),0) | AI105: =IF(C105="2333",IF(X105=1,1,0),0)
A106: =INDIRECT(ADDRESS(ROW()-1,COLUMN()))+1 | B106: Great Wall Motor | C106: 2333 | D106: GREATWALL - 65 | E106: 1100 | F106: / | G106: 2200 | H106: 5.02 | I106: 6.271 | J106: 4.769 | K106: 4 | L106: =M106-K106 | M106: 12 | N106: 43936 | O106: 44300 | Q106: =E106*L106*20*X106 | R106: =E106*I106*L106*20*X106 | T106: =E106*I106*20*X106 | U106: 9.12 | V106: 1 | W106: 2 | X106: 2 | Y106: =X106*V106*E106*I106*20 | Z106: =X106*W106*E106*I106*20 | AB106: =MONTH(O106) | AC106: =YEAR(O106) | AD106: =AB106&"-"&AC106&"-"&C106 | AE106: =C106 | AF106: =MATCH(AE106,ALLM!$C$34:$C$43,) | AH106: =IF(C106="2333",IF(X106=2,1,0),0) | AI106: =IF(C106="2333",IF(X106=1,1,0),0)
O108: Total | Q108: =SUM(Q101:Q107) | R108: =SUM(R101:R107) | T108: =SUM(T101:T107)
Q109: Shares | R109: HKD | T109: HKD
J111: Total Shares to sell | Q111: =Q108
J112: On hand | Q112: 983960
J113: Balance shares for decu | Q113: =Q111-Q112
R115: Estimated Amount | S115: 0.3 | T115: Margin requirement
H116: Collateral 2: 30% x Estimated Amount Total | R116: =R108 | T116: =-R116*S115
Q118: Market Price | R118: =market_price
L119: Estimated Shares | N119: On Hand | Q119: Balance shares for decu | R119: Strike Price minus Market Price | T119: Collateral needed
H120: Collateral 3: | J120: Strike 1 | L120: =I102 | N120: =Q112 | Q120: =Q102-N120 | R120: =L120-market_price | T120: =Q120*R120
J121: Strike 2 | L121: =I103 | N121: 0 | Q121: =Q103-N121 | R121: =L121-market_price | T121: =Q121*R121
J122: Strike 3 | L122: =I104 | N122: 0 | Q122: =Q104-N122 | R122: =L122-market_price | T122: =Q122*R122
J123: Strike 4 | L123: =I105 | N123: 0 | Q123: =Q105-N123 | R123: =L123-market_price | T123: =Q123*R123
J124: Strike 5 | L124: =I106 | N124: 0 | Q124: =Q106-N124 | R124: =L124-market_price | T124: =Q124*R124
I125: Sub Total | N125: =SUM(N120:O124) | Q125: =SUM(Q120:Q124) | T125: =SUM(T120:T124)
H127: Total collateral needed | T127: =T116+T125+T98
R128: USD Rate 7.75 | T128: =T127/7.75
A131: SUN HUNG KAI
...

Sheet ALLAUD
B1: ACCUMULATORS | C1: =ALLHKD!C1
B3: Account | C3: Estimated Amount | D3: Estimated Amount (%)
B4: Citibank - Account 1 | D4: =C4/$C$15
B5: Citibank - Account 2 | D5: =C5/$C$15
B6: Citibank - Berry Hill | D6: =C6/$C$15
B7: Deutsche Bank - Personal | D7: =C7/$C$15
B8: Deutsche Bank - Perfect Legend | D8: =C8/$C$15
B9: Standard Chartered | D9: =C9/$C$15
B10: Sun Hung Kai | D10: =C10/$C$15
B11: Morgan Stanley - Titan 1 | D11: =C11/$C$15
B12: Morgan Stanley - Titan 2 | D12: =C12/$C$15
B13: Morgan Stanley - Perfect Legend | C13: ='ACCU AUD'!R12 | D13: =C13/$C$15
B14: Bank of Singapore | D14: =C14/$C$15
C15: =SUM(C4:C14) | D15: =C15/$C$15 | F15: ='ACCU AUD'!R12 | G15: =C15-F15
B17: Decumulators | C17: =C1
B19: Account | C19: Estimated Amount | D19: Estimated Amount (%)
B20: Citibank - Account 1 | D20: =C20/$C$31
B21: Citibank - Account 2 | D21: =C21/$C$31
B22: Citibank - Berry Hill | D22: =C22/$C$31
B23: Deutsche Bank - Personal | D23: =C23/$C$31
B24: Deutsche Bank - Perfect Legend | D24: =C24/$C$31
B25: Standard Chartered | D25: =C25/$C$31
B26: Sun Hung Kai | D26: =C26/$C$31
B27: Morgan Stanley - Titan 1 | D27: =C27/$C$31
B28: Morgan Stanley - Titan 2 | D28: =C28/$C$31
B29: Morgan Stanley - Perfect Legend | C29: ='DECU AUD'!R11 | D29: =C29/$C$31
B30: Bank of Singapore | D30: =C30/$C$31
C31: =SUM(C20:C30) | D31: =C31/$C$31 | F31: ='DECU AUD'!R11 | G31: =C31-F31
F33: =F15-F31

Sheet ALLM AUD
B1: ACCUMULATORS | F1: =ACCU!B1
B2: AU Stock | C2: Code | D2: Total | E2: =ALLM!E2 | F2: =ALLM!F2 | G2: =ALLM!G2 | H2: =ALLM!H2 | I2: =ALLM!I2 | J2: =ALLM!J2 | K2: =ALLM!K2 | L2: =ALLM!L2 | N2: Estimated Amount | O2: %
E3: =ALLM!E3 | F3: =ALLM!F3 | G3: =ALLM!G3 | H3: =ALLM!H3 | I3: =ALLM!I3 | J3: =ALLM!J3 | K3: =ALLM!K3
B4: Rio Tinto | C4: RIO | D4: =SUM(E4:L4) | E4: =IF(COUNTIF('ACCU AUD'!$AD:$AD,E$3&"-"&$C4)=0,"",COUNTIF('ACCU AUD'!$AD:$AD,E$3&"-"&$C4)) | F4: =IF(COUNTIF('ACCU AUD'!$AD:$AD,F$3&"-"&$C4)=0,"",COUNTIF('ACCU AUD'!$AD:$AD,F$3&"-"&$C4)) | G4: =IF(COUNTIF('ACCU AUD'!$AD:$AD,G$3&"-"&$C4)=0,"",COUNTIF('ACCU AUD'!$AD:$AD,G$3&"-"&$C4)) | H4: =IF(COUNTIF('ACCU AUD'!$AD:$AD,H$3&"-"&$C4)=0,"",COUNTIF('ACCU AUD'!$AD:$AD,H$3&"-"&$C4)) | I4: =IF(COUNTIF('ACCU AUD'!$AD:$AD,I$3&"-"&$C4)=0,"",COUNTIF('ACCU AUD'!$AD:$AD,I$3&"-"&$C4)) | J4: =IF(COUNTIF('ACCU AUD'!$AD:$AD,J$3&"-"&$C4)=0,"",COUNTIF('ACCU AUD'!$AD:$AD,J$3&"-"&$C4)) | K4: =IF(COUNTIF('ACCU AUD'!$AD:$AD,K$3&"-"&$C4)=0,"",COUNTIF('ACCU AUD'!$AD:$AD,K$3&"-"&$C4)) | L4: =COUNTIF('ACCU AUD'!$AE:$AE,$C4)-SUM(E4:K4) | N4: =SUMIF('ACCU AUD'!AE:AE,C4,'ACCU AUD'!R:R) | O4: =N4/N$17
B5: Geely Motor | C5: 0175 | D5: =SUM(E5:L5) | E5: =IF(COUNTIF('ACCU AUD'!$AD:$AD,E$3&"-"&$C5)=0,"",COUNTIF('ACCU AUD'!$AD:$AD,E$3&"-"&$C5)) | F5: =IF(COUNTIF('ACCU AUD'!$AD:$AD,F$3&"-"&$C5)=0,"",COUNTIF('ACCU AUD'!$AD:$AD,F$3&"-"&$C5)) | G5: =IF(COUNTIF('ACCU AUD'!$AD:$AD,G$3&"-"&$C5)=0,"",COUNTIF('ACCU AUD'!$AD:$AD,G$3&"-"&$C5)) | H5: =IF(COUNTIF('ACCU AUD'!$AD:$AD,H$3&"-"&$C5)=0,"",COUNTIF('ACCU AUD'!$AD:$AD,H$3&"-"&$C5)) | I5: =IF(COUNTIF('ACCU AUD'!$AD:$AD,I$3&"-"&$C5)=0,"",COUNTIF('ACCU AUD'!$AD:$AD,I$3&"-"&$C5)) | J5: =IF(COUNTIF('ACCU AUD'!$AD:$AD,J$3&"-"&$C5)=0,"",COUNTIF('ACCU AUD'!$AD:$AD,J$3&"-"&$C5)) | K5: =IF(COUNTIF('ACCU AUD'!$AD:$AD,K$3&"-"&$C5)=0,"",COUNTIF('ACCU AUD'!$AD:$AD,K$3&"-"&$C5)) | L5: =COUNTIF('ACCU AUD'!$AE:$AE,$C5)-SUM(E5:K5) | N5: =SUMIF('ACCU AUD'!AE:AE,C5,'ACCU AUD'!R:R) | O5: =N5/N$17
B6: Cathay Pacific Airways LTD | C6: 0293 | D6: =SUM(E6:L6) | E6: =IF(COUNTIF('ACCU AUD'!$AD:$AD,E$3&"-"&$C6)=0,"",COUNTIF('ACCU AUD'!$AD:$AD,E$3&"-"&$C6)) | F6: =IF(COUNTIF('ACCU AUD'!$AD:$AD,F$3&"-"&$C6)=0,"",COUNTIF('ACCU AUD'!$AD:$AD,F$3&"-"&$C6)) | G6: =IF(COUNTIF('ACCU AUD'!$AD:$AD,G$3&"-"&$C6)=0,"",COUNTIF('ACCU AUD'!$AD:$AD,G$3&"-"&$C6)) | H6: =IF(COUNTIF('ACCU AUD'!$AD:$AD,H$3&"-"&$C6)=0,"",COUNTIF('ACCU AUD'!$AD:$AD,H$3&"-"&$C6)) | I6: =IF(COUNTIF('ACCU AUD'!$AD:$AD,I$3&"-"&$C6)=0,"",COUNTIF('ACCU AUD'!$AD:$AD,I$3&"-"&$C6)) | J6: =IF(COUNTIF('ACCU AUD'!$AD:$AD,J$3&"-"&$C6)=0,"",COUNTIF('ACCU AUD'!$AD:$AD,J$3&"-"&$C6)) | K6: =IF(COUNTIF('ACCU AUD'!$AD:$AD,K$3&"-"&$C6)=0,"",COUNTIF('ACCU AUD'!$AD:$AD,K$3&"-"&$C6)) | L6: =COUNTIF('ACCU AUD'!$AE:$AE,$C6)-SUM(E6:K6) | N6: =SUMIF('ACCU AUD'!AE:AE,C6,'ACCU AUD'!R:R) | O6: =N6/N$17
B7: Jiangxi Copper | C7: 0358 | D7: =SUM(E7:L7) | E7: =IF(COUNTIF('ACCU AUD'!$AD:$AD,E$3&"-"&$C7)=0,"",COUNTIF('ACCU AUD'!$AD:$AD,E$3&"-"&$C7)) | F7: =IF(COUNTIF('ACCU AUD'!$AD:$AD,F$3&"-"&$C7)=0,"",COUNTIF('ACCU AUD'!$AD:$AD,F$3&"-"&$C7)) | G7: =IF(COUNTIF('ACCU AUD'!$AD:$AD,G$3&"-"&$C7)=0,"",COUNTIF('ACCU AUD'!$AD:$AD,G$3&"-"&$C7)) | H7: =IF(COUNTIF('ACCU AUD'!$AD:$AD,H$3&"-"&$C7)=0,"",COUNTIF('ACCU AUD'!$AD:$AD,H$3&"-"&$C7)) | I7: =IF(COUNTIF('ACCU AUD'!$AD:$AD,I$3&"-"&$C7)=0,"",COUNTIF('ACCU AUD'!$AD:$AD,I$3&"-"&$C7)) | J7: =IF(COUNTIF('ACCU AUD'!$AD:$AD,J$3&"-"&$C7)=0,"",COUNTIF('ACCU AUD'!$AD:$AD,J$3&"-"&$C7)) | K7: =IF(COUNTIF('ACCU AUD'!$AD:$AD,K$3&"-"&$C7)=0,"",COUNTIF('ACCU AUD'!$AD:$AD,K$3&"-"&$C7)) | L7: =COUNTIF('ACCU AUD'!$AE:$AE,$C7)-SUM(E7:K7) | N7: =SUMIF('ACCU AUD'!AE:AE,C7,'ACCU AUD'!R:R) | O7: =N7/N$17
B8: Tencent | C8: 0700 | D8: =SUM(E8:L8) | E8: =IF(COUNTIF('ACCU AUD'!$AD:$AD,E$3&"-"&$C8)=0,"",COUNTIF('ACCU AUD'!$AD:$AD,E$3&"-"&$C8)) | F8: =IF(COUNTIF('ACCU AUD'!$AD:$AD,F$3&"-"&$C8)=0,"",COUNTIF('ACCU AUD'!$AD:$AD,F$3&"-"&$C8)) | G8: =IF(COUNTIF('ACCU AUD'!$AD:$AD,G$3&"-"&$C8)=0,"",COUNTIF('ACCU AUD'!$AD:$AD,G$3&"-"&$C8)) | H8: =IF(COUNTIF('ACCU AUD'!$AD:$AD,H$3&"-"&$C8)=0,"",COUNTIF('ACCU AUD'!$AD:$AD,H$3&"-"&$C8)) | I8: =IF(COUNTIF('ACCU AUD'!$AD:$AD,I$3&"-"&$C8)=0,"",COUNTIF('ACCU AUD'!$AD:$AD,I$3&"-"&$C8)) | J8: =IF(COUNTIF('ACCU AUD'!$AD:$AD,J$3&"-"&$C8)=0,"",COUNTIF('ACCU AUD'!$AD:$AD,J$3&"-"&$C8)) | K8: =IF(COUNTIF('ACCU AUD'!$AD:$AD,K$3&"-"&$C8)=0,"",COUNTIF('ACCU AUD'!$AD:$AD,K$3&"-"&$C8)) | L8: =COUNTIF('ACCU AUD'!$AE:$AE,$C8)-SUM(E8:K8) | N8: =SUMIF('ACCU AUD'!AE:AE,C8,'ACCU AUD'!R:R) | O8: =N8/N$17
B9: China Construction | C9: 0939 | D9: =SUM(E9:L9) | E9: =IF(COUNTIF('ACCU AUD'!$AD:$AD,E$3&"-"&$C9)=0,"",COUNTIF('ACCU AUD'!$AD:$AD,E$3&"-"&$C9)) | F9: =IF(COUNTIF('ACCU AUD'!$AD:$AD,F$3&"-"&$C9)=0,"",COUNTIF('ACCU AUD'!$AD:$AD,F$3&"-"&$C9)) | G9: =IF(COUNTIF('ACCU AUD'!$AD:$AD,G$3&"-"&$C9)=0,"",COUNTIF('ACCU AUD'!$AD:$AD,G$3&"-"&$C9)) | H9: =IF(COUNTIF('ACCU AUD'!$AD:$AD,H$3&"-"&$C9)=0,"",COUNTIF('ACCU AUD'!$AD:$AD,H$3&"-"&$C9)) | I9: =IF(COUNTIF('ACCU AUD'!$AD:$AD,I$3&"-"&$C9)=0,"",COUNTIF('ACCU AUD'!$AD:$AD,I$3&"-"&$C9)) | J9: =IF(COUNTIF('ACCU AUD'!$AD:$AD,J$3&"-"&$C9)=0,"",COUNTIF('ACCU AUD'!$AD:$AD,J$3&"-"&$C9)) | K9: =IF(COUNTIF('ACCU AUD'!$AD:$AD,K$3&"-"&$C9)=0,"",COUNTIF('ACCU AUD'!$AD:$AD,K$3&"-"&$C9)) | L9: =COUNTIF('ACCU AUD'!$AE:$AE,$C9)-SUM(E9:K9) | N9: =SUMIF('ACCU AUD'!AE:AE,C9,'ACCU AUD'!R:R) | O9: =N9/N$17
B10: BYD Company Limited | C10: 1211 | D10: =SUM(E10:L10) | E10: =IF(COUNTIF('ACCU AUD'!$AD:$AD,E$3&"-"&$C10)=0,"",COUNTIF('ACCU AUD'!$AD:$AD,E$3&"-"&$C10)) | F10: =IF(COUNTIF('ACCU AUD'!$AD:$AD,F$3&"-"&$C10)=0,"",COUNTIF('ACCU AUD'!$AD:$AD,F$3&"-"&$C10)) | G10: =IF(COUNTIF('ACCU AUD'!$AD:$AD,G$3&"-"&$C10)=0,"",COUNTIF('ACCU AUD'!$AD:$AD,G$3&"-"&$C10)) | H10: =IF(COUNTIF('ACCU AUD'!$AD:$AD,H$3&"-"&$C10)=0,"",COUNTIF('ACCU AUD'!$AD:$AD,H$3&"-"&$C10)) | I10: =IF(COUNTIF('ACCU AUD'!$AD:$AD,I$3&"-"&$C10)=0,"",COUNTIF('ACCU AUD'!$AD:$AD,I$3&"-"&$C10)) | J10: =IF(COUNTIF('ACCU AUD'!$AD:$AD,J$3&"-"&$C10)=0,"",COUNTIF('ACCU AUD'!$AD:$AD,J$3&"-"&$C10)) | K10: =IF(COUNTIF('ACCU AUD'!$AD:$AD,K$3&"-"&$C10)=0,"",COUNTIF('ACCU AUD'!$AD:$AD,K$3&"-"&$C10)) | L10: =COUNTIF('ACCU AUD'!$AE:$AE,$C10)-SUM(E10:K10) | N10: =SUMIF('ACCU AUD'!AE:AE,C10,'ACCU AUD'!R:R) | O10: =N10/N$17
B11: Agricultural Bank of China | C11: 1288 | D11: =SUM(E11:L11) | E11: =IF(COUNTIF('ACCU AUD'!$AD:$AD,E$3&"-"&$C11)=0,"",COUNTIF('ACCU AUD'!$AD:$AD,E$3&"-"&$C11)) | F11: =IF(COUNTIF('ACCU AUD'!$AD:$AD,F$3&"-"&$C11)=0,"",COUNTIF('ACCU AUD'!$AD:$AD,F$3&"-"&$C11)) | G11: =IF(COUNTIF('ACCU AUD'!$AD:$AD,G$3&"-"&$C11)=0,"",COUNTIF('ACCU AUD'!$AD:$AD,G$3&"-"&$C11)) | H11: =IF(COUNTIF('ACCU AUD'!$AD:$AD,H$3&"-"&$C11)=0,"",COUNTIF('ACCU AUD'!$AD:$AD,H$3&"-"&$C11)) | I11: =IF(COUNTIF('ACCU AUD'!$AD:$AD,I$3&"-"&$C11)=0,"",COUNTIF('ACCU AUD'!$AD:$AD,I$3&"-"&$C11)) | J11: =IF(COUNTIF('ACCU AUD'!$AD:$AD,J$3&"-"&$C11)=0,"",COUNTIF('ACCU AUD'!$AD:$AD,J$3&"-"&$C11)) | K11: =IF(COUNTIF('ACCU AUD'!$AD:$AD,K$3&"-"&$C11)=0,"",COUNTIF('ACCU AUD'!$AD:$AD,K$3&"-"&$C11)) | L11: =COUNTIF('ACCU AUD'!$AE:$AE,$C11)-SUM(E11:K11) | N11: =SUMIF('ACCU AUD'!AE:AE,C11,'ACCU AUD'!R:R) | O11: =N11/N$17
B12: Great Wall Motor | C12: 2333 | D12: =SUM(E12:L12) | E12: =IF(COUNTIF('ACCU AUD'!$AD:$AD,E$3&"-"&$C12)=0,"",COUNTIF('ACCU AUD'!$AD:$AD,E$3&"-"&$C12)) | F12: =IF(COUNTIF('ACCU AUD'!$AD:$AD,F$3&"-"&$C12)=0,"",COUNTIF('ACCU AUD'!$AD:$AD,F$3&"-"&$C12)) | G12: =IF(COUNTIF('ACCU AUD'!$AD:$AD,G$3&"-"&$C12)=0,"",COUNTIF('ACCU AUD'!$AD:$AD,G$3&"-"&$C12)) | H12: =IF(COUNTIF('ACCU AUD'!$AD:$AD,H$3&"-"&$C12)=0,"",COUNTIF('ACCU AUD'!$AD:$AD,H$3&"-"&$C12)) | I12: =IF(COUNTIF('ACCU AUD'!$AD:$AD,I$3&"-"&$C12)=0,"",COUNTIF('ACCU AUD'!$AD:$AD,I$3&"-"&$C12)) | J12: =IF(COUNTIF('ACCU AUD'!$AD:$AD,J$3&"-"&$C12)=0,"",COUNTIF('ACCU AUD'!$AD:$AD,J$3&"-"&$C12)) | K12: =IF(COUNTIF('ACCU AUD'!$AD:$AD,K$3&"-"&$C12)=0,"",COUNTIF('ACCU AUD'!$AD:$AD,K$3&"-"&$C12)) | L12: =COUNTIF('ACCU AUD'!$AE:$AE,$C12)-SUM(E12:K12) | N12: =SUMIF('ACCU AUD'!AE:AE,C12,'ACCU AUD'!R:R) | O12: =N12/N$17
B13: Zijin Mining | C13: 2899 | D13: =SUM(E13:L13) | E13: =IF(COUNTIF('ACCU AUD'!$AD:$AD,E$3&"-"&$C13)=0,"",COUNTIF('ACCU AUD'!$AD:$AD,E$3&"-"&$C13)) | F13: =IF(COUNTIF('ACCU AUD'!$AD:$AD,F$3&"-"&$C13)=0,"",COUNTIF('ACCU AUD'!$AD:$AD,F$3&"-"&$C13)) | G13: =IF(COUNTIF('ACCU AUD'!$AD:$AD,G$3&"-"&$C13)=0,"",COUNTIF('ACCU AUD'!$AD:$AD,G$3&"-"&$C13)) | H13: =IF(COUNTIF('ACCU AUD'!$AD:$AD,H$3&"-"&$C13)=0,"",COUNTIF('ACCU AUD'!$AD:$AD,H$3&"-"&$C13)) | I13: =IF(COUNTIF('ACCU AUD'!$AD:$AD,I$3&"-"&$C13)=0,"",COUNTIF('ACCU AUD'!$AD:$AD,I$3&"-"&$C13)) | J13: =IF(COUNTIF('ACCU AUD'!$AD:$AD,J$3&"-"&$C13)=0,"",COUNTIF('ACCU AUD'!$AD:$AD,J$3&"-"&$C13)) | K13: =IF(COUNTIF('ACCU AUD'!$AD:$AD,K$3&"-"&$C13)=0,"",COUNTIF('ACCU AUD'!$AD:$AD,K$3&"-"&$C13)) | L13: =COUNTIF('ACCU AUD'!$AE:$AE,$C13)-SUM(E13:K13) | N13: =SUMIF('ACCU AUD'!AE:AE,C13,'ACCU AUD'!R:R) | O13: =N13/N$17
B14: Bank of China | C14: 3988 | D14: =SUM(E14:L14) | E14: =IF(COUNTIF('ACCU AUD'!$AD:$AD,E$3&"-"&$C14)=0,"",COUNTIF('ACCU AUD'!$AD:$AD,E$3&"-"&$C14)) | F14: =IF(COUNTIF('ACCU AUD'!$AD:$AD,F$3&"-"&$C14)=0,"",COUNTIF('ACCU AUD'!$AD:$AD,F$3&"-"&$C14)) | G14: =IF(COUNTIF('ACCU AUD'!$AD:$AD,G$3&"-"&$C14)=0,"",COUNTIF('ACCU AUD'!$AD:$AD,G$3&"-"&$C14)) | H14: =IF(COUNTIF('ACCU AUD'!$AD:$AD,H$3&"-"&$C14)=0,"",COUNTIF('ACCU AUD'!$AD:$AD,H$3&"-"&$C14)) | I14: =IF(COUNTIF('ACCU AUD'!$AD:$AD,I$3&"-"&$C14)=0,"",COUNTIF('ACCU AUD'!$AD:$AD,I$3&"-"&$C14)) | J14: =IF(COUNTIF('ACCU AUD'!$AD:$AD,J$3&"-"&$C14)=0,"",COUNTIF('ACCU AUD'!$AD:$AD,J$3&"-"&$C14)) | K14: =IF(COUNTIF('ACCU AUD'!$AD:$AD,K$3&"-"&$C14)=0,"",COUNTIF('ACCU AUD'!$AD:$AD,K$3&"-"&$C14)) | L14: =COUNTIF('ACCU AUD'!$AE:$AE,$C14)-SUM(E14:K14) | N14: =SUMIF('ACCU AUD'!AE:AE,C14,'ACCU AUD'!R:R) | O14: =N14/N$17
B15: China Molybdenum | C15: 3993 | D15: =SUM(E15:L15) | E15: =IF(COUNTIF('ACCU AUD'!$AD:$AD,E$3&"-"&$C15)=0,"",COUNTIF('ACCU AUD'!$AD:$AD,E$3&"-"&$C15)) | F15: =IF(COUNTIF('ACCU AUD'!$AD:$AD,F$3&"-"&$C15)=0,"",COUNTIF('ACCU AUD'!$AD:$AD,F$3&"-"&$C15)) | G15: =IF(COUNTIF('ACCU AUD'!$AD:$AD,G$3&"-"&$C15)=0,"",COUNTIF('ACCU AUD'!$AD:$AD,G$3&"-"&$C15)) | H15: =IF(COUNTIF('ACCU AUD'!$AD:$AD,H$3&"-"&$C15)=0,"",COUNTIF('ACCU AUD'!$AD:$AD,H$3&"-"&$C15)) | I15: =IF(COUNTIF('ACCU AUD'!$AD:$AD,I$3&"-"&$C15)=0,"",COUNTIF('ACCU AUD'!$AD:$AD,I$3&"-"&$C15)) | J15: =IF(COUNTIF('ACCU AUD'!$AD:$AD,J$3&"-"&$C15)=0,"",COUNTIF('ACCU AUD'!$AD:$AD,J$3&"-"&$C15)) | K15: =IF(COUNTIF('ACCU AUD'!$AD:$AD,K$3&"-"&$C15)=0,"",COUNTIF('ACCU AUD'!$AD:$AD,K$3&"-"&$C15)) | L15: =COUNTIF('ACCU AUD'!$AE:$AE,$C15)-SUM(E15:K15) | N15: =SUMIF('ACCU AUD'!AE:AE,C15,'ACCU AUD'!R:R) | O15: =N15/N$17
B16: Citic Securities | C16: 6030 | D16: =SUM(E16:L16) | E16: =IF(COUNTIF('ACCU AUD'!$AD:$AD,E$3&"-"&$C16)=0,"",COUNTIF('ACCU AUD'!$AD:$AD,E$3&"-"&$C16)) | F16: =IF(COUNTIF('ACCU AUD'!$AD:$AD,F$3&"-"&$C16)=0,"",COUNTIF('ACCU AUD'!$AD:$AD,F$3&"-"&$C16)) | G16: =IF(COUNTIF('ACCU AUD'!$AD:$AD,G$3&"-"&$C16)=0,"",COUNTIF('ACCU AUD'!$AD:$AD,G$3&"-"&$C16)) | H16: =IF(COUNTIF('ACCU AUD'!$AD:$AD,H$3&"-"&$C16)=0,"",COUNTIF('ACCU AUD'!$AD:$AD,H$3&"-"&$C16)) | I16: =IF(COUNTIF('ACCU AUD'!$AD:$AD,I$3&"-"&$C16)=0,"",COUNTIF('ACCU AUD'!$AD:$AD,I$3&"-"&$C16)) | J16: =IF(COUNTIF('ACCU AUD'!$AD:$AD,J$3&"-"&$C16)=0,"",COUNTIF('ACCU AUD'!$AD:$AD,J$3&"-"&$C16)) | K16: =IF(COUNTIF('ACCU AUD'!$AD:$AD,K$3&"-"&$C16)=0,"",COUNTIF('ACCU AUD'!$AD:$AD,K$3&"-"&$C16)) | L16: =COUNTIF('ACCU AUD'!$AE:$AE,$C16)-SUM(E16:K16) | N16: =SUMIF('ACCU AUD'!AE:AE,C16,'ACCU AUD'!R:R) | O16: =N16/N$17
C17: TOTAL: | D17: =SUM(D4:D16) | E17: =SUM(E4:E16) | F17: =SUM(F4:F16) | G17: =SUM(G4:G16) | H17: =SUM(H4:H16) | I17: =SUM(I4:I16) | J17: =SUM(J4:J16) | K17: =SUM(K4:K16) | L17: =SUM(L4:L16) | N17: =SUM(N4:N16) | O17: =N17/N$17
B19: DECUMULATORS | F19: =F1
B20: AU Stock | C20: Code | D20: Total | E20: =E$2 | F20: =F$2 | G20: =G$2 | H20: =H$2 | I20: =I$2 | J20: =J$2 | K20: =K$2 | L20: =L$2 | N20: Estimated Amount | O20: %
B21: Rio Tinto | C21: RIO | D21: =SUM(E21:L21) | E21: =IF(COUNTIF('DECU AUD'!$AD:$AD,E$3&"-"&$C21)=0,"",COUNTIF('DECU AUD'!$AD:$AD,E$3&"-"&$C21)) | F21: =IF(COUNTIF('DECU AUD'!$AD:$AD,F$3&"-"&$C21)=0,"",COUNTIF('DECU AUD'!$AD:$AD,F$3&"-"&$C21)) | G21: =IF(COUNTIF('DECU AUD'!$AD:$AD,G$3&"-"&$C21)=0,"",COUNTIF('DECU AUD'!$AD:$AD,G$3&"-"&$C21)) | H21: =IF(COUNTIF('DECU AUD'!$AD:$AD,H$3&"-"&$C21)=0,"",COUNTIF('DECU AUD'!$AD:$AD,H$3&"-"&$C21)) | I21: =IF(COUNTIF('DECU AUD'!$AD:$AD,I$3&"-"&$C21)=0,"",COUNTIF('DECU AUD'!$AD:$AD,I$3&"-"&$C21)) | J21: =IF(COUNTIF('DECU AUD'!$AD:$AD,J$3&"-"&$C21)=0,"",COUNTIF('DECU AUD'!$AD:$AD,J$3&"-"&$C21)) | K21: =IF(COUNTIF('DECU AUD'!$AD:$AD,K$3&"-"&$C21)=0,"",COUNTIF('DECU AUD'!$AD:$AD,K$3&"-"&$C21)) | L21: =COUNTIF('DECU AUD'!$AE:$AE,$C21)-SUM(E21:K21) | N21: =SUMIF('DECU AUD'!AE:AE,C21,'DECU AUD'!R:R) | O21: =N21/$N$22
C22: TOTAL: | D22: =SUM(D21:D21) | E22: =SUM(E21:E21) | F22: =SUM(F21:F21) | G22: =SUM(G21:G21) | H22: =SUM(H21:H21) | I22: =SUM(I21:I21) | J22: =SUM(J21:J21) | K22: =SUM(K21:K21) | L22: =SUM(L21:L21) | N22: =SUM(N21:N21) | O22: =N22/N$22
B24: JP Stock | C24: Code | D24: Total | E24: =E$2 | F24: =F$2 | G24: =G$2 | H24: =H$2 | I24: =I$2 | J24: =J$2 | K24: =K$2 | L24: =L$2
B25: Nomura | C25: 8604 | D25: =SUM(E25:L25) | L25: 0
C26: TOTAL: | D26: =SUM(D25:D25) | E26: =SUM(E25:E25) | F26: =SUM(F25:F25) | G26: =SUM(G25:G25) | H26: =SUM(H25:H25) | I26: =SUM(I25:I25) | J26: =SUM(J25:J25) | K26: =SUM(K25:K25) | L26: =SUM(L25:L25)
B29: US Stock | C29: Code | D29: Total | E29: =E$2 | F29: =F$2 | G29: =G$2 | H29: =H$2 | I29: =I$2 | J29: =J$2 | K29: =K$2 | L29: =L$2
B30: General Electric | C30: GE | D30: =SUM(E30:L30) | L30: 0
C31: TOTAL: | D31: =SUM(D30:D30) | E31: =SUM(E30:E30) | F31: =SUM(F30:F30) | G31: =SUM(G30:G30) | H31: =SUM(H30:H30) | I31: =SUM(I30:I30) | J31: =SUM(J30:J30) | K31: =SUM(K30:K30) | L31: =SUM(L30:L30)

Sheet ACCU AUD
A1: =SUM(A10) | B1: =ALLHKD!C1 | H1: ACCUMULATORS | N1: For the Whole Structure
A3: MORGAN STANLEY (Perfect Legend w/ Lucio)
B5: ACCUMULATOR | C5: CODE | E5: SHARES / DAY | H5: SPOT PRICE | I5: STRIKE PRICE | J5: K/O PRICE | K5: LIFE TERM OF CONTRACT | N5: START DATE | O5: END DATE | Q5: Estimated Total Shares Remaining | R5: Estimated Amount | T5: Estimated Amount per month | Y5: Month 1 | Z5: Month 2
D6: CB1 | K6: RCVD DAYS | L6: REM DAYS | M6: Total DAYS | V6: NOW | W6: NEXT | X6: sd | Y6: hkd | Z6: hkd
A7: =INDIRECT(ADDRESS(ROW()-1,COLUMN()))+1 | B7: Rio Tinto | C7: RIO | D7: GREATWALL - 26 | E7: 81 | F7: / | G7: =E7*2 | H7: 103.7708 | I7: 89.8967 | J7: 108.9594 | K7: 108 | L7: =M7-K7 | M7: 255 | N7: 43615 | O7: 43980 | Q7: =E7*L7*X7 | R7: =E7*I7*L7*X7 | T7: =E7*I7*20*X7 | V7: 23 | W7: 42 | X7: 1 | Y7: =X7*V7*E7*I7 | Z7: =X7*W7*E7*I7 | AB7: =MONTH(O7) | AC7: =YEAR(O7) | AD7: =AB7&"-"&AC7&"-"&C7 | AE7: =C7 | AF7: =MATCH(AE7,#REF!,)
A8: =INDIRECT(ADDRESS(ROW()-1,COLUMN()))+1 | B8: Rio Tinto | C8: RIO | D8: JIANGXI - 40 | E8: 61 | F8: / | G8: =E8*2 | H8: 101.6371 | I8: 87.5502 | J8: 106.7189 | K8: 88 | L8: =M8-K8 | M8: 255 | N8: 43629 | O8: 43994 | Q8: =E8*L8*X8 | R8: =E8*I8*L8*X8 | T8: =E8*I8*20*X8 | V8: 21 | W8: 43 | X8: 1 | Y8: =X8*V8*E8*I8 | Z8: =X8*W8*E8*I8 | AB8: =MONTH(O8) | AC8: =YEAR(O8) | AD8: =AB8&"-"&AC8&"-"&C8 | AE8: =C8 | AF8: =MATCH(AE8,#REF!,)
A9: =INDIRECT(ADDRESS(ROW()-1,COLUMN()))+1 | B9: Rio Tinto | C9: RIO | D9: JIANGXI - 40 | E9: 101 | F9: / | G9: =E9*2 | H9: 103.5853 | I9: 88.7623 | J9: 108.7646 | K9: 66 | L9: =M9-K9 | M9: 254 | N9: 43654 | O9: 44018 | Q9: =E9*L9*X9 | R9: =E9*I9*L9*X9 | T9: =E9*I9*20*X9 | V9: 21 | W9: 43 | X9: 1 | Y9: =X9*V9*E9*I9 | Z9: =X9*W9*E9*I9 | AB9: =MONTH(O9) | AC9: =YEAR(O9) | AD9: =AB9&"-"&AC9&"-"&C9 | AE9: =C9 | AF9: =MATCH(AE9,#REF!,)
A10: =INDIRECT(ADDRESS(ROW()-1,COLUMN()))+1 | B10: Rio Tinto | C10: RIO | D10: JIANGXI - 40 | E10: 121 | F10: / | G10: =E10*2 | H10: 103.3905 | I10: 87.7475 | J10: 108.5601 | K10: 66 | L10: =M10-K10 | M10: 255 | N10: 43656 | O10: 44021 | Q10: =E10*L10*X10 | R10: =E10*I10*L10*X10 | T10: =E10*I10*20*X10 | V10: 23 | W10: 43 | X10: 1 | Y10: =X10*V10*E10*I10 | Z10: =X10*W10*E10*I10 | AB10: =MONTH(O10) | AC10: =YEAR(O10) | AD10: =AB10&"-"&AC10&"-"&C10 | AE10: =C10 | AF10: =MATCH(AE10,#REF!,)
O12: Total | Q12: =SUM(Q6:Q11) | R12: =SUM(R6:R11) | T12: =SUM(T6:T11)
R13: AUD | T13: AUD
N15: RATE | O15: 1.44
R16: AUD | T16: USD
N17: =ACCU!N178 | R17: =R12-Y17 | T17: =R17/O15 | Y17: =SUM(Y6:Y16) | Z17: =SUM(Z6:Z16)
N18: =ACCU!N179 | R18: =R12-Z17 | T18: =R18/O15
N19: Remaining End of August 2019 | R19: =R18-T12 | T19: =R19/O15

Sheet DECU AUD
A1: =SUM(A9) | B1: =ALLHKD!C1 | H1: DECUMULATORS | N1: For the Whole Structure
A3: MORGAN STANLEY (Perfect Legend w/ Lucio)
B5: DECUMULATOR | C5: CODE | E5: SHARES / DAY | H5: SPOT PRICE | I5: STRIKE PRICE | J5: K/O PRICE | K5: LIFE TERM OF CONTRACT | N5: START DATE | O5: END DATE | Q5: Estimated Total Shares Remaining | R5: Estimated Amount | T5: Estimated Amount per month | Y5: Month 1 | Z5: Month 2
D6: CB1 | K6: RCVD DAYS | L6: REM DAYS | M6: Total DAYS | V6: NOW | W6: NEXT | X6: sd | Y6: hkd | Z6: hkd
A7: =INDIRECT(ADDRESS(ROW()-1,COLUMN()))+1 | B7: Rio Tinto | C7: RIO | D7: GREATWALL - 26 | E7: 150 | F7: / | G7: =E7*2 | H7: 85.2381 | I7: 95.0661 | J7: 80.9762 | K7: 45 | L7: =M7-K7 | M7: 190 | N7: 43690 | O7: 43963 | Q7: =E7*L7*X7 | R7: =E7*I7*L7*X7 | T7: =E7*I7*20*X7 | V7: 21 | W7: 43 | X7: 1 | Y7: =X7*V7*E7*I7 | Z7: =X7*W7*E7*I7 | AB7: =MONTH(O7) | AC7: =YEAR(O7) | AD7: =AB7&"-"&AC7&"-"&C7 | AE7: =C7 | AF7: =MATCH(AE7,#REF!,)
A8: =INDIRECT(ADDRESS(ROW()-1,COLUMN()))+1 | B8: Rio Tinto | C8: RIO | D8: GREATWALL - 26 | E8: 120 | F8: / | G8: =E8*2 | H8: 85.6981 | I8: 96.7789 | J8: 81.4132 | K8: 44 | L8: 255 | M8: 255 | N8: 43691 | O8: 44056 | Q8: =E8*L8*X8 | R8: =E8*I8*L8*X8 | T8: =E8*I8*20*X8 | V8: 22 | W8: 44 | X8: 1 | Y8: =X8*V8*E8*I8 | Z8: =X8*W8*E8*I8 | AB8: =MONTH(O8) | AC8: =YEAR(O8) | AD8: =AB8&"-"&AC8&"-"&C8 | AE8: =C8 | AF8: =MATCH(AE8,#REF!,)
A9: =INDIRECT(ADDRESS(ROW()-1,COLUMN()))+1 | B9: Rio Tinto | C9: RIO | D9: GREATWALL - 26 | E9: 60 | F9: / | G9: =E9*2 | H9: 87.9711 | I9: 96.0908 | J9: 83.5725 | K9: 0 | L9: 189 | M9: 189 | N9: 43748 | O9: 44021 | Q9: =E9*L9*X9 | R9: =E9*I9*L9*X9 | T9: =E9*I9*20*X9 | V9: 23 | W9: 43 | X9: 1 | Y9: =X9*V9*E9*I9 | Z9: =X9*W9*E9*I9 | AB9: =MONTH(O9) | AC9: =YEAR(O9) | AD9: =AB9&"-"&AC9&"-"&C9 | AE9: =C9 | AF9: =MATCH(AE9,#REF!,)
O11: Total | Q11: =SUM(Q6:Q10) | R11: =SUM(R6:R10) | T11: =SUM(T6:T10)
R12: AUD | T12: AUD
N14: RATE | O14: 1.44
R15: AUD | T15: USD
N16: ='ACCU AUD'!N17:Q17 | R16: =R11-Y16 | T16: =R16/O14 | Y16: =SUM(Y6:Y15) | Z16: =SUM(Z6:Z15)
N17: ='ACCU AUD'!N18:Q18 | R17: =R11-Z16 | T17: =R17/O14
N18: Remaining End of August 2019 | R18: =R17-T11 | T18: =R18/O14
