Workbook
Name Average: [1]Equities!$D:$D
Name BLOCKED: [1]Equities!$I:$I
Name UNBLOCKED: [1]Equities!$H:$H

Sheet 1
A1: Short Stock Summary
A2: =ALL!A1 -> As of September 20, 2022
L3: Ex-Date | M3: 44749
L4: Dividends | M4: RMB 0.2068
A5: 1 | B5: =INDEX(Stocks!A:B,MATCH(P6,Stocks!A:A,),2)&" ("&P6&")" -> Agricultural Bank of China (1288:HK) | G5: Market Price | L5: Pay-out Date | M5: 44778
C6: Account | D6: Shares | E6: Ave. Cost | F6: Amount | H6: Sell Qty | I6: Amount HKD | J6: =IF(COUNTIF(J7:J18,">0")<>0,IF(COUNTIF(J7:J18,"<0")<>0,"Gain / Loss", "Gain"),"Loss") -> Loss | K6: ="% "&IF(COUNTIF(K7:K18,">=0")<>0,IF(COUNTIF(K7:K18,"<0")<>0,"Gain / Loss", "Gain"),"Loss") -> % Loss | P6: 1288:HK
C7: Citibank Singapore A/C No. 1 | D7: =SUMIF(Download!B:B,Q7,Download!G:G) -> 0 | E7: =SUMIF(Download!B:B,Q7,Download!H:H) -> 0 | F7: =D7*E7 -> 0 | H7: 100000 | I7: =H7*H5 -> 0 | J7: =(H5-E7)*H7 -> 0 | K7: =(H5/E7)-1 -> #DIV/0! | O7: CBSG | P7: =P6 -> 1288:HK | Q7: =O7&P7 -> CBSG1288:HK
C8: Citibank Account No. 2 | D8: =SUMIF(Download!B:B,Q8,Download!G:G) -> 0 | E8: =SUMIF(Download!B:B,Q8,Download!H:H) -> 0 | F8: =D8*E8 -> 0 | H8: =H7 -> 100000 | I8: =H8*H5 -> 0 | J8: =(H5-E8)*H8 -> 0 | K8: =(H5/E8)-1 -> #DIV/0! | O8: CB2 | P8: =P7 -> 1288:HK | Q8: =O8&P8 -> CB21288:HK
C9: Citibank Account No. 3 | D9: =SUMIF(Download!B:B,Q9,Download!G:G) -> 0 | E9: =SUMIF(Download!B:B,Q9,Download!H:H) -> 0 | F9: =D9*E9 -> 0 | H9: =H8 -> 100000 | I9: =H9*H5 -> 0 | J9: =(H5-E9)*H9 -> 0 | K9: =(H5/E9)-1 -> #DIV/0! | O9: CB3 | P9: =P7 -> 1288:HK | Q9: =O9&P9 -> CB31288:HK
C10: Citibank Berry Hill | D10: =SUMIF(Download!B:B,Q10,Download!G:G) -> 0 | E10: =SUMIF(Download!B:B,Q10,Download!H:H) -> 0 | F10: =D10*E10 -> 0 | H10: =H9 -> 100000 | I10: =H10*H5 -> 0 | J10: =(H5-E10)*H10 -> 0 | K10: =(H5/E10)-1 -> #DIV/0! | O10: CBBH | P10: =P8 -> 1288:HK | Q10: =O10&P10 -> CBBH1288:HK
C11: Bank of Singapore | D11: =SUMIF(Download!B:B,Q11,Download!G:G) -> 0 | E11: =SUMIF(Download!B:B,Q11,Download!H:H) -> 0 | F11: =D11*E11 -> 0 | H11: =H10 -> 100000 | I11: =H11*H5 -> 0 | J11: =(H5-E11)*H11 -> 0 | K11: =(H5/E11)-1 -> #DIV/0! | O11: BOS | P11: =P10 -> 1288:HK | Q11: =O11&P11 -> BOS1288:HK
C12: Deutsche Bank Personal | D12: =SUMIF(Download!B:B,Q12,Download!G:G) -> 0 | E12: =SUMIF(Download!B:B,Q12,Download!H:H) -> 0 | F12: =D12*E12 -> 0 | H12: =H11 -> 100000 | I12: =H12*H5 -> 0 | J12: =(H5-E12)*H12 -> 0 | K12: =(H5/E12)-1 -> #DIV/0! | O12: DBPe | P12: =P11 -> 1288:HK | Q12: =O12&P12 -> DBPe1288:HK
C13: Deutsche Bank Perfect Legend | D13: =SUMIF(Download!B:B,Q13,Download!G:G) -> 0 | E13: =SUMIF(Download!B:B,Q13,Download!H:H) -> 0 | F13: =D13*E13 -> 0 | H13: =H12 -> 100000 | I13: =H13*H5 -> 0 | J13: =(H5-E13)*H13 -> 0 | K13: =(H5/E13)-1 -> #DIV/0! | O13: DBPL | P13: =P12 -> 1288:HK | Q13: =O13&P13 -> DBPL1288:HK
C14: Standard Chartered Bank | D14: =SUMIF(Download!B:B,Q14,Download!G:G) -> 0 | E14: =SUMIF(Download!B:B,Q14,Download!H:H) -> 0 | F14: =D14*E14 -> 0 | H14: =H13 -> 100000 | I14: =H14*H5 -> 0 | J14: =(H5-E14)*H14 -> 0 | K14: =(H5/E14)-1 -> #DIV/0! | O14: SC | P14: =P13 -> 1288:HK | Q14: =O14&P14 -> SC1288:HK
C15: Sun Hung Kai | D15: =SUMIF(Download!B:B,Q15,Download!G:G) -> 0 | E15: =SUMIF(Download!B:B,Q15,Download!H:H) -> 0 | F15: =D15*E15 -> 0 | H15: =H14 -> 100000 | I15: =H15*H5 -> 0 | J15: =(H5-E15)*H15 -> 0 | K15: =(H5/E15)-1 -> #DIV/0! | O15: SHK | P15: =P14 -> 1288:HK | Q15: =O15&P15 -> SHK1288:HK
C16: Morgan Stanley Titan No. 1 | D16: =SUMIF(Download!B:B,Q16,Download!G:G) -> 0 | E16: =SUMIF(Download!B:B,Q16,Download!H:H) -> 0 | F16: =D16*E16 -> 0 | H16: =H15 -> 100000 | I16: =H16*H5 -> 0 | J16: =(H5-E16)*H16 -> 0 | K16: =(H5/E16)-1 -> #DIV/0! | O16: MST1 | P16: =P15 -> 1288:HK | Q16: =O16&P16 -> MST11288:HK
C17: Morgan Stanley Titan No. 2 | D17: =SUMIF(Download!B:B,Q17,Download!G:G) -> 0 | E17: =SUMIF(Download!B:B,Q17,Download!H:H) -> 0 | F17: =D17*E17 -> 0 | H17: =H16 -> 100000 | I17: =H17*H5 -> 0 | J17: =(H5-E17)*H17 -> 0 | K17: =(H5/E17)-1 -> #DIV/0! | L17: with Decu Strike 2.6905 | O17: MST2 | P17: =P16 -> 1288:HK | Q17: =O17&P17 -> MST21288:HK
C18: Morgan Stanley Perfect Legend | D18: =SUMIF(Download!B:B,Q18,Download!G:G) -> 0 | E18: =SUMIF(Download!B:B,Q18,Download!H:H) -> 0 | F18: =D18*E18 -> 0 | H18: =H17 -> 100000 | I18: =H18*H5 -> 0 | J18: =(H5-E18)*H18 -> 0 | K18: =(H5/E18)-1 -> #DIV/0! | O18: MSPL | P18: =P17 -> 1288:HK | Q18: =O18&P18 -> MSPL1288:HK
C20: Total | D20: =SUM(D6:D19) -> 0 | E20: =F20/D20 -> #DIV/0! | F20: =SUM(F6:F19) -> 0
L21: Ex-Date | M21: 44749
L22: Dividends | M22: RMB 0.2210
A23: 2 | B23: =INDEX(Stocks!A:B,MATCH(P24,Stocks!A:A,),2)&" ("&P24&")" -> Bank of China (3988:HK) | G23: Market Price | L23: Pay-out Date | M23: 44783
C24: Account | D24: Shares | E24: Ave. Cost | F24: Amount | H24: Sell Qty | I24: Amount HKD | J24: =IF(COUNTIF(J25:J36,">0")<>0,IF(COUNTIF(J25:J36,"<0")<>0,"Gain / Loss", "Gain"),"Loss") -> Loss | K24: ="% "&IF(COUNTIF(K25:K36,">=0")<>0,IF(COUNTIF(K25:K36,"<0")<>0,"Gain / Loss", "Gain"),"Loss") -> % Loss | P24: 3988:HK
C25: Citibank Singapore A/C No. 1 | D25: =SUMIF(Download!B:B,Q25,Download!G:G) -> 0 | E25: =SUMIF(Download!B:B,Q25,Download!H:H) -> 0 | F25: =D25*E25 -> 0 | H25: 100000 | I25: =H25*H23 -> 0 | J25: =(H23-E25)*H25 -> 0 | K25: =(H23/E25)-1 -> #DIV/0! | O25: CBSG | P25: =P24 -> 3988:HK | Q25: =O25&P25 -> CBSG3988:HK
C26: Citibank Account No. 2 | D26: =SUMIF(Download!B:B,Q26,Download!G:G) -> 0 | E26: =SUMIF(Download!B:B,Q26,Download!H:H) -> 0 | F26: =D26*E26 -> 0 | H26: =H25 -> 100000 | I26: =H26*H23 -> 0 | J26: =(H23-E26)*H26 -> 0 | K26: =(H23/E26)-1 -> #DIV/0! | O26: CB2 | P26: =P25 -> 3988:HK | Q26: =O26&P26 -> CB23988:HK
C27: Citibank Account No. 3 | D27: =SUMIF(Download!B:B,Q27,Download!G:G) -> 0 | E27: =SUMIF(Download!B:B,Q27,Download!H:H) -> 0 | F27: =D27*E27 -> 0 | H27: =H26 -> 100000 | I27: =H27*H23 -> 0 | J27: =(H23-E27)*H27 -> 0 | K27: =(H23/E27)-1 -> #DIV/0! | O27: CB3 | P27: =P26 -> 3988:HK | Q27: =O27&P27 -> CB33988:HK
C28: Citibank Berry Hill | D28: =SUMIF(Download!B:B,Q28,Download!G:G) -> 0 | E28: =SUMIF(Download!B:B,Q28,Download!H:H) -> 0 | F28: =D28*E28 -> 0 | H28: =H27 -> 100000 | I28: =H28*H23 -> 0 | J28: =(H23-E28)*H28 -> 0 | K28: =(H23/E28)-1 -> #DIV/0! | O28: CBBH | P28: =P26 -> 3988:HK | Q28: =O28&P28 -> CBBH3988:HK
C29: Bank of Singapore | D29: =SUMIF(Download!B:B,Q29,Download!G:G) -> 0 | E29: =SUMIF(Download!B:B,Q29,Download!H:H) -> 0 | F29: =D29*E29 -> 0 | H29: =H28 -> 100000 | I29: =H29*H23 -> 0 | J29: =(H23-E29)*H29 -> 0 | K29: =(H23/E29)-1 -> #DIV/0! | L29: with Decu Strike 2.9932 | O29: BOS | P29: =P28 -> 3988:HK | Q29: =O29&P29 -> BOS3988:HK
C30: Deutsche Bank Personal | D30: =SUMIF(Download!B:B,Q30,Download!G:G) -> 0 | E30: =SUMIF(Download!B:B,Q30,Download!H:H) -> 0 | F30: =D30*E30 -> 0 | H30: =H29 -> 100000 | I30: =H30*H23 -> 0 | J30: =(H23-E30)*H30 -> 0 | K30: =(H23/E30)-1 -> #DIV/0! | L30: with Decu Strike 2.9154 | O30: DBPe | P30: =P29 -> 3988:HK | Q30: =O30&P30 -> DBPe3988:HK
C31: Deutsche Bank Perfect Legend | D31: =SUMIF(Download!B:B,Q31,Download!G:G) -> 0 | E31: =SUMIF(Download!B:B,Q31,Download!H:H) -> 0 | F31: =D31*E31 -> 0 | H31: =H30 -> 100000 | I31: =H31*H23 -> 0 | J31: =(H23-E31)*H31 -> 0 | K31: =(H23/E31)-1 -> #DIV/0! | O31: DBPL | P31: =P30 -> 3988:HK | Q31: =O31&P31 -> DBPL3988:HK
C32: Standard Chartered Bank | D32: =SUMIF(Download!B:B,Q32,Download!G:G) -> 0 | E32: =SUMIF(Download!B:B,Q32,Download!H:H) -> 0 | F32: =D32*E32 -> 0 | H32: =H31 -> 100000 | I32: =H32*H23 -> 0 | J32: =(H23-E32)*H32 -> 0 | K32: =(H23/E32)-1 -> #DIV/0! | O32: SC | P32: =P31 -> 3988:HK | Q32: =O32&P32 -> SC3988:HK
C33: Sun Hung Kai | D33: =SUMIF(Download!B:B,Q33,Download!G:G) -> 0 | E33: =SUMIF(Download!B:B,Q33,Download!H:H) -> 0 | F33: =D33*E33 -> 0 | H33: =H32 -> 100000 | I33: =H33*H23 -> 0 | J33: =(H23-E33)*H33 -> 0 | K33: =(H23/E33)-1 -> #DIV/0! | O33: SHK | P33: =P32 -> 3988:HK | Q33: =O33&P33 -> SHK3988:HK
C34: Morgan Stanley Titan No. 1 | D34: =SUMIF(Download!B:B,Q34,Download!G:G) -> 0 | E34: =SUMIF(Download!B:B,Q34,Download!H:H) -> 0 | F34: =D34*E34 -> 0 | H34: =H33 -> 100000 | I34: =H34*H23 -> 0 | J34: =(H23-E34)*H34 -> 0 | K34: =(H23/E34)-1 -> #DIV/0! | L34: with Decu Strike 2.9066 | O34: MST1 | P34: =P33 -> 3988:HK | Q34: =O34&P34 -> MST13988:HK
C35: Morgan Stanley Titan No. 2 | D35: =SUMIF(Download!B:B,Q35,Download!G:G) -> 0 | E35: =SUMIF(Download!B:B,Q35,Download!H:H) -> 0 | F35: =D35*E35 -> 0 | H35: =H34 -> 100000 | I35: =H35*H23 -> 0 | J35: =(H23-E35)*H35 -> 0 | K35: =(H23/E35)-1 -> #DIV/0! | O35: MST2 | P35: =P34 -> 3988:HK | Q35: =O35&P35 -> MST23988:HK
C36: Morgan Stanley Perfect Legend | D36: =SUMIF(Download!B:B,Q36,Download!G:G) -> 0 | E36: =SUMIF(Download!B:B,Q36,Download!H:H) -> 0 | F36: =D36*E36 -> 0 | H36: =H35 -> 100000 | I36: =H36*H23 -> 0 | J36: =(H23-E36)*H36 -> 0 | K36: =(H23/E36)-1 -> #DIV/0! | L36: with Decu Strike 2.9681 | O36: MSPL | P36: =P35 -> 3988:HK | Q36: =O36&P36 -> MSPL3988:HK
C38: Total | D38: =SUM(D23:D37) -> 0 | E38: =F38/D38 -> #DIV/0! | F38: =SUM(F23:F37) -> 0
K41: 1 | L41: Ex-Date | M41: 44630
L42: Dividends | M42: USD 0.18
L43: Pay-out Date | M43: 44679
K44: 2 | L44: Ex-Date | M44: 44791
L45: Dividends | M45: USD 0.09
A46: 3 | B46: =INDEX(Stocks!A:B,MATCH(P47,Stocks!A:A,),2)&" ("&P47&")" -> HSBC (5:HK) | G46: Market Price | L46: Pay-out Date | M46: 44833
C47: Account | D47: Shares | E47: Ave. Cost | F47: Amount | H47: Sell Qty | I47: Amount HKD | J47: =IF(COUNTIF(J48:J59,">0")<>0,IF(COUNTIF(J48:J59,"<0")<>0,"Gain / Loss", "Gain"),"Loss") -> Loss | K47: ="% "&IF(COUNTIF(K48:K59,">=0")<>0,IF(COUNTIF(K48:K59,"<0")<>0,"Gain / Loss", "Gain"),"Loss") -> % Loss | P47: 5:HK
C48: Citibank Singapore A/C No. 1 | D48: =SUMIF(Download!B:B,Q48,Download!G:G) -> 0 | E48: =SUMIF(Download!B:B,Q48,Download!H:H) -> 0 | F48: =D48*E48 -> 0 | H48: 5000 | I48: =H48*H46 -> 0 | J48: =(H46-E48)*H48 -> 0 | K48: =(H46/E48)-1 -> #DIV/0! | O48: CBSG | P48: =P47 -> 5:HK | Q48: =O48&P48 -> CBSG5:HK
C49: Citibank Account No. 2 | D49: =SUMIF(Download!B:B,Q49,Download!G:G) -> 0 | E49: =SUMIF(Download!B:B,Q49,Download!H:H) -> 0 | F49: =D49*E49 -> 0 | H49: =H48 -> 5000 | I49: =H49*H46 -> 0 | J49: =(H46-E49)*H49 -> 0 | K49: =(H46/E49)-1 -> #DIV/0! | O49: CB2 | P49: =P48 -> 5:HK | Q49: =O49&P49 -> CB25:HK
C50: Citibank Account No. 3 | D50: =SUMIF(Download!B:B,Q50,Download!G:G) -> 0 | E50: =SUMIF(Download!B:B,Q50,Download!H:H) -> 0 | F50: =D50*E50 -> 0 | H50: =H49 -> 5000 | I50: =H50*H46 -> 0 | J50: =(H46-E50)*H50 -> 0 | K50: =(H46/E50)-1 -> #DIV/0! | O50: CB3 | P50: =P48 -> 5:HK | Q50: =O50&P50 -> CB35:HK
C51: Citibank Berry Hill | D51: =SUMIF(Download!B:B,Q51,Download!G:G) -> 0 | E51: =SUMIF(Download!B:B,Q51,Download!H:H) -> 0 | F51: =D51*E51 -> 0 | H51: =H50 -> 5000 | I51: =H51*H46 -> 0 | J51: =(H46-E51)*H51 -> 0 | K51: =(H46/E51)-1 -> #DIV/0! | O51: CBBH | P51: =P49 -> 5:HK | Q51: =O51&P51 -> CBBH5:HK
C52: Bank of Singapore | D52: =SUMIF(Download!B:B,Q52,Download!G:G) -> 0 | E52: =SUMIF(Download!B:B,Q52,Download!H:H) -> 0 | F52: =D52*E52 -> 0 | H52: =H51 -> 5000 | I52: =H52*H46 -> 0 | J52: =(H46-E52)*H52 -> 0 | K52: =(H46/E52)-1 -> #DIV/0! | O52: BOS | P52: =P51 -> 5:HK | Q52: =O52&P52 -> BOS5:HK
C53: Deutsche Bank Personal | D53: =SUMIF(Download!B:B,Q53,Download!G:G) -> 0 | E53: =SUMIF(Download!B:B,Q53,Download!H:H) -> 0 | F53: =D53*E53 -> 0 | H53: =H52 -> 5000 | I53: =H53*H46 -> 0 | J53: =(H46-E53)*H53 -> 0 | K53: =(H46/E53)-1 -> #DIV/0! | O53: DBPe | P53: =P52 -> 5:HK | Q53: =O53&P53 -> DBPe5:HK
C54: Deutsche Bank Perfect Legend | D54: =SUMIF(Download!B:B,Q54,Download!G:G) -> 0 | E54: =SUMIF(Download!B:B,Q54,Download!H:H) -> 0 | F54: =D54*E54 -> 0 | H54: =H53 -> 5000 | I54: =H54*H46 -> 0 | J54: =(H46-E54)*H54 -> 0 | K54: =(H46/E54)-1 -> #DIV/0! | O54: DBPL | P54: =P53 -> 5:HK | Q54: =O54&P54 -> DBPL5:HK
C55: Standard Chartered Bank | D55: =SUMIF(Download!B:B,Q55,Download!G:G) -> 0 | E55: =SUMIF(Download!B:B,Q55,Download!H:H) -> 0 | F55: =D55*E55 -> 0 | H55: =H54 -> 5000 | I55: =H55*H46 -> 0 | J55: =(H46-E55)*H55 -> 0 | K55: =(H46/E55)-1 -> #DIV/0! | O55: SC | P55: =P54 -> 5:HK | Q55: =O55&P55 -> SC5:HK
C56: Sun Hung Kai | D56: =SUMIF(Download!B:B,Q56,Download!G:G) -> 0 | E56: =SUMIF(Download!B:B,Q56,Download!H:H) -> 0 | F56: =D56*E56 -> 0 | H56: =H55 -> 5000 | I56: =H56*H46 -> 0 | J56: =(H46-E56)*H56 -> 0 | K56: =(H46/E56)-1 -> #DIV/0! | O56: SHK | P56: =P55 -> 5:HK | Q56: =O56&P56 -> SHK5:HK
C57: Morgan Stanley Titan No. 1 | D57: =SUMIF(Download!B:B,Q57,Download!G:G) -> 0 | E57: =SUMIF(Download!B:B,Q57,Download!H:H) -> 0 | F57: =D57*E57 -> 0 | H57: =H56 -> 5000 | I57: =H57*H46 -> 0 | J57: =(H46-E57)*H57 -> 0 | K57: =(H46/E57)-1 -> #DIV/0! | L57: with Decu Strike 54.7264 | O57: MST1 | P57: =P56 -> 5:HK | Q57: =O57&P57 -> MST15:HK
C58: Morgan Stanley Titan No. 2 | D58: =SUMIF(Download!B:B,Q58,Download!G:G) -> 0 | E58: =SUMIF(Download!B:B,Q58,Download!H:H) -> 0 | F58: =D58*E58 -> 0 | H58: =H57 -> 5000 | I58: =H58*H46 -> 0 | J58: =(H46-E58)*H58 -> 0 | K58: =(H46/E58)-1 -> #DIV/0! | O58: MST2 | P58: =P57 -> 5:HK | Q58: =O58&P58 -> MST25:HK
C59: Morgan Stanley Perfect Legend | D59: =SUMIF(Download!B:B,Q59,Download!G:G) -> 0 | E59: =SUMIF(Download!B:B,Q59,Download!H:H) -> 0 | F59: =D59*E59 -> 0 | H59: =H58 -> 5000 | I59: =H59*H46 -> 0 | J59: =(H46-E59)*H59 -> 0 | K59: =(H46/E59)-1 -> #DIV/0! | O59: MSPL | P59: =P58 -> 5:HK | Q59: =O59&P59 -> MSPL5:HK
C61: Total | D61: =SUM(D47:D60) -> 0 | E61: =F61/D61 -> #DIV/0! | F61: =SUM(F47:F60) -> 0
L66: Ex-Date | M66: 44391
L67: Dividends | M67: RMB 0.2085
A68: 4 | B68: =INDEX(Stocks!A:B,MATCH(P69,Stocks!A:A,),2)&" ("&P69&")" -> Postal Savings Bank of China (1658:HK) | G68: Market Price | L68: Pay-out Date | M68: 44413
C69: Account | D69: Shares | E69: Ave. Cost | F69: Amount | H69: Sell Qty | I69: Amount HKD | J69: =IF(COUNTIF(J70:J81,">0")<>0,IF(COUNTIF(J70:J81,"<0")<>0,"Gain / Loss", "Gain"),"Loss") -> Loss | K69: ="% "&IF(COUNTIF(K70:K81,">=0")<>0,IF(COUNTIF(K70:K81,"<0")<>0,"Gain / Loss", "Gain"),"Loss") -> % Loss | P69: 1658:HK
C70: Citibank Singapore A/C No. 1 | D70: =SUMIF(Download!B:B,Q70,Download!G:G) -> 0 | E70: =SUMIF(Download!B:B,Q70,Download!H:H) -> 0 | F70: =D70*E70 -> 0 | I70: =H70*H68 -> 0 | J70: =(H68-E70)*H70 -> 0 | K70: =(H68/E70)-1 -> #DIV/0! | O70: CBSG | P70: =P69 -> 1658:HK | Q70: =O70&P70 -> CBSG1658:HK
C71: Citibank Account No. 2 | D71: =SUMIF(Download!B:B,Q71,Download!G:G) -> 0 | E71: =SUMIF(Download!B:B,Q71,Download!H:H) -> 0 | F71: =D71*E71 -> 0 | I71: =H71*H68 -> 0 | J71: =(H68-E71)*H71 -> 0 | K71: =(H68/E71)-1 -> #DIV/0! | O71: CB2 | P71: =P70 -> 1658:HK | Q71: =O71&P71 -> CB21658:HK
C72: Citibank Account No. 3 | D72: =SUMIF(Download!B:B,Q72,Download!G:G) -> 0 | E72: =SUMIF(Download!B:B,Q72,Download!H:H) -> 0 | F72: =D72*E72 -> 0 | I72: =H72*H68 -> 0 | J72: =(H68-E72)*H72 -> 0 | K72: =(H68/E72)-1 -> #DIV/0! | O72: CB3 | P72: =P71 -> 1658:HK | Q72: =O72&P72 -> CB31658:HK
C73: Citibank Berry Hill | D73: =SUMIF(Download!B:B,Q73,Download!G:G) -> 0 | E73: =SUMIF(Download!B:B,Q73,Download!H:H) -> 0 | F73: =D73*E73 -> 0 | I73: =H73*H68 -> 0 | J73: =(H68-E73)*H73 -> 0 | K73: =(H68/E73)-1 -> #DIV/0! | O73: CBBH | P73: =P71 -> 1658:HK | Q73: =O73&P73 -> CBBH1658:HK
C74: Bank of Singapore | D74: =SUMIF(Download!B:B,Q74,Download!G:G) -> 0 | E74: =SUMIF(Download!B:B,Q74,Download!H:H) -> 0 | F74: =D74*E74 -> 0 | I74: =H74*H68 -> 0 | J74: =(H68-E74)*H74 -> 0 | K74: =(H68/E74)-1 -> #DIV/0! | O74: BOS | P74: =P73 -> 1658:HK | Q74: =O74&P74 -> BOS1658:HK
C75: Deutsche Bank Personal | D75: =SUMIF(Download!B:B,Q75,Download!G:G) -> 0 | E75: =SUMIF(Download!B:B,Q75,Download!H:H) -> 0 | F75: =D75*E75 -> 0 | I75: =H75*H68 -> 0 | J75: =(H68-E75)*H75 -> 0 | K75: =(H68/E75)-1 -> #DIV/0! | O75: DBPe | P75: =P74 -> 1658:HK | Q75: =O75&P75 -> DBPe1658:HK
C76: Deutsche Bank Perfect Legend | D76: =SUMIF(Download!B:B,Q76,Download!G:G) -> 0 | E76: =SUMIF(Download!B:B,Q76,Download!H:H) -> 0 | F76: =D76*E76 -> 0 | I76: =H76*H68 -> 0 | J76: =(H68-E76)*H76 -> 0 | K76: =(H68/E76)-1 -> #DIV/0! | O76: DBPL | P76: =P75 -> 1658:HK | Q76: =O76&P76 -> DBPL1658:HK
C77: Standard Chartered Bank | D77: =SUMIF(Download!B:B,Q77,Download!G:G) -> 0 | E77: =SUMIF(Download!B:B,Q77,Download!H:H) -> 0 | F77: =D77*E77 -> 0 | I77: =H77*H68 -> 0 | J77: =(H68-E77)*H77 -> 0 | K77: =(H68/E77)-1 -> #DIV/0! | O77: SC | P77: =P76 -> 1658:HK | Q77: =O77&P77 -> SC1658:HK
C78: Sun Hung Kai | D78: =SUMIF(Download!B:B,Q78,Download!G:G) -> 0 | E78: =SUMIF(Download!B:B,Q78,Download!H:H) -> 0 | F78: =D78*E78 -> 0 | I78: =H78*H68 -> 0 | J78: =(H68-E78)*H78 -> 0 | K78: =(H68/E78)-1 -> #DIV/0! | O78: SHK | P78: =P77 -> 1658:HK | Q78: =O78&P78 -> SHK1658:HK
C79: Morgan Stanley Titan No. 1 | D79: =SUMIF(Download!B:B,Q79,Download!G:G) -> 0 | E79: =SUMIF(Download!B:B,Q79,Download!H:H) -> 0 | F79: =D79*E79 -> 0 | I79: =H79*H68 -> 0 | J79: =(H68-E79)*H79 -> 0 | K79: =(H68/E79)-1 -> #DIV/0! | O79: MST1 | P79: =P78 -> 1658:HK | Q79: =O79&P79 -> MST11658:HK
C80: Morgan Stanley Titan No. 2 | D80: =SUMIF(Download!B:B,Q80,Download!G:G) -> 0 | E80: =SUMIF(Download!B:B,Q80,Download!H:H) -> 0 | F80: =D80*E80 -> 0 | I80: =H80*H68 -> 0 | J80: =(H68-E80)*H80 -> 0 | K80: =(H68/E80)-1 -> #DIV/0! | O80: MST2 | P80: =P79 -> 1658:HK | Q80: =O80&P80 -> MST21658:HK
C81: Morgan Stanley Perfect Legend | D81: =SUMIF(Download!B:B,Q81,Download!G:G) -> 0 | E81: =SUMIF(Download!B:B,Q81,Download!H:H) -> 0 | F81: =D81*E81 -> 0 | I81: =H81*H68 -> 0 | J81: =(H68-E81)*H81 -> 0 | K81: =(H68/E81)-1 -> #DIV/0! | O81: MSPL | P81: =P80 -> 1658:HK | Q81: =O81&P81 -> MSPL1658:HK
C83: Total | D83: =SUM(D64:D82) -> 0 | E83: =F83/D83 -> #DIV/0! | F83: =SUM(F64:F82) -> 0
L85: Ex-Date | M85: 44384
L86: Dividends | M86: RMB 0.3260
A87: 5 | B87: =INDEX(Stocks!A:B,MATCH(P88,Stocks!A:A,),2)&" ("&P88&")" -> China Construction Bank (939:HK) | G87: Market Price | L87: Pay-out Date | M87: 44413
C88: Account | D88: Shares | E88: Ave. Cost | F88: Amount | H88: Sell Qty | I88: Amount HKD | J88: =IF(COUNTIF(J89:J100,">0")<>0,IF(COUNTIF(J89:J100,"<0")<>0,"Gain / Loss", "Gain"),"Loss") -> Loss | K88: ="% "&IF(COUNTIF(K89:K100,">=0")<>0,IF(COUNTIF(K89:K100,"<0")<>0,"Gain / Loss", "Gain"),"Loss") -> % Loss | P88: 939:HK
C89: Citibank Singapore A/C No. 1 | D89: =SUMIF(Download!B:B,Q89,Download!G:G) -> 0 | E89: =SUMIF(Download!B:B,Q89,Download!H:H) -> 0 | F89: =D89*E89 -> 0 | I89: =H89*H87 -> 0 | J89: =(H87-E89)*H89 -> 0 | K89: =(H87/E89)-1 -> #DIV/0! | O89: CBSG | P89: =P88 -> 939:HK | Q89: =O89&P89 -> CBSG939:HK
C90: Citibank Account No. 2 | D90: =SUMIF(Download!B:B,Q90,Download!G:G) -> 0 | E90: =SUMIF(Download!B:B,Q90,Download!H:H) -> 0 | F90: =D90*E90 -> 0 | I90: =H90*H87 -> 0 | J90: =(H87-E90)*H90 -> 0 | K90: =(H87/E90)-1 -> #DIV/0! | O90: CB2 | P90: =P88 -> 939:HK | Q90: =O90&P90 -> CB2939:HK
C91: Citibank Account No. 3 | D91: =SUMIF(Download!B:B,Q91,Download!G:G) -> 0 | E91: =SUMIF(Download!B:B,Q91,Download!H:H) -> 0 | F91: =D91*E91 -> 0 | I91: =H91*H87 -> 0 | J91: =(H87-E91)*H91 -> 0 | K91: =(H87/E91)-1 -> #DIV/0! | O91: CB3 | P91: =P89 -> 939:HK | Q91: =O91&P91 -> CB3939:HK
C92: Citibank Berry Hill | D92: =SUMIF(Download!B:B,Q92,Download!G:G) -> 0 | E92: =SUMIF(Download!B:B,Q92,Download!H:H) -> 0 | F92: =D92*E92 -> 0 | I92: =H92*H87 -> 0 | J92: =(H87-E92)*H92 -> 0 | K92: =(H87/E92)-1 -> #DIV/0! | O92: CBBH | P92: =P91 -> 939:HK | Q92: =O92&P92 -> CBBH939:HK
C93: Bank of Singapore | D93: =SUMIF(Download!B:B,Q93,Download!G:G) -> 0 | E93: =SUMIF(Download!B:B,Q93,Download!H:H) -> 0 | F93: =D93*E93 -> 0 | I93: =H93*H87 -> 0 | J93: =(H87-E93)*H93 -> 0 | K93: =(H87/E93)-1 -> #DIV/0! | O93: BOS | P93: =P92 -> 939:HK | Q93: =O93&P93 -> BOS939:HK
C94: Deutsche Bank Personal | D94: =SUMIF(Download!B:B,Q94,Download!G:G) -> 0 | E94: =SUMIF(Download!B:B,Q94,Download!H:H) -> 0 | F94: =D94*E94 -> 0 | I94: =H94*H87 -> 0 | J94: =(H87-E94)*H94 -> 0 | K94: =(H87/E94)-1 -> #DIV/0! | O94: DBPe | P94: =P93 -> 939:HK | Q94: =O94&P94 -> DBPe939:HK
C95: Deutsche Bank Perfect Legend | D95: =SUMIF(Download!B:B,Q95,Download!G:G) -> 0 | E95: =SUMIF(Download!B:B,Q95,Download!H:H) -> 0 | F95: =D95*E95 -> 0 | I95: =H95*H87 -> 0 | J95: =(H87-E95)*H95 -> 0 | K95: =(H87/E95)-1 -> #DIV/0! | O95: DBPL | P95: =P94 -> 939:HK | Q95: =O95&P95 -> DBPL939:HK
C96: Standard Chartered Bank | D96: =SUMIF(Download!B:B,Q96,Download!G:G) -> 0 | E96: =SUMIF(Download!B:B,Q96,Download!H:H) -> 0 | F96: =D96*E96 -> 0 | I96: =H96*H87 -> 0 | J96: =(H87-E96)*H96 -> 0 | K96: =(H87/E96)-1 -> #DIV/0! | O96: SC | P96: =P95 -> 939:HK | Q96: =O96&P96 -> SC939:HK
C97: Sun Hung Kai | D97: =SUMIF(Download!B:B,Q97,Download!G:G) -> 0 | E97: =SUMIF(Download!B:B,Q97,Download!H:H) -> 0 | F97: =D97*E97 -> 0 | I97: =H97*H87 -> 0 | J97: =(H87-E97)*H97 -> 0 | K97: =(H87/E97)-1 -> #DIV/0! | O97: SHK | P97: =P96 -> 939:HK | Q97: =O97&P97 -> SHK939:HK
C98: Morgan Stanley Titan No. 1 | D98: =SUMIF(Download!B:B,Q98,Download!G:G) -> 0 | E98: =SUMIF(Download!B:B,Q98,Download!H:H) -> 0 | F98: =D98*E98 -> 0 | I98: =H98*H87 -> 0 | J98: =(H87-E98)*H98 -> 0 | K98: =(H87/E98)-1 -> #DIV/0! | O98: MST1 | P98: =P97 -> 939:HK | Q98: =O98&P98 -> MST1939:HK
C99: Morgan Stanley Titan No. 2 | D99: =SUMIF(Download!B:B,Q99,Download!G:G) -> 0 | E99: =SUMIF(Download!B:B,Q99,Download!H:H) -> 0 | F99: =D99*E99 -> 0 | I99: =H99*H87 -> 0 | J99: =(H87-E99)*H99 -> 0 | K99: =(H87/E99)-1 -> #DIV/0! | O99: MST2 | P99: =P98 -> 939:HK | Q99: =O99&P99 -> MST2939:HK
C100: Morgan Stanley Perfect Legend | D100: =SUMIF(Download!B:B,Q100,Download!G:G) -> 0 | E100: =SUMIF(Download!B:B,Q100,Download!H:H) -> 0 | F100: =D100*E100 -> 0 | I100: =H100*H87 -> 0 | J100: =(H87-E100)*H100 -> 0 | K100: =(H87/E100)-1 -> #DIV/0! | O100: MSPL | P100: =P99 -> 939:HK | Q100: =O100&P100 -> MSPL939:HK
C102: Total | D102: =SUM(D88:D101) -> 0 | E102: =F102/D102 -> #DIV/0! | F102: =SUM(F88:F101) -> 0
L104: Ex-Date | M104: 44382
L105: Dividends | M105: RMB 1.2530
A106: 6 | B106: =INDEX(Stocks!A:B,MATCH(P107,Stocks!A:A,),2)&" ("&P107&")" -> China Merchant (3968:HK) | G106: Market Price | L106: Pay-out Date | M106: 44414
C107: Account | D107: Shares | E107: Ave. Cost | F107: Amount | H107: Sell Qty | I107: Amount HKD | J107: =IF(COUNTIF(J108:J119,">0")<>0,IF(COUNTIF(J108:J119,"<0")<>0,"Gain / Loss", "Gain"),"Loss") -> Loss | K107: ="% "&IF(COUNTIF(K108:K119,">=0")<>0,IF(COUNTIF(K108:K119,"<0")<>0,"Gain / Loss", "Gain"),"Loss") -> % Loss | P107: 3968:HK
C108: Citibank Singapore A/C No. 1 | D108: =SUMIF(Download!B:B,Q108,Download!G:G) -> 0 | E108: =SUMIF(Download!B:B,Q108,Download!H:H) -> 0 | F108: =D108*E108 -> 0 | I108: =H108*H106 -> 0 | J108: =(H106-E108)*H108 -> 0 | K108: =(H106/E108)-1 -> #DIV/0! | O108: CBSG | P108: =P107 -> 3968:HK | Q108: =O108&P108 -> CBSG3968:HK
C109: Citibank Account No. 2 | D109: =SUMIF(Download!B:B,Q109,Download!G:G) -> 0 | E109: =SUMIF(Download!B:B,Q109,Download!H:H) -> 0 | F109: =D109*E109 -> 0 | I109: =H109*H106 -> 0 | J109: =(H106-E109)*H109 -> 0 | K109: =(H106/E109)-1 -> #DIV/0! | O109: CB2 | P109: =P107 -> 3968:HK | Q109: =O109&P109 -> CB23968:HK
C110: Citibank Account No. 3 | D110: =SUMIF(Download!B:B,Q110,Download!G:G) -> 0 | E110: =SUMIF(Download!B:B,Q110,Download!H:H) -> 0 | F110: =D110*E110 -> 0 | I110: =H110*H106 -> 0 | J110: =(H106-E110)*H110 -> 0 | K110: =(H106/E110)-1 -> #DIV/0! | O110: CB3 | P110: =P108 -> 3968:HK | Q110: =O110&P110 -> CB33968:HK
C111: Citibank Berry Hill | D111: =SUMIF(Download!B:B,Q111,Download!G:G) -> 0 | E111: =SUMIF(Download!B:B,Q111,Download!H:H) -> 0 | F111: =D111*E111 -> 0 | I111: =H111*H106 -> 0 | J111: =(H106-E111)*H111 -> 0 | K111: =(H106/E111)-1 -> #DIV/0! | O111: CBBH | P111: =P110 -> 3968:HK | Q111: =O111&P111 -> CBBH3968:HK
C112: Bank of Singapore | D112: =SUMIF(Download!B:B,Q112,Download!G:G) -> 0 | E112: =SUMIF(Download!B:B,Q112,Download!H:H) -> 0 | F112: =D112*E112 -> 0 | I112: =H112*H106 -> 0 | J112: =(H106-E112)*H112 -> 0 | K112: =(H106/E112)-1 -> #DIV/0! | O112: BOS | P112: =P111 -> 3968:HK | Q112: =O112&P112 -> BOS3968:HK
C113: Deutsche Bank Personal | D113: =SUMIF(Download!B:B,Q113,Download!G:G) -> 0 | E113: =SUMIF(Download!B:B,Q113,Download!H:H) -> 0 | F113: =D113*E113 -> 0 | I113: =H113*H106 -> 0 | J113: =(H106-E113)*H113 -> 0 | K113: =(H106/E113)-1 -> #DIV/0! | O113: DBPe | P113: =P112 -> 3968:HK | Q113: =O113&P113 -> DBPe3968:HK
...

Sheet 2
A1: Short Stock Summary
A2: =ALL!A1 -> As of September 20, 2022
K4: 1 | L4: Ex-Date | M4: 44931
L5: Dividends | M5: 1 share of Meituan - W for every 10 Shares
A6: 1 | B6: =INDEX(Stocks!A:B,MATCH(P7,Stocks!A:A,),2)&" ("&P7&")" -> Tencent (700:HK) | G6: Market Price | L6: Pay-out Date | M6: 45009
C7: Account | D7: Shares | E7: Ave. Cost | F7: Amount | H7: Sell Qty | I7: Amount HKD | J7: =IF(COUNTIF(J8:J19,">0")<>0,IF(COUNTIF(J8:J19,"<0")<>0,"Gain / Loss", "Gain"),"Loss") -> Loss | K7: ="% "&IF(COUNTIF(K8:K19,">=0")<>0,IF(COUNTIF(K8:K19,"<0")<>0,"Gain / Loss", "Gain"),"Loss") -> % Loss | P7: 700:HK
C8: Citibank Singapore A/C No. 1 | D8: =SUMIF(Download!B:B,Q8,Download!G:G) -> 0 | E8: =SUMIF(Download!B:B,Q8,Download!H:H) -> 0 | F8: =D8*E8 -> 0 | H8: 500 | I8: =H8*H6 -> 0 | J8: =(H6-E8)*H8 -> 0 | K8: =(H6/E8)-1 -> #DIV/0! | O8: CBSG | P8: =P7 -> 700:HK | Q8: =O8&P8 -> CBSG700:HK
C9: Citibank Account No. 2 | D9: =SUMIF(Download!B:B,Q9,Download!G:G) -> 0 | E9: =SUMIF(Download!B:B,Q9,Download!H:H) -> 0 | F9: =D9*E9 -> 0 | H9: =H8 -> 500 | I9: =H9*H6 -> 0 | J9: =(H6-E9)*H9 -> 0 | K9: =(H6/E9)-1 -> #DIV/0! | O9: CB2 | P9: =P7 -> 700:HK | Q9: =O9&P9 -> CB2700:HK
C10: Citibank Account No. 3 | D10: =SUMIF(Download!B:B,Q10,Download!G:G) -> 0 | E10: =SUMIF(Download!B:B,Q10,Download!H:H) -> 0 | F10: =D10*E10 -> 0 | H10: =H9 -> 500 | I10: =H10*H6 -> 0 | J10: =(H6-E10)*H10 -> 0 | K10: =(H6/E10)-1 -> #DIV/0! | O10: CB3 | P10: =P8 -> 700:HK | Q10: =O10&P10 -> CB3700:HK
C11: Citibank Berry Hill | D11: =SUMIF(Download!B:B,Q11,Download!G:G) -> 0 | E11: =SUMIF(Download!B:B,Q11,Download!H:H) -> 0 | F11: =D11*E11 -> 0 | H11: =H10 -> 500 | I11: =H11*H6 -> 0 | J11: =(H6-E11)*H11 -> 0 | K11: =(H6/E11)-1 -> #DIV/0! | O11: CBBH | P11: =P10 -> 700:HK | Q11: =O11&P11 -> CBBH700:HK
C12: Bank of Singapore | D12: =SUMIF(Download!B:B,Q12,Download!G:G) -> 0 | E12: =SUMIF(Download!B:B,Q12,Download!H:H) -> 0 | F12: =D12*E12 -> 0 | H12: =H11 -> 500 | I12: =H12*H6 -> 0 | J12: =(H6-E12)*H12 -> 0 | K12: =(H6/E12)-1 -> #DIV/0! | O12: BOS | P12: =P11 -> 700:HK | Q12: =O12&P12 -> BOS700:HK
C13: Deutsche Bank Personal | D13: =SUMIF(Download!B:B,Q13,Download!G:G) -> 0 | E13: =SUMIF(Download!B:B,Q13,Download!H:H) -> 0 | F13: =D13*E13 -> 0 | H13: =H12 -> 500 | I13: =H13*H6 -> 0 | J13: =(H6-E13)*H13 -> 0 | K13: =(H6/E13)-1 -> #DIV/0! | O13: DBPe | P13: =P12 -> 700:HK | Q13: =O13&P13 -> DBPe700:HK
C14: Deutsche Bank Perfect Legend | D14: =SUMIF(Download!B:B,Q14,Download!G:G) -> 0 | E14: =SUMIF(Download!B:B,Q14,Download!H:H) -> 0 | F14: =D14*E14 -> 0 | H14: =H13 -> 500 | I14: =H14*H6 -> 0 | J14: =(H6-E14)*H14 -> 0 | K14: =(H6/E14)-1 -> #DIV/0! | O14: DBPL | P14: =P13 -> 700:HK | Q14: =O14&P14 -> DBPL700:HK
C15: Standard Chartered Bank | D15: =SUMIF(Download!B:B,Q15,Download!G:G) -> 0 | E15: =SUMIF(Download!B:B,Q15,Download!H:H) -> 0 | F15: =D15*E15 -> 0 | H15: =H14 -> 500 | I15: =H15*H6 -> 0 | J15: =(H6-E15)*H15 -> 0 | K15: =(H6/E15)-1 -> #DIV/0! | O15: SC | P15: =P14 -> 700:HK | Q15: =O15&P15 -> SC700:HK
C16: Sun Hung Kai | D16: =SUMIF(Download!B:B,Q16,Download!G:G) -> 0 | E16: =SUMIF(Download!B:B,Q16,Download!H:H) -> 0 | F16: =D16*E16 -> 0 | H16: =H15 -> 500 | I16: =H16*H6 -> 0 | J16: =(H6-E16)*H16 -> 0 | K16: =(H6/E16)-1 -> #DIV/0! | O16: SHK | P16: =P15 -> 700:HK | Q16: =O16&P16 -> SHK700:HK
C17: Morgan Stanley Titan No. 1 | D17: =SUMIF(Download!B:B,Q17,Download!G:G) -> 0 | E17: =SUMIF(Download!B:B,Q17,Download!H:H) -> 0 | F17: =D17*E17 -> 0 | H17: =H16 -> 500 | I17: =H17*H6 -> 0 | J17: =(H6-E17)*H17 -> 0 | K17: =(H6/E17)-1 -> #DIV/0! | O17: MST1 | P17: =P16 -> 700:HK | Q17: =O17&P17 -> MST1700:HK
C18: Morgan Stanley Titan No. 2 | D18: =SUMIF(Download!B:B,Q18,Download!G:G) -> 0 | E18: =SUMIF(Download!B:B,Q18,Download!H:H) -> 0 | F18: =D18*E18 -> 0 | H18: =H17 -> 500 | I18: =H18*H6 -> 0 | J18: =(H6-E18)*H18 -> 0 | K18: =(H6/E18)-1 -> #DIV/0! | O18: MST2 | P18: =P17 -> 700:HK | Q18: =O18&P18 -> MST2700:HK
C19: Morgan Stanley Perfect Legend | D19: =SUMIF(Download!B:B,Q19,Download!G:G) -> 0 | E19: =SUMIF(Download!B:B,Q19,Download!H:H) -> 0 | F19: =D19*E19 -> 0 | H19: =H18 -> 500 | I19: =H19*H6 -> 0 | J19: =(H6-E19)*H19 -> 0 | K19: =(H6/E19)-1 -> #DIV/0! | O19: MSPL | P19: =P18 -> 700:HK | Q19: =O19&P19 -> MSPL700:HK
C21: Total | D21: =SUM(D7:D20) -> 0 | E21: =F21/D21 -> #DIV/0! | F21: =SUM(F7:F20) -> 0
A25: 2 | B25: =INDEX(Stocks!A:B,MATCH(P26,Stocks!A:A,),2)&" ("&P26&")" -> Kuaishou Tech (1024:HK) | G25: Market Price
C26: Account | D26: Shares | E26: Ave. Cost | F26: Amount | H26: Sell Qty | I26: Amount HKD | J26: =IF(COUNTIF(J27:J38,">0")<>0,IF(COUNTIF(J27:J38,"<0")<>0,"Gain / Loss", "Gain"),"Loss") -> Loss | K26: ="% "&IF(COUNTIF(K27:K38,">=0")<>0,IF(COUNTIF(K27:K38,"<0")<>0,"Gain / Loss", "Gain"),"Loss") -> % Loss | P26: 1024:HK
C27: Citibank Singapore A/C No. 1 | D27: =SUMIF(Download!B:B,Q27,Download!G:G) -> 0 | E27: =SUMIF(Download!B:B,Q27,Download!H:H) -> 0 | F27: =D27*E27 -> 0 | H27: 3000 | I27: =H27*H25 -> 0 | J27: =(H25-E27)*H27 -> 0 | K27: =(H25/E27)-1 -> #DIV/0! | O27: CBSG | P27: =P26 -> 1024:HK | Q27: =O27&P27 -> CBSG1024:HK
C28: Citibank Account No. 2 | D28: =SUMIF(Download!B:B,Q28,Download!G:G) -> 0 | E28: =SUMIF(Download!B:B,Q28,Download!H:H) -> 0 | F28: =D28*E28 -> 0 | H28: =H27 -> 3000 | I28: =H28*H25 -> 0 | J28: =(H25-E28)*H28 -> 0 | K28: =(H25/E28)-1 -> #DIV/0! | O28: CB2 | P28: =P26 -> 1024:HK | Q28: =O28&P28 -> CB21024:HK
C29: Citibank Account No. 3 | D29: =SUMIF(Download!B:B,Q29,Download!G:G) -> 0 | E29: =SUMIF(Download!B:B,Q29,Download!H:H) -> 0 | F29: =D29*E29 -> 0 | H29: =H28 -> 3000 | I29: =H29*H25 -> 0 | J29: =(H25-E29)*H29 -> 0 | K29: =(H25/E29)-1 -> #DIV/0! | O29: CB3 | P29: =P27 -> 1024:HK | Q29: =O29&P29 -> CB31024:HK
C30: Citibank Berry Hill | D30: =SUMIF(Download!B:B,Q30,Download!G:G) -> 0 | E30: =SUMIF(Download!B:B,Q30,Download!H:H) -> 0 | F30: =D30*E30 -> 0 | H30: =H29 -> 3000 | I30: =H30*H25 -> 0 | J30: =(H25-E30)*H30 -> 0 | K30: =(H25/E30)-1 -> #DIV/0! | O30: CBBH | P30: =P29 -> 1024:HK | Q30: =O30&P30 -> CBBH1024:HK
C31: Bank of Singapore | D31: =SUMIF(Download!B:B,Q31,Download!G:G) -> 0 | E31: =SUMIF(Download!B:B,Q31,Download!H:H) -> 0 | F31: =D31*E31 -> 0 | H31: =H30 -> 3000 | I31: =H31*H25 -> 0 | J31: =(H25-E31)*H31 -> 0 | K31: =(H25/E31)-1 -> #DIV/0! | O31: BOS | P31: =P30 -> 1024:HK | Q31: =O31&P31 -> BOS1024:HK
C32: Deutsche Bank Personal | D32: =SUMIF(Download!B:B,Q32,Download!G:G) -> 0 | E32: =SUMIF(Download!B:B,Q32,Download!H:H) -> 0 | F32: =D32*E32 -> 0 | H32: =H31 -> 3000 | I32: =H32*H25 -> 0 | J32: =(H25-E32)*H32 -> 0 | K32: =(H25/E32)-1 -> #DIV/0! | O32: DBPe | P32: =P31 -> 1024:HK | Q32: =O32&P32 -> DBPe1024:HK
C33: Deutsche Bank Perfect Legend | D33: =SUMIF(Download!B:B,Q33,Download!G:G) -> 0 | E33: =SUMIF(Download!B:B,Q33,Download!H:H) -> 0 | F33: =D33*E33 -> 0 | H33: =H32 -> 3000 | I33: =H33*H25 -> 0 | J33: =(H25-E33)*H33 -> 0 | K33: =(H25/E33)-1 -> #DIV/0! | O33: DBPL | P33: =P32 -> 1024:HK | Q33: =O33&P33 -> DBPL1024:HK
C34: Standard Chartered Bank | D34: =SUMIF(Download!B:B,Q34,Download!G:G) -> 0 | E34: =SUMIF(Download!B:B,Q34,Download!H:H) -> 0 | F34: =D34*E34 -> 0 | H34: =H33 -> 3000 | I34: =H34*H25 -> 0 | J34: =(H25-E34)*H34 -> 0 | K34: =(H25/E34)-1 -> #DIV/0! | O34: SC | P34: =P33 -> 1024:HK | Q34: =O34&P34 -> SC1024:HK
C35: Sun Hung Kai | D35: =SUMIF(Download!B:B,Q35,Download!G:G) -> 0 | E35: =SUMIF(Download!B:B,Q35,Download!H:H) -> 0 | F35: =D35*E35 -> 0 | H35: =H34 -> 3000 | I35: =H35*H25 -> 0 | J35: =(H25-E35)*H35 -> 0 | K35: =(H25/E35)-1 -> #DIV/0! | L35: with Decu Strike 84.3945 | O35: SHK | P35: =P34 -> 1024:HK | Q35: =O35&P35 -> SHK1024:HK
C36: Morgan Stanley Titan No. 1 | D36: =SUMIF(Download!B:B,Q36,Download!G:G) -> 0 | E36: =SUMIF(Download!B:B,Q36,Download!H:H) -> 0 | F36: =D36*E36 -> 0 | H36: =H35 -> 3000 | I36: =H36*H25 -> 0 | J36: =(H25-E36)*H36 -> 0 | K36: =(H25/E36)-1 -> #DIV/0! | O36: MST1 | P36: =P35 -> 1024:HK | Q36: =O36&P36 -> MST11024:HK
C37: Morgan Stanley Titan No. 2 | D37: =SUMIF(Download!B:B,Q37,Download!G:G) -> 0 | E37: =SUMIF(Download!B:B,Q37,Download!H:H) -> 0 | F37: =D37*E37 -> 0 | H37: =H36 -> 3000 | I37: =H37*H25 -> 0 | J37: =(H25-E37)*H37 -> 0 | K37: =(H25/E37)-1 -> #DIV/0! | O37: MST2 | P37: =P36 -> 1024:HK | Q37: =O37&P37 -> MST21024:HK
C38: Morgan Stanley Perfect Legend | D38: =SUMIF(Download!B:B,Q38,Download!G:G) -> 0 | E38: =SUMIF(Download!B:B,Q38,Download!H:H) -> 0 | F38: =D38*E38 -> 0 | H38: =H37 -> 3000 | I38: =H38*H25 -> 0 | J38: =(H25-E38)*H38 -> 0 | K38: =(H25/E38)-1 -> #DIV/0! | O38: MSPL | P38: =P37 -> 1024:HK | Q38: =O38&P38 -> MSPL1024:HK
C40: Total | D40: =SUM(D26:D39) -> 0 | E40: =F40/D40 -> #DIV/0! | F40: =SUM(F26:F39) -> 0
A44: 3 | B44: =INDEX(Stocks!A:B,MATCH(P45,Stocks!A:A,),2)&" ("&P45&")" -> Xiaomi Corp (1810:HK) | G44: Market Price
C45: Account | D45: Shares | E45: Ave. Cost | F45: Amount | H45: Sell Qty | I45: Amount HKD | J45: =IF(COUNTIF(J46:J57,">0")<>0,IF(COUNTIF(J46:J57,"<0")<>0,"Gain / Loss", "Gain"),"Loss") -> Loss | K45: ="% "&IF(COUNTIF(K46:K57,">=0")<>0,IF(COUNTIF(K46:K57,"<0")<>0,"Gain / Loss", "Gain"),"Loss") -> % Loss | P45: 1810:HK
C46: Citibank Singapore A/C No. 1 | D46: =SUMIF(Download!B:B,Q46,Download!G:G) -> 0 | E46: =SUMIF(Download!B:B,Q46,Download!H:H) -> 0 | F46: =D46*E46 -> 0 | H46: 15000 | I46: =H46*H44 -> 0 | J46: =(H44-E46)*H46 -> 0 | K46: =(H44/E46)-1 -> #DIV/0! | O46: CBSG | P46: =P45 -> 1810:HK | Q46: =O46&P46 -> CBSG1810:HK
C47: Citibank Account No. 2 | D47: =SUMIF(Download!B:B,Q47,Download!G:G) -> 0 | E47: =SUMIF(Download!B:B,Q47,Download!H:H) -> 0 | F47: =D47*E47 -> 0 | H47: =H46 -> 15000 | I47: =H47*H44 -> 0 | J47: =(H44-E47)*H47 -> 0 | K47: =(H44/E47)-1 -> #DIV/0! | O47: CB2 | P47: =P45 -> 1810:HK | Q47: =O47&P47 -> CB21810:HK
C48: Citibank Account No. 3 | D48: =SUMIF(Download!B:B,Q48,Download!G:G) -> 0 | E48: =SUMIF(Download!B:B,Q48,Download!H:H) -> 0 | F48: =D48*E48 -> 0 | H48: =H47 -> 15000 | I48: =H48*H44 -> 0 | J48: =(H44-E48)*H48 -> 0 | K48: =(H44/E48)-1 -> #DIV/0! | O48: CB3 | P48: =P46 -> 1810:HK | Q48: =O48&P48 -> CB31810:HK
C49: Citibank Berry Hill | D49: =SUMIF(Download!B:B,Q49,Download!G:G) -> 0 | E49: =SUMIF(Download!B:B,Q49,Download!H:H) -> 0 | F49: =D49*E49 -> 0 | H49: =H48 -> 15000 | I49: =H49*H44 -> 0 | J49: =(H44-E49)*H49 -> 0 | K49: =(H44/E49)-1 -> #DIV/0! | O49: CBBH | P49: =P48 -> 1810:HK | Q49: =O49&P49 -> CBBH1810:HK
C50: Bank of Singapore | D50: =SUMIF(Download!B:B,Q50,Download!G:G) -> 0 | E50: =SUMIF(Download!B:B,Q50,Download!H:H) -> 0 | F50: =D50*E50 -> 0 | H50: =H49 -> 15000 | I50: =H50*H44 -> 0 | J50: =(H44-E50)*H50 -> 0 | K50: =(H44/E50)-1 -> #DIV/0! | O50: BOS | P50: =P49 -> 1810:HK | Q50: =O50&P50 -> BOS1810:HK
C51: Deutsche Bank Personal | D51: =SUMIF(Download!B:B,Q51,Download!G:G) -> 0 | E51: =SUMIF(Download!B:B,Q51,Download!H:H) -> 0 | F51: =D51*E51 -> 0 | H51: =H50 -> 15000 | I51: =H51*H44 -> 0 | J51: =(H44-E51)*H51 -> 0 | K51: =(H44/E51)-1 -> #DIV/0! | O51: DBPe | P51: =P50 -> 1810:HK | Q51: =O51&P51 -> DBPe1810:HK
C52: Deutsche Bank Perfect Legend | D52: =SUMIF(Download!B:B,Q52,Download!G:G) -> 0 | E52: =SUMIF(Download!B:B,Q52,Download!H:H) -> 0 | F52: =D52*E52 -> 0 | H52: =H51 -> 15000 | I52: =H52*H44 -> 0 | J52: =(H44-E52)*H52 -> 0 | K52: =(H44/E52)-1 -> #DIV/0! | O52: DBPL | P52: =P51 -> 1810:HK | Q52: =O52&P52 -> DBPL1810:HK
C53: Standard Chartered Bank | D53: =SUMIF(Download!B:B,Q53,Download!G:G) -> 0 | E53: =SUMIF(Download!B:B,Q53,Download!H:H) -> 0 | F53: =D53*E53 -> 0 | H53: =H52 -> 15000 | I53: =H53*H44 -> 0 | J53: =(H44-E53)*H53 -> 0 | K53: =(H44/E53)-1 -> #DIV/0! | O53: SC | P53: =P52 -> 1810:HK | Q53: =O53&P53 -> SC1810:HK
C54: Sun Hung Kai | D54: =SUMIF(Download!B:B,Q54,Download!G:G) -> 0 | E54: =SUMIF(Download!B:B,Q54,Download!H:H) -> 0 | F54: =D54*E54 -> 0 | H54: =H53 -> 15000 | I54: =H54*H44 -> 0 | J54: =(H44-E54)*H54 -> 0 | K54: =(H44/E54)-1 -> #DIV/0! | O54: SHK | P54: =P53 -> 1810:HK | Q54: =O54&P54 -> SHK1810:HK
C55: Morgan Stanley Titan No. 1 | D55: =SUMIF(Download!B:B,Q55,Download!G:G) -> 0 | E55: =SUMIF(Download!B:B,Q55,Download!H:H) -> 0 | F55: =D55*E55 -> 0 | H55: =H54 -> 15000 | I55: =H55*H44 -> 0 | J55: =(H44-E55)*H55 -> 0 | K55: =(H44/E55)-1 -> #DIV/0! | O55: MST1 | P55: =P54 -> 1810:HK | Q55: =O55&P55 -> MST11810:HK
C56: Morgan Stanley Titan No. 2 | D56: =SUMIF(Download!B:B,Q56,Download!G:G) -> 0 | E56: =SUMIF(Download!B:B,Q56,Download!H:H) -> 0 | F56: =D56*E56 -> 0 | H56: =H55 -> 15000 | I56: =H56*H44 -> 0 | J56: =(H44-E56)*H56 -> 0 | K56: =(H44/E56)-1 -> #DIV/0! | O56: MST2 | P56: =P55 -> 1810:HK | Q56: =O56&P56 -> MST21810:HK
C57: Morgan Stanley Perfect Legend | D57: =SUMIF(Download!B:B,Q57,Download!G:G) -> 0 | E57: =SUMIF(Download!B:B,Q57,Download!H:H) -> 0 | F57: =D57*E57 -> 0 | H57: =H56 -> 15000 | I57: =H57*H44 -> 0 | J57: =(H44-E57)*H57 -> 0 | K57: =(H44/E57)-1 -> #DIV/0! | O57: MSPL | P57: =P56 -> 1810:HK | Q57: =O57&P57 -> MSPL1810:HK
C59: Total | D59: =SUM(D45:D58) -> 0 | E59: =F59/D59 -> #DIV/0! | F59: =SUM(F45:F58) -> 0
K61: 1 | L61: Ex-Date | M61: 44629
L62: Dividends | M62: HKD 4.1800
L63: Pay-out Date | M63: 44643
K64: 2 | L64: Ex-Date | M64: 44803
L65: Dividends | M65: HKD 3.45
A66: 4 | B66: =INDEX(Stocks!A:B,MATCH(P67,Stocks!A:A,),2)&" ("&P67&")" -> HK Exchange (388:HK) | G66: Market Price | L66: Pay-out Date | M66: 44818
C67: Account | D67: Shares | E67: Ave. Cost | F67: Amount | H67: Sell Qty | I67: Amount HKD | J67: =IF(COUNTIF(J68:J79,">0")<>0,IF(COUNTIF(J68:J79,"<0")<>0,"Gain / Loss", "Gain"),"Loss") -> Loss | K67: ="% "&IF(COUNTIF(K68:K79,">=0")<>0,IF(COUNTIF(K68:K79,"<0")<>0,"Gain / Loss", "Gain"),"Loss") -> % Loss | P67: 388:HK
C68: Citibank Singapore A/C No. 1 | D68: =SUMIF(Download!B:B,Q68,Download!G:G) -> 0 | E68: =SUMIF(Download!B:B,Q68,Download!H:H) -> 0 | F68: =D68*E68 -> 0 | H68: 3000 | I68: =H68*H66 -> 0 | J68: =(H66-E68)*H68 -> 0 | K68: =(H66/E68)-1 -> #DIV/0! | O68: CBSG | P68: =P67 -> 388:HK | Q68: =O68&P68 -> CBSG388:HK
C69: Citibank Account No. 2 | D69: =SUMIF(Download!B:B,Q69,Download!G:G) -> 0 | E69: =SUMIF(Download!B:B,Q69,Download!H:H) -> 0 | F69: =D69*E69 -> 0 | H69: =H68 -> 3000 | I69: =H69*H66 -> 0 | J69: =(H66-E69)*H69 -> 0 | K69: =(H66/E69)-1 -> #DIV/0! | O69: CB2 | P69: =P67 -> 388:HK | Q69: =O69&P69 -> CB2388:HK
C70: Citibank Account No. 3 | D70: =SUMIF(Download!B:B,Q70,Download!G:G) -> 0 | E70: =SUMIF(Download!B:B,Q70,Download!H:H) -> 0 | F70: =D70*E70 -> 0 | H70: =H69 -> 3000 | I70: =H70*H66 -> 0 | J70: =(H66-E70)*H70 -> 0 | K70: =(H66/E70)-1 -> #DIV/0! | O70: CB3 | P70: =P68 -> 388:HK | Q70: =O70&P70 -> CB3388:HK
C71: Citibank Berry Hill | D71: =SUMIF(Download!B:B,Q71,Download!G:G) -> 0 | E71: =SUMIF(Download!B:B,Q71,Download!H:H) -> 0 | F71: =D71*E71 -> 0 | H71: =H70 -> 3000 | I71: =H71*H66 -> 0 | J71: =(H66-E71)*H71 -> 0 | K71: =(H66/E71)-1 -> #DIV/0! | O71: CBBH | P71: =P70 -> 388:HK | Q71: =O71&P71 -> CBBH388:HK
C72: Bank of Singapore | D72: =SUMIF(Download!B:B,Q72,Download!G:G) -> 0 | E72: =SUMIF(Download!B:B,Q72,Download!H:H) -> 0 | F72: =D72*E72 -> 0 | H72: =H71 -> 3000 | I72: =H72*H66 -> 0 | J72: =(H66-E72)*H72 -> 0 | K72: =(H66/E72)-1 -> #DIV/0! | O72: BOS | P72: =P71 -> 388:HK | Q72: =O72&P72 -> BOS388:HK
C73: Deutsche Bank Personal | D73: =SUMIF(Download!B:B,Q73,Download!G:G) -> 0 | E73: =SUMIF(Download!B:B,Q73,Download!H:H) -> 0 | F73: =D73*E73 -> 0 | H73: =H72 -> 3000 | I73: =H73*H66 -> 0 | J73: =(H66-E73)*H73 -> 0 | K73: =(H66/E73)-1 -> #DIV/0! | O73: DBPe | P73: =P72 -> 388:HK | Q73: =O73&P73 -> DBPe388:HK
C74: Deutsche Bank Perfect Legend | D74: =SUMIF(Download!B:B,Q74,Download!G:G) -> 0 | E74: =SUMIF(Download!B:B,Q74,Download!H:H) -> 0 | F74: =D74*E74 -> 0 | H74: =H73 -> 3000 | I74: =H74*H66 -> 0 | J74: =(H66-E74)*H74 -> 0 | K74: =(H66/E74)-1 -> #DIV/0! | O74: DBPL | P74: =P73 -> 388:HK | Q74: =O74&P74 -> DBPL388:HK
C75: Standard Chartered Bank | D75: =SUMIF(Download!B:B,Q75,Download!G:G) -> 0 | E75: =SUMIF(Download!B:B,Q75,Download!H:H) -> 0 | F75: =D75*E75 -> 0 | H75: =H74 -> 3000 | I75: =H75*H66 -> 0 | J75: =(H66-E75)*H75 -> 0 | K75: =(H66/E75)-1 -> #DIV/0! | O75: SC | P75: =P74 -> 388:HK | Q75: =O75&P75 -> SC388:HK
C76: Sun Hung Kai | D76: =SUMIF(Download!B:B,Q76,Download!G:G) -> 0 | E76: =SUMIF(Download!B:B,Q76,Download!H:H) -> 0 | F76: =D76*E76 -> 0 | H76: =H75 -> 3000 | I76: =H76*H66 -> 0 | J76: =(H66-E76)*H76 -> 0 | K76: =(H66/E76)-1 -> #DIV/0! | O76: SHK | P76: =P75 -> 388:HK | Q76: =O76&P76 -> SHK388:HK
C77: Morgan Stanley Titan No. 1 | D77: =SUMIF(Download!B:B,Q77,Download!G:G) -> 0 | E77: =SUMIF(Download!B:B,Q77,Download!H:H) -> 0 | F77: =D77*E77 -> 0 | H77: =H76 -> 3000 | I77: =H77*H66 -> 0 | J77: =(H66-E77)*H77 -> 0 | K77: =(H66/E77)-1 -> #DIV/0! | O77: MST1 | P77: =P76 -> 388:HK | Q77: =O77&P77 -> MST1388:HK
C78: Morgan Stanley Titan No. 2 | D78: =SUMIF(Download!B:B,Q78,Download!G:G) -> 0 | E78: =SUMIF(Download!B:B,Q78,Download!H:H) -> 0 | F78: =D78*E78 -> 0 | H78: =H77 -> 3000 | I78: =H78*H66 -> 0 | J78: =(H66-E78)*H78 -> 0 | K78: =(H66/E78)-1 -> #DIV/0! | O78: MST2 | P78: =P77 -> 388:HK | Q78: =O78&P78 -> MST2388:HK
C79: Morgan Stanley Perfect Legend | D79: =SUMIF(Download!B:B,Q79,Download!G:G) -> 0 | E79: =SUMIF(Download!B:B,Q79,Download!H:H) -> 0 | F79: =D79*E79 -> 0 | H79: =H78 -> 3000 | I79: =H79*H66 -> 0 | J79: =(H66-E79)*H79 -> 0 | K79: =(H66/E79)-1 -> #DIV/0! | O79: MSPL | P79: =P78 -> 388:HK | Q79: =O79&P79 -> MSPL388:HK
C81: Total | D81: =SUM(D67:D80) -> 0 | E81: =F81/D81 -> #DIV/0! | F81: =SUM(F67:F80) -> 0
A85: 5 | B85: =INDEX(Stocks!A:B,MATCH(P86,Stocks!A:A,),2)&" ("&P86&")" -> Alibaba (9988:HK) | G85: Market Price
C86: Account | D86: Shares | E86: Ave. Cost | F86: Amount | H86: Sell Qty | I86: Amount HKD | J86: =IF(COUNTIF(J87:J98,">0")<>0,IF(COUNTIF(J87:J98,"<0")<>0,"Gain / Loss", "Gain"),"Loss") -> Loss | K86: ="% "&IF(COUNTIF(K87:K98,">=0")<>0,IF(COUNTIF(K87:K98,"<0")<>0,"Gain / Loss", "Gain"),"Loss") -> % Loss | P86: 9988:HK
C87: Citibank Singapore A/C No. 1 | D87: =SUMIF(Download!B:B,Q87,Download!G:G) -> 0 | E87: =SUMIF(Download!B:B,Q87,Download!H:H) -> 0 | F87: =D87*E87 -> 0 | H87: 3000 | I87: =H87*H85 -> 0 | J87: =(H85-E87)*H87 -> 0 | K87: =(H85/E87)-1 -> #DIV/0! | O87: CBSG | P87: =P86 -> 9988:HK | Q87: =O87&P87 -> CBSG9988:HK
C88: Citibank Account No. 2 | D88: =SUMIF(Download!B:B,Q88,Download!G:G) -> 0 | E88: =SUMIF(Download!B:B,Q88,Download!H:H) -> 0 | F88: =D88*E88 -> 0 | H88: =H87 -> 3000 | I88: =H88*H85 -> 0 | J88: =(H85-E88)*H88 -> 0 | K88: =(H85/E88)-1 -> #DIV/0! | O88: CB2 | P88: =P86 -> 9988:HK | Q88: =O88&P88 -> CB29988:HK
C89: Citibank Account No. 3 | D89: =SUMIF(Download!B:B,Q89,Download!G:G) -> 0 | E89: =SUMIF(Download!B:B,Q89,Download!H:H) -> 0 | F89: =D89*E89 -> 0 | H89: =H88 -> 3000 | I89: =H89*H85 -> 0 | J89: =(H85-E89)*H89 -> 0 | K89: =(H85/E89)-1 -> #DIV/0! | O89: CB3 | P89: =P87 -> 9988:HK | Q89: =O89&P89 -> CB39988:HK
C90: Citibank Berry Hill | D90: =SUMIF(Download!B:B,Q90,Download!G:G) -> 0 | E90: =SUMIF(Download!B:B,Q90,Download!H:H) -> 0 | F90: =D90*E90 -> 0 | H90: =H89 -> 3000 | I90: =H90*H85 -> 0 | J90: =(H85-E90)*H90 -> 0 | K90: =(H85/E90)-1 -> #DIV/0! | O90: CBBH | P90: =P89 -> 9988:HK | Q90: =O90&P90 -> CBBH9988:HK
C91: Bank of Singapore | D91: =SUMIF(Download!B:B,Q91,Download!G:G) -> 0 | E91: =SUMIF(Download!B:B,Q91,Download!H:H) -> 0 | F91: =D91*E91 -> 0 | H91: =H90 -> 3000 | I91: =H91*H85 -> 0 | J91: =(H85-E91)*H91 -> 0 | K91: =(H85/E91)-1 -> #DIV/0! | O91: BOS | P91: =P90 -> 9988:HK | Q91: =O91&P91 -> BOS9988:HK
C92: Deutsche Bank Personal | D92: =SUMIF(Download!B:B,Q92,Download!G:G) -> 0 | E92: =SUMIF(Download!B:B,Q92,Download!H:H) -> 0 | F92: =D92*E92 -> 0 | H92: =H91 -> 3000 | I92: =H92*H85 -> 0 | J92: =(H85-E92)*H92 -> 0 | K92: =(H85/E92)-1 -> #DIV/0! | O92: DBPe | P92: =P91 -> 9988:HK | Q92: =O92&P92 -> DBPe9988:HK
C93: Deutsche Bank Perfect Legend | D93: =SUMIF(Download!B:B,Q93,Download!G:G) -> 0 | E93: =SUMIF(Download!B:B,Q93,Download!H:H) -> 0 | F93: =D93*E93 -> 0 | H93: =H92 -> 3000 | I93: =H93*H85 -> 0 | J93: =(H85-E93)*H93 -> 0 | K93: =(H85/E93)-1 -> #DIV/0! | L93: with Decu Strike 117.5938 | O93: DBPL | P93: =P92 -> 9988:HK | Q93: =O93&P93 -> DBPL9988:HK
C94: Standard Chartered Bank | D94: =SUMIF(Download!B:B,Q94,Download!G:G) -> 0 | E94: =SUMIF(Download!B:B,Q94,Download!H:H) -> 0 | F94: =D94*E94 -> 0 | H94: =H93 -> 3000 | I94: =H94*H85 -> 0 | J94: =(H85-E94)*H94 -> 0 | K94: =(H85/E94)-1 -> #DIV/0! | O94: SC | P94: =P93 -> 9988:HK | Q94: =O94&P94 -> SC9988:HK
C95: Sun Hung Kai | D95: =SUMIF(Download!B:B,Q95,Download!G:G) -> 0 | E95: =SUMIF(Download!B:B,Q95,Download!H:H) -> 0 | F95: =D95*E95 -> 0 | H95: =H94 -> 3000 | I95: =H95*H85 -> 0 | J95: =(H85-E95)*H95 -> 0 | K95: =(H85/E95)-1 -> #DIV/0! | O95: SHK | P95: =P94 -> 9988:HK | Q95: =O95&P95 -> SHK9988:HK
C96: Morgan Stanley Titan No. 1 | D96: =SUMIF(Download!B:B,Q96,Download!G:G) -> 0 | E96: =SUMIF(Download!B:B,Q96,Download!H:H) -> 0 | F96: =D96*E96 -> 0 | H96: =H95 -> 3000 | I96: =H96*H85 -> 0 | J96: =(H85-E96)*H96 -> 0 | K96: =(H85/E96)-1 -> #DIV/0! | O96: MST1 | P96: =P95 -> 9988:HK | Q96: =O96&P96 -> MST19988:HK
C97: Morgan Stanley Titan No. 2 | D97: =SUMIF(Download!B:B,Q97,Download!G:G) -> 0 | E97: =SUMIF(Download!B:B,Q97,Download!H:H) -> 0 | F97: =D97*E97 -> 0 | H97: =H96 -> 3000 | I97: =H97*H85 -> 0 | J97: =(H85-E97)*H97 -> 0 | K97: =(H85/E97)-1 -> #DIV/0! | O97: MST2 | P97: =P96 -> 9988:HK | Q97: =O97&P97 -> MST29988:HK
C98: Morgan Stanley Perfect Legend | D98: =SUMIF(Download!B:B,Q98,Download!G:G) -> 0 | E98: =SUMIF(Download!B:B,Q98,Download!H:H) -> 0 | F98: =D98*E98 -> 0 | H98: =H97 -> 3000 | I98: =H98*H85 -> 0 | J98: =(H85-E98)*H98 -> 0 | K98: =(H85/E98)-1 -> #DIV/0! | O98: MSPL | P98: =P97 -> 9988:HK | Q98: =O98&P98 -> MSPL9988:HK
C100: Total | D100: =SUM(D86:D99) -> 0 | E100: =F100/D100 -> #DIV/0! | F100: =SUM(F86:F99) -> 0

Sheet 3
A1: Short Stock Summary
A2: =ALL!A1 -> As of September 20, 2022
L3: Ex-Date | M3: 44714
L4: Dividends | M4: HKD 0.21000
A5: 1 | B5: =INDEX(Stocks!A:B,MATCH(P6,Stocks!A:A,),2)&" ("&P6&")" -> Geely Motor (175:HK) | G5: Market Price | L5: Pay-out Date | M5: 44768
C6: Account | D6: Shares | E6: Ave. Cost | F6: Amount | H6: Sell Qty | I6: Amount HKD | J6: =IF(COUNTIF(J7:J18,">0")<>0,IF(COUNTIF(J7:J18,"<0")<>0,"Gain / Loss", "Gain"),"Loss") -> Loss | K6: ="% "&IF(COUNTIF(K7:K18,">=0")<>0,IF(COUNTIF(K7:K18,"<0")<>0,"Gain / Loss", "Gain"),"Loss") -> % Loss | P6: 175:HK
C7: Citibank Singapore A/C No. 1 | D7: =SUMIF(Download!B:B,Q7,Download!G:G) -> 0 | E7: =SUMIF(Download!B:B,Q7,Download!H:H) -> 0 | F7: =D7*E7 -> 0 | H7: 40000 | I7: =H7*H5 -> 0 | J7: =(H5-E7)*H7 -> 0 | K7: =(H5/E7)-1 -> #DIV/0! | O7: CBSG | P7: =P6 -> 175:HK | Q7: =O7&P7 -> CBSG175:HK
C8: Citibank Account No. 2 | D8: =SUMIF(Download!B:B,Q8,Download!G:G) -> 0 | E8: =SUMIF(Download!B:B,Q8,Download!H:H) -> 0 | F8: =D8*E8 -> 0 | H8: =H7 -> 40000 | I8: =H8*H5 -> 0 | J8: =(H5-E8)*H8 -> 0 | K8: =(H5/E8)-1 -> #DIV/0! | O8: CB2 | P8: =P6 -> 175:HK | Q8: =O8&P8 -> CB2175:HK
C9: Citibank Account No. 3 | D9: =SUMIF(Download!B:B,Q9,Download!G:G) -> 0 | E9: =SUMIF(Download!B:B,Q9,Download!H:H) -> 0 | F9: =D9*E9 -> 0 | H9: =H8 -> 40000 | I9: =H9*H5 -> 0 | J9: =(H5-E9)*H9 -> 0 | K9: =(H5/E9)-1 -> #DIV/0! | L9: with Decu Strike 18.2650; 16.8226 | O9: CB3 | P9: =P7 -> 175:HK | Q9: =O9&P9 -> CB3175:HK
C10: Citibank Berry Hill | D10: =SUMIF(Download!B:B,Q10,Download!G:G) -> 0 | E10: =SUMIF(Download!B:B,Q10,Download!H:H) -> 0 | F10: =D10*E10 -> 0 | H10: =H9 -> 40000 | I10: =H10*H5 -> 0 | J10: =(H5-E10)*H10 -> 0 | K10: =(H5/E10)-1 -> #DIV/0! | O10: CBBH | P10: =P9 -> 175:HK | Q10: =O10&P10 -> CBBH175:HK
C11: Bank of Singapore | D11: =SUMIF(Download!B:B,Q11,Download!G:G) -> 0 | E11: =SUMIF(Download!B:B,Q11,Download!H:H) -> 0 | F11: =D11*E11 -> 0 | H11: =H10 -> 40000 | I11: =H11*H5 -> 0 | J11: =(H5-E11)*H11 -> 0 | K11: =(H5/E11)-1 -> #DIV/0! | L11: with Decu Strike 18.5495; 16.0786 | O11: BOS | P11: =P10 -> 175:HK | Q11: =O11&P11 -> BOS175:HK
C12: Deutsche Bank Personal | D12: =SUMIF(Download!B:B,Q12,Download!G:G) -> 0 | E12: =SUMIF(Download!B:B,Q12,Download!H:H) -> 0 | F12: =D12*E12 -> 0 | H12: =H11 -> 40000 | I12: =H12*H5 -> 0 | J12: =(H5-E12)*H12 -> 0 | K12: =(H5/E12)-1 -> #DIV/0! | L12: with Decu Strike 18.3121 | O12: DBPe | P12: =P11 -> 175:HK | Q12: =O12&P12 -> DBPe175:HK
C13: Deutsche Bank Perfect Legend | D13: =SUMIF(Download!B:B,Q13,Download!G:G) -> 0 | E13: =SUMIF(Download!B:B,Q13,Download!H:H) -> 0 | F13: =D13*E13 -> 0 | H13: =H12 -> 40000 | I13: =H13*H5 -> 0 | J13: =(H5-E13)*H13 -> 0 | K13: =(H5/E13)-1 -> #DIV/0! | O13: DBPL | P13: =P12 -> 175:HK | Q13: =O13&P13 -> DBPL175:HK
C14: Standard Chartered Bank | D14: =SUMIF(Download!B:B,Q14,Download!G:G) -> 0 | E14: =SUMIF(Download!B:B,Q14,Download!H:H) -> 0 | F14: =D14*E14 -> 0 | H14: =H13 -> 40000 | I14: =H14*H5 -> 0 | J14: =(H5-E14)*H14 -> 0 | K14: =(H5/E14)-1 -> #DIV/0! | O14: SC | P14: =P13 -> 175:HK | Q14: =O14&P14 -> SC175:HK
C15: Sun Hung Kai | D15: =SUMIF(Download!B:B,Q15,Download!G:G) -> 0 | E15: =SUMIF(Download!B:B,Q15,Download!H:H) -> 0 | F15: =D15*E15 -> 0 | H15: =H14 -> 40000 | I15: =H15*H5 -> 0 | J15: =(H5-E15)*H15 -> 0 | K15: =(H5/E15)-1 -> #DIV/0! | O15: SHK | P15: =P14 -> 175:HK | Q15: =O15&P15 -> SHK175:HK
C16: Morgan Stanley Titan No. 1 | D16: =SUMIF(Download!B:B,Q16,Download!G:G) -> 0 | E16: =SUMIF(Download!B:B,Q16,Download!H:H) -> 0 | F16: =D16*E16 -> 0 | H16: =H15 -> 40000 | I16: =H16*H5 -> 0 | J16: =(H5-E16)*H16 -> 0 | K16: =(H5/E16)-1 -> #DIV/0! | O16: MST1 | P16: =P15 -> 175:HK | Q16: =O16&P16 -> MST1175:HK
C17: Morgan Stanley Titan No. 2 | D17: =SUMIF(Download!B:B,Q17,Download!G:G) -> 0 | E17: =SUMIF(Download!B:B,Q17,Download!H:H) -> 0 | F17: =D17*E17 -> 0 | H17: =H16 -> 40000 | I17: =H17*H5 -> 0 | J17: =(H5-E17)*H17 -> 0 | K17: =(H5/E17)-1 -> #DIV/0! | L17: with Decu Strike 17.6825; 18.4524; 15.6995 | O17: MST2 | P17: =P16 -> 175:HK | Q17: =O17&P17 -> MST2175:HK
C18: Morgan Stanley Perfect Legend | D18: =SUMIF(Download!B:B,Q18,Download!G:G) -> 0 | E18: =SUMIF(Download!B:B,Q18,Download!H:H) -> 0 | F18: =D18*E18 -> 0 | H18: =H17 -> 40000 | I18: =H18*H5 -> 0 | J18: =(H5-E18)*H18 -> 0 | K18: =(H5/E18)-1 -> #DIV/0! | O18: MSPL | P18: =P17 -> 175:HK | Q18: =O18&P18 -> MSPL175:HK
C20: Total | D20: =SUM(D6:D19) -> 0 | E20: =F20/D20 -> #DIV/0! | F20: =SUM(F6:F19) -> 0
L21: Ex-Date | M21: 44691
L22: Dividends | M22: RMB 0.0700
A23: 2 | B23: =INDEX(Stocks!A:B,MATCH(P24,Stocks!A:A,),2)&" ("&P24&")" -> Great Wall Motor (2333:HK) | G23: Market Price | L23: Pay-out Date | M23: 44733
C24: Account | D24: Shares | E24: Ave. Cost | F24: Amount | H24: Sell Qty | I24: Amount HKD | J24: =IF(COUNTIF(J25:J36,">0")<>0,IF(COUNTIF(J25:J36,"<0")<>0,"Gain / Loss", "Gain"),"Loss") -> Loss | K24: ="% "&IF(COUNTIF(K25:K36,">=0")<>0,IF(COUNTIF(K25:K36,"<0")<>0,"Gain / Loss", "Gain"),"Loss") -> % Loss | P24: 2333:HK
C25: Citibank Singapore A/C No. 1 | D25: =SUMIF(Download!B:B,Q25,Download!G:G) -> 0 | E25: =SUMIF(Download!B:B,Q25,Download!H:H) -> 0 | F25: =D25*E25 -> 0 | H25: 20000 | I25: =H25*H23 -> 0 | J25: =(H23-E25)*H25 -> 0 | K25: =(H23/E25)-1 -> #DIV/0! | O25: CBSG | P25: =P24 -> 2333:HK | Q25: =O25&P25 -> CBSG2333:HK
C26: Citibank Account No. 2 | D26: =SUMIF(Download!B:B,Q26,Download!G:G) -> 0 | E26: =SUMIF(Download!B:B,Q26,Download!H:H) -> 0 | F26: =D26*E26 -> 0 | H26: =H25 -> 20000 | I26: =H26*H23 -> 0 | J26: =(H23-E26)*H26 -> 0 | K26: =(H23/E26)-1 -> #DIV/0! | O26: CB2 | P26: =P24 -> 2333:HK | Q26: =O26&P26 -> CB22333:HK
C27: Citibank Account No. 3 | D27: =SUMIF(Download!B:B,Q27,Download!G:G) -> 0 | E27: =SUMIF(Download!B:B,Q27,Download!H:H) -> 0 | F27: =D27*E27 -> 0 | H27: =H26 -> 20000 | I27: =H27*H23 -> 0 | J27: =(H23-E27)*H27 -> 0 | K27: =(H23/E27)-1 -> #DIV/0! | O27: CB3 | P27: =P25 -> 2333:HK | Q27: =O27&P27 -> CB32333:HK
C28: Citibank Berry Hill | D28: =SUMIF(Download!B:B,Q28,Download!G:G) -> 0 | E28: =SUMIF(Download!B:B,Q28,Download!H:H) -> 0 | F28: =D28*E28 -> 0 | H28: =H27 -> 20000 | I28: =H28*H23 -> 0 | J28: =(H23-E28)*H28 -> 0 | K28: =(H23/E28)-1 -> #DIV/0! | O28: CBBH | P28: =P27 -> 2333:HK | Q28: =O28&P28 -> CBBH2333:HK
C29: Bank of Singapore | D29: =SUMIF(Download!B:B,Q29,Download!G:G) -> 0 | E29: =SUMIF(Download!B:B,Q29,Download!H:H) -> 0 | F29: =D29*E29 -> 0 | H29: =H28 -> 20000 | I29: =H29*H23 -> 0 | J29: =(H23-E29)*H29 -> 0 | K29: =(H23/E29)-1 -> #DIV/0! | O29: BOS | P29: =P28 -> 2333:HK | Q29: =O29&P29 -> BOS2333:HK
C30: Deutsche Bank Personal | D30: =SUMIF(Download!B:B,Q30,Download!G:G) -> 0 | E30: =SUMIF(Download!B:B,Q30,Download!H:H) -> 0 | F30: =D30*E30 -> 0 | H30: =H29 -> 20000 | I30: =H30*H23 -> 0 | J30: =(H23-E30)*H30 -> 0 | K30: =(H23/E30)-1 -> #DIV/0! | O30: DBPe | P30: =P29 -> 2333:HK | Q30: =O30&P30 -> DBPe2333:HK
C31: Deutsche Bank Perfect Legend | D31: =SUMIF(Download!B:B,Q31,Download!G:G) -> 0 | E31: =SUMIF(Download!B:B,Q31,Download!H:H) -> 0 | F31: =D31*E31 -> 0 | H31: =H30 -> 20000 | I31: =H31*H23 -> 0 | J31: =(H23-E31)*H31 -> 0 | K31: =(H23/E31)-1 -> #DIV/0! | O31: DBPL | P31: =P30 -> 2333:HK | Q31: =O31&P31 -> DBPL2333:HK
C32: Standard Chartered Bank | D32: =SUMIF(Download!B:B,Q32,Download!G:G) -> 0 | E32: =SUMIF(Download!B:B,Q32,Download!H:H) -> 0 | F32: =D32*E32 -> 0 | H32: =H31 -> 20000 | I32: =H32*H23 -> 0 | J32: =(H23-E32)*H32 -> 0 | K32: =(H23/E32)-1 -> #DIV/0! | O32: SC | P32: =P31 -> 2333:HK | Q32: =O32&P32 -> SC2333:HK
C33: Sun Hung Kai | D33: =SUMIF(Download!B:B,Q33,Download!G:G) -> 0 | E33: =SUMIF(Download!B:B,Q33,Download!H:H) -> 0 | F33: =D33*E33 -> 0 | H33: =H32 -> 20000 | I33: =H33*H23 -> 0 | J33: =(H23-E33)*H33 -> 0 | K33: =(H23/E33)-1 -> #DIV/0! | L33: with Decu Strike 12.1255; 10.8958; 14.4087; 14.4659; 14.6152; 13.5447 | O33: SHK | P33: =P32 -> 2333:HK | Q33: =O33&P33 -> SHK2333:HK
C34: Morgan Stanley Titan No. 1 | D34: =SUMIF(Download!B:B,Q34,Download!G:G) -> 0 | E34: =SUMIF(Download!B:B,Q34,Download!H:H) -> 0 | F34: =D34*E34 -> 0 | H34: =H33 -> 20000 | I34: =H34*H23 -> 0 | J34: =(H23-E34)*H34 -> 0 | K34: =(H23/E34)-1 -> #DIV/0! | L34: with Decu Strike 12.0965; 14.3173; 14.0640; 13.6959 | O34: MST1 | P34: =P33 -> 2333:HK | Q34: =O34&P34 -> MST12333:HK
C35: Morgan Stanley Titan No. 2 | D35: =SUMIF(Download!B:B,Q35,Download!G:G) -> 0 | E35: =SUMIF(Download!B:B,Q35,Download!H:H) -> 0 | F35: =D35*E35 -> 0 | H35: =H34 -> 20000 | I35: =H35*H23 -> 0 | J35: =(H23-E35)*H35 -> 0 | K35: =(H23/E35)-1 -> #DIV/0! | O35: MST2 | P35: =P34 -> 2333:HK | Q35: =O35&P35 -> MST22333:HK
C36: Morgan Stanley Perfect Legend | D36: =SUMIF(Download!B:B,Q36,Download!G:G) -> 0 | E36: =SUMIF(Download!B:B,Q36,Download!H:H) -> 0 | F36: =D36*E36 -> 0 | H36: =H35 -> 20000 | I36: =H36*H23 -> 0 | J36: =(H23-E36)*H36 -> 0 | K36: =(H23/E36)-1 -> #DIV/0! | L36: with Decu Strike 14.2469; 14.4763; 13.6245 | O36: MSPL | P36: =P35 -> 2333:HK | Q36: =O36&P36 -> MSPL2333:HK
C38: Total | D38: =SUM(D24:D37) -> 0 | E38: =F38/D38 -> #DIV/0! | F38: =SUM(F24:F37) -> 0
L39: Ex-Date | M39: 44741
L40: Dividends | M40: RMB 0.07125
A41: 3 | B41: =INDEX(Stocks!A:B,MATCH(P42,Stocks!A:A,),2)&" ("&P42&")" -> China Molybdenum (3993:HK) | G41: Market Price | L41: Pay-out Date | M41: 44769
C42: Account | D42: Shares | E42: Ave. Cost | F42: Amount | H42: Sell Qty | I42: Amount HKD | J42: =IF(COUNTIF(J43:J54,">0")<>0,IF(COUNTIF(J43:J54,"<0")<>0,"Gain / Loss", "Gain"),"Loss") -> Loss | K42: ="% "&IF(COUNTIF(K43:K54,">=0")<>0,IF(COUNTIF(K43:K54,"<0")<>0,"Gain / Loss", "Gain"),"Loss") -> % Loss | P42: 3993:HK
C43: Citibank Singapore A/C No. 1 | D43: =SUMIF(Download!B:B,Q43,Download!G:G) -> 0 | E43: =SUMIF(Download!B:B,Q43,Download!H:H) -> 0 | F43: =D43*E43 -> 0 | H43: 150000 | I43: =H43*H41 -> 0 | J43: =(H41-E43)*H43 -> 0 | K43: =(H41/E43)-1 -> #DIV/0! | L43: with Decu Strike 4.6822; 4.2767 | O43: CBSG | P43: =P42 -> 3993:HK | Q43: =O43&P43 -> CBSG3993:HK
C44: Citibank Account No. 2 | D44: =SUMIF(Download!B:B,Q44,Download!G:G) -> 0 | E44: =SUMIF(Download!B:B,Q44,Download!H:H) -> 0 | F44: =D44*E44 -> 0 | H44: =H43 -> 150000 | I44: =H44*H41 -> 0 | J44: =(H41-E44)*H44 -> 0 | K44: =(H41/E44)-1 -> #DIV/0! | O44: CB2 | P44: =P42 -> 3993:HK | Q44: =O44&P44 -> CB23993:HK
C45: Citibank Account No. 3 | D45: =SUMIF(Download!B:B,Q45,Download!G:G) -> 0 | E45: =SUMIF(Download!B:B,Q45,Download!H:H) -> 0 | F45: =D45*E45 -> 0 | H45: =H44 -> 150000 | I45: =H45*H41 -> 0 | J45: =(H41-E45)*H45 -> 0 | K45: =(H41/E45)-1 -> #DIV/0! | O45: CB3 | P45: =P43 -> 3993:HK | Q45: =O45&P45 -> CB33993:HK
C46: Citibank Berry Hill | D46: =SUMIF(Download!B:B,Q46,Download!G:G) -> 0 | E46: =SUMIF(Download!B:B,Q46,Download!H:H) -> 0 | F46: =D46*E46 -> 0 | H46: =H45 -> 150000 | I46: =H46*H41 -> 0 | J46: =(H41-E46)*H46 -> 0 | K46: =(H41/E46)-1 -> #DIV/0! | O46: CBBH | P46: =P45 -> 3993:HK | Q46: =O46&P46 -> CBBH3993:HK
C47: Bank of Singapore | D47: =SUMIF(Download!B:B,Q47,Download!G:G) -> 0 | E47: =SUMIF(Download!B:B,Q47,Download!H:H) -> 0 | F47: =D47*E47 -> 0 | H47: =H46 -> 150000 | I47: =H47*H41 -> 0 | J47: =(H41-E47)*H47 -> 0 | K47: =(H41/E47)-1 -> #DIV/0! | O47: BOS | P47: =P46 -> 3993:HK | Q47: =O47&P47 -> BOS3993:HK
C48: Deutsche Bank Personal | D48: =SUMIF(Download!B:B,Q48,Download!G:G) -> 0 | E48: =SUMIF(Download!B:B,Q48,Download!H:H) -> 0 | F48: =D48*E48 -> 0 | H48: =H47 -> 150000 | I48: =H48*H41 -> 0 | J48: =(H41-E48)*H48 -> 0 | K48: =(H41/E48)-1 -> #DIV/0! | L48: with Decu Strike 4.2190 | O48: DBPe | P48: =P47 -> 3993:HK | Q48: =O48&P48 -> DBPe3993:HK
C49: Deutsche Bank Perfect Legend | D49: =SUMIF(Download!B:B,Q49,Download!G:G) -> 0 | E49: =SUMIF(Download!B:B,Q49,Download!H:H) -> 0 | F49: =D49*E49 -> 0 | H49: =H48 -> 150000 | I49: =H49*H41 -> 0 | J49: =(H41-E49)*H49 -> 0 | K49: =(H41/E49)-1 -> #DIV/0! | O49: DBPL | P49: =P48 -> 3993:HK | Q49: =O49&P49 -> DBPL3993:HK
C50: Standard Chartered Bank | D50: =SUMIF(Download!B:B,Q50,Download!G:G) -> 0 | E50: =SUMIF(Download!B:B,Q50,Download!H:H) -> 0 | F50: =D50*E50 -> 0 | H50: =H49 -> 150000 | I50: =H50*H41 -> 0 | J50: =(H41-E50)*H50 -> 0 | K50: =(H41/E50)-1 -> #DIV/0! | O50: SC | P50: =P49 -> 3993:HK | Q50: =O50&P50 -> SC3993:HK
C51: Sun Hung Kai | D51: =SUMIF(Download!B:B,Q51,Download!G:G) -> 0 | E51: =SUMIF(Download!B:B,Q51,Download!H:H) -> 0 | F51: =D51*E51 -> 0 | H51: =H50 -> 150000 | I51: =H51*H41 -> 0 | J51: =(H41-E51)*H51 -> 0 | K51: =(H41/E51)-1 -> #DIV/0! | L51: with Decu Strike 4.5525; 4.2837; 4.3487 | O51: SHK | P51: =P50 -> 3993:HK | Q51: =O51&P51 -> SHK3993:HK
C52: Morgan Stanley Titan No. 1 | D52: =SUMIF(Download!B:B,Q52,Download!G:G) -> 0 | E52: =SUMIF(Download!B:B,Q52,Download!H:H) -> 0 | F52: =D52*E52 -> 0 | H52: =H51 -> 150000 | I52: =H52*H41 -> 0 | J52: =(H41-E52)*H52 -> 0 | K52: =(H41/E52)-1 -> #DIV/0! | L52: with Decu Strike 4.5168 | O52: MST1 | P52: =P51 -> 3993:HK | Q52: =O52&P52 -> MST13993:HK
C53: Morgan Stanley Titan No. 2 | D53: =SUMIF(Download!B:B,Q53,Download!G:G) -> 0 | E53: =SUMIF(Download!B:B,Q53,Download!H:H) -> 0 | F53: =D53*E53 -> 0 | H53: =H52 -> 150000 | I53: =H53*H41 -> 0 | J53: =(H41-E53)*H53 -> 0 | K53: =(H41/E53)-1 -> #DIV/0! | L53: with Decu Strike 4.8503; 4.5168; 4.3423; 4.3507 | O53: MST2 | P53: =P52 -> 3993:HK | Q53: =O53&P53 -> MST23993:HK
C54: Morgan Stanley Perfect Legend | D54: =SUMIF(Download!B:B,Q54,Download!G:G) -> 0 | E54: =SUMIF(Download!B:B,Q54,Download!H:H) -> 0 | F54: =D54*E54 -> 0 | H54: =H53 -> 150000 | I54: =H54*H41 -> 0 | J54: =(H41-E54)*H54 -> 0 | K54: =(H41/E54)-1 -> #DIV/0! | L54: with Decu Strike 4.5108; 4.5168; 4.4402; 4.3423 | O54: MSPL | P54: =P53 -> 3993:HK | Q54: =O54&P54 -> MSPL3993:HK
C56: Total | D56: =SUM(D42:D55) -> 0 | E56: =F56/D56 -> #DIV/0! | F56: =SUM(F42:F55) -> 0
A60: 4 | B60: =INDEX(Stocks!A:B,MATCH(P61,Stocks!A:A,),2)&" ("&P61&")" -> Baidu Inc A (9888:HK) | G60: Market Price
C61: Account | D61: Shares | E61: Ave. Cost | F61: Amount | H61: Sell Qty | I61: Amount HKD | J61: =IF(COUNTIF(J62:J73,">0")<>0,IF(COUNTIF(J62:J73,"<0")<>0,"Gain / Loss", "Gain"),"Loss") -> Loss | K61: ="% "&IF(COUNTIF(K62:K73,">=0")<>0,IF(COUNTIF(K62:K73,"<0")<>0,"Gain / Loss", "Gain"),"Loss") -> % Loss | P61: 9888:HK
C62: Citibank Singapore A/C No. 1 | D62: =SUMIF(Download!B:B,Q62,Download!G:G) -> 0 | E62: =SUMIF(Download!B:B,Q62,Download!H:H) -> 0 | F62: =D62*E62 -> 0 | H62: 1000 | I62: =H62*H60 -> 0 | J62: =(H60-E62)*H62 -> 0 | K62: =(H60/E62)-1 -> #DIV/0! | O62: CBSG | P62: =P61 -> 9888:HK | Q62: =O62&P62 -> CBSG9888:HK
C63: Citibank Account No. 2 | D63: =SUMIF(Download!B:B,Q63,Download!G:G) -> 0 | E63: =SUMIF(Download!B:B,Q63,Download!H:H) -> 0 | F63: =D63*E63 -> 0 | H63: =H62 -> 1000 | I63: =H63*H60 -> 0 | J63: =(H60-E63)*H63 -> 0 | K63: =(H60/E63)-1 -> #DIV/0! | L63: with Decu Strike 148.7171 | O63: CB2 | P63: =P61 -> 9888:HK | Q63: =O63&P63 -> CB29888:HK
C64: Citibank Account No. 3 | D64: =SUMIF(Download!B:B,Q64,Download!G:G) -> 0 | E64: =SUMIF(Download!B:B,Q64,Download!H:H) -> 0 | F64: =D64*E64 -> 0 | H64: =H63 -> 1000 | I64: =H64*H60 -> 0 | J64: =(H60-E64)*H64 -> 0 | K64: =(H60/E64)-1 -> #DIV/0! | O64: CB3 | P64: =P62 -> 9888:HK | Q64: =O64&P64 -> CB39888:HK
C65: Citibank Berry Hill | D65: =SUMIF(Download!B:B,Q65,Download!G:G) -> 0 | E65: =SUMIF(Download!B:B,Q65,Download!H:H) -> 0 | F65: =D65*E65 -> 0 | H65: =H64 -> 1000 | I65: =H65*H60 -> 0 | J65: =(H60-E65)*H65 -> 0 | K65: =(H60/E65)-1 -> #DIV/0! | O65: CBBH | P65: =P64 -> 9888:HK | Q65: =O65&P65 -> CBBH9888:HK
C66: Bank of Singapore | D66: =SUMIF(Download!B:B,Q66,Download!G:G) -> 0 | E66: =SUMIF(Download!B:B,Q66,Download!H:H) -> 0 | F66: =D66*E66 -> 0 | H66: =H65 -> 1000 | I66: =H66*H60 -> 0 | J66: =(H60-E66)*H66 -> 0 | K66: =(H60/E66)-1 -> #DIV/0! | O66: BOS | P66: =P65 -> 9888:HK | Q66: =O66&P66 -> BOS9888:HK
C67: Deutsche Bank Personal | D67: =SUMIF(Download!B:B,Q67,Download!G:G) -> 0 | E67: =SUMIF(Download!B:B,Q67,Download!H:H) -> 0 | F67: =D67*E67 -> 0 | H67: =H66 -> 1000 | I67: =H67*H60 -> 0 | J67: =(H60-E67)*H67 -> 0 | K67: =(H60/E67)-1 -> #DIV/0! | L67: with Decu Strike 155.8260; 148.8045 | O67: DBPe | P67: =P66 -> 9888:HK | Q67: =O67&P67 -> DBPe9888:HK
C68: Deutsche Bank Perfect Legend | D68: =SUMIF(Download!B:B,Q68,Download!G:G) -> 0 | E68: =SUMIF(Download!B:B,Q68,Download!H:H) -> 0 | F68: =D68*E68 -> 0 | H68: =H67 -> 1000 | I68: =H68*H60 -> 0 | J68: =(H60-E68)*H68 -> 0 | K68: =(H60/E68)-1 -> #DIV/0! | O68: DBPL | P68: =P67 -> 9888:HK | Q68: =O68&P68 -> DBPL9888:HK
C69: Standard Chartered Bank | D69: =SUMIF(Download!B:B,Q69,Download!G:G) -> 0 | E69: =SUMIF(Download!B:B,Q69,Download!H:H) -> 0 | F69: =D69*E69 -> 0 | H69: =H68 -> 1000 | I69: =H69*H60 -> 0 | J69: =(H60-E69)*H69 -> 0 | K69: =(H60/E69)-1 -> #DIV/0! | O69: SC | P69: =P68 -> 9888:HK | Q69: =O69&P69 -> SC9888:HK
C70: Sun Hung Kai | D70: =SUMIF(Download!B:B,Q70,Download!G:G) -> 0 | E70: =SUMIF(Download!B:B,Q70,Download!H:H) -> 0 | F70: =D70*E70 -> 0 | H70: =H69 -> 1000 | I70: =H70*H60 -> 0 | J70: =(H60-E70)*H70 -> 0 | K70: =(H60/E70)-1 -> #DIV/0! | O70: SHK | P70: =P69 -> 9888:HK | Q70: =O70&P70 -> SHK9888:HK
C71: Morgan Stanley Titan No. 1 | D71: =SUMIF(Download!B:B,Q71,Download!G:G) -> 0 | E71: =SUMIF(Download!B:B,Q71,Download!H:H) -> 0 | F71: =D71*E71 -> 0 | H71: =H70 -> 1000 | I71: =H71*H60 -> 0 | J71: =(H60-E71)*H71 -> 0 | K71: =(H60/E71)-1 -> #DIV/0! | O71: MST1 | P71: =P70 -> 9888:HK | Q71: =O71&P71 -> MST19888:HK
C72: Morgan Stanley Titan No. 2 | D72: =SUMIF(Download!B:B,Q72,Download!G:G) -> 0 | E72: =SUMIF(Download!B:B,Q72,Download!H:H) -> 0 | F72: =D72*E72 -> 0 | H72: =H71 -> 1000 | I72: =H72*H60 -> 0 | J72: =(H60-E72)*H72 -> 0 | K72: =(H60/E72)-1 -> #DIV/0! | O72: MST2 | P72: =P71 -> 9888:HK | Q72: =O72&P72 -> MST29888:HK
C73: Morgan Stanley Perfect Legend | D73: =SUMIF(Download!B:B,Q73,Download!G:G) -> 0 | E73: =SUMIF(Download!B:B,Q73,Download!H:H) -> 0 | F73: =D73*E73 -> 0 | H73: =H72 -> 1000 | I73: =H73*H60 -> 0 | J73: =(H60-E73)*H73 -> 0 | K73: =(H60/E73)-1 -> #DIV/0! | O73: MSPL | P73: =P72 -> 9888:HK | Q73: =O73&P73 -> MSPL9888:HK
C75: Total | D75: =SUM(D61:D74) -> 0 | E75: =F75/D75 -> #DIV/0! | F75: =SUM(F61:F74) -> 0
A79: 5 | B79: =INDEX(Stocks!A:B,MATCH(P80,Stocks!A:A,),2)&" ("&P80&")" -> Semiconductor Mfg (981:HK) | G79: Market Price
C80: Account | D80: Shares | E80: Ave. Cost | F80: Amount | H80: Sell Qty | I80: Amount HKD | J80: =IF(COUNTIF(J81:J92,">0")<>0,IF(COUNTIF(J81:J92,"<0")<>0,"Gain / Loss", "Gain"),"Loss") -> Loss | K80: ="% "&IF(COUNTIF(K81:K92,">=0")<>0,IF(COUNTIF(K81:K92,"<0")<>0,"Gain / Loss", "Gain"),"Loss") -> % Loss | P80: 981:HK
C81: Citibank Singapore A/C No. 1 | D81: =SUMIF(Download!B:B,Q81,Download!G:G) -> 0 | E81: =SUMIF(Download!B:B,Q81,Download!H:H) -> 0 | F81: =D81*E81 -> 0 | I81: =H81*H79 -> 0 | J81: =(H79-E81)*H81 -> 0 | K81: =(H79/E81)-1 -> #DIV/0! | O81: CBSG | P81: =P80 -> 981:HK | Q81: =O81&P81 -> CBSG981:HK
C82: Citibank Account No. 2 | D82: =SUMIF(Download!B:B,Q82,Download!G:G) -> 0 | E82: =SUMIF(Download!B:B,Q82,Download!H:H) -> 0 | F82: =D82*E82 -> 0 | I82: =H82*H79 -> 0 | J82: =(H79-E82)*H82 -> 0 | K82: =(H79/E82)-1 -> #DIV/0! | O82: CB2 | P82: =P80 -> 981:HK | Q82: =O82&P82 -> CB2981:HK
C83: Citibank Account No. 3 | D83: =SUMIF(Download!B:B,Q83,Download!G:G) -> 0 | E83: =SUMIF(Download!B:B,Q83,Download!H:H) -> 0 | F83: =D83*E83 -> 0 | I83: =H83*H79 -> 0 | J83: =(H79-E83)*H83 -> 0 | K83: =(H79/E83)-1 -> #DIV/0! | O83: CB3 | P83: =P81 -> 981:HK | Q83: =O83&P83 -> CB3981:HK
C84: Citibank Berry Hill | D84: =SUMIF(Download!B:B,Q84,Download!G:G) -> 0 | E84: =SUMIF(Download!B:B,Q84,Download!H:H) -> 0 | F84: =D84*E84 -> 0 | I84: =H84*H79 -> 0 | J84: =(H79-E84)*H84 -> 0 | K84: =(H79/E84)-1 -> #DIV/0! | O84: CBBH | P84: =P83 -> 981:HK | Q84: =O84&P84 -> CBBH981:HK
C85: Bank of Singapore | D85: =SUMIF(Download!B:B,Q85,Download!G:G) -> 0 | E85: =SUMIF(Download!B:B,Q85,Download!H:H) -> 0 | F85: =D85*E85 -> 0 | I85: =H85*H79 -> 0 | J85: =(H79-E85)*H85 -> 0 | K85: =(H79/E85)-1 -> #DIV/0! | O85: BOS | P85: =P84 -> 981:HK | Q85: =O85&P85 -> BOS981:HK
C86: Deutsche Bank Personal | D86: =SUMIF(Download!B:B,Q86,Download!G:G) -> 0 | E86: =SUMIF(Download!B:B,Q86,Download!H:H) -> 0 | F86: =D86*E86 -> 0 | I86: =H86*H79 -> 0 | J86: =(H79-E86)*H86 -> 0 | K86: =(H79/E86)-1 -> #DIV/0! | O86: DBPe | P86: =P85 -> 981:HK | Q86: =O86&P86 -> DBPe981:HK
C87: Deutsche Bank Perfect Legend | D87: =SUMIF(Download!B:B,Q87,Download!G:G) -> 0 | E87: =SUMIF(Download!B:B,Q87,Download!H:H) -> 0 | F87: =D87*E87 -> 0 | I87: =H87*H79 -> 0 | J87: =(H79-E87)*H87 -> 0 | K87: =(H79/E87)-1 -> #DIV/0! | O87: DBPL | P87: =P86 -> 981:HK | Q87: =O87&P87 -> DBPL981:HK
C88: Standard Chartered Bank | D88: =SUMIF(Download!B:B,Q88,Download!G:G) -> 0 | E88: =SUMIF(Download!B:B,Q88,Download!H:H) -> 0 | F88: =D88*E88 -> 0 | I88: =H88*H79 -> 0 | J88: =(H79-E88)*H88 -> 0 | K88: =(H79/E88)-1 -> #DIV/0! | O88: SC | P88: =P87 -> 981:HK | Q88: =O88&P88 -> SC981:HK
C89: Sun Hung Kai | D89: =SUMIF(Download!B:B,Q89,Download!G:G) -> 0 | E89: =SUMIF(Download!B:B,Q89,Download!H:H) -> 0 | F89: =D89*E89 -> 0 | I89: =H89*H79 -> 0 | J89: =(H79-E89)*H89 -> 0 | K89: =(H79/E89)-1 -> #DIV/0! | O89: SHK | P89: =P88 -> 981:HK | Q89: =O89&P89 -> SHK981:HK
C90: Morgan Stanley Titan No. 1 | D90: =SUMIF(Download!B:B,Q90,Download!G:G) -> 0 | E90: =SUMIF(Download!B:B,Q90,Download!H:H) -> 0 | F90: =D90*E90 -> 0 | I90: =H90*H79 -> 0 | J90: =(H79-E90)*H90 -> 0 | K90: =(H79/E90)-1 -> #DIV/0! | O90: MST1 | P90: =P89 -> 981:HK | Q90: =O90&P90 -> MST1981:HK
C91: Morgan Stanley Titan No. 2 | D91: =SUMIF(Download!B:B,Q91,Download!G:G) -> 0 | E91: =SUMIF(Download!B:B,Q91,Download!H:H) -> 0 | F91: =D91*E91 -> 0 | I91: =H91*H79 -> 0 | J91: =(H79-E91)*H91 -> 0 | K91: =(H79/E91)-1 -> #DIV/0! | O91: MST2 | P91: =P90 -> 981:HK | Q91: =O91&P91 -> MST2981:HK
C92: Morgan Stanley Perfect Legend | D92: =SUMIF(Download!B:B,Q92,Download!G:G) -> 0 | E92: =SUMIF(Download!B:B,Q92,Download!H:H) -> 0 | F92: =D92*E92 -> 0 | I92: =H92*H79 -> 0 | J92: =(H79-E92)*H92 -> 0 | K92: =(H79/E92)-1 -> #DIV/0! | O92: MSPL | P92: =P91 -> 981:HK | Q92: =O92&P92 -> MSPL981:HK
C94: Total | D94: =SUM(D80:D93) -> 0 | E94: =F94/D94 -> #DIV/0! | F94: =SUM(F80:F93) -> 0
L96: Ex-Date | M96: 44742
L97: Dividends | M97: RMB 0.5400
A98: 5 | B98: =INDEX(Stocks!A:B,MATCH(P99,Stocks!A:A,),2)&" ("&P99&")" -> Citic Securities (6030:HK) | G98: Market Price | L98: Pay-out Date | M98: 44799
C99: Account | D99: Shares | E99: Ave. Cost | F99: Amount | H99: Sell Qty | I99: Amount HKD | J99: =IF(COUNTIF(J100:J111,">0")<>0,IF(COUNTIF(J100:J111,"<0")<>0,"Gain / Loss", "Gain"),"Loss") -> Loss | K99: ="% "&IF(COUNTIF(K100:K111,">=0")<>0,IF(COUNTIF(K100:K111,"<0")<>0,"Gain / Loss", "Gain"),"Loss") -> % Loss | P99: 6030:HK
C100: Citibank Singapore A/C No. 1 | D100: =SUMIF(Download!B:B,Q100,Download!G:G) -> 0 | E100: =SUMIF(Download!B:B,Q100,Download!H:H) -> 0 | F100: =D100*E100 -> 0 | H100: 20000 | I100: =H100*H98 -> 0 | J100: =(H98-E100)*H100 -> 0 | K100: =(H98/E100)-1 -> #DIV/0! | O100: CBSG | P100: =P99 -> 6030:HK | Q100: =O100&P100 -> CBSG6030:HK
C101: Citibank Account No. 2 | D101: =SUMIF(Download!B:B,Q101,Download!G:G) -> 0 | E101: =SUMIF(Download!B:B,Q101,Download!H:H) -> 0 | F101: =D101*E101 -> 0 | H101: =H100 -> 20000 | I101: =H101*H98 -> 0 | J101: =(H98-E101)*H101 -> 0 | K101: =(H98/E101)-1 -> #DIV/0! | O101: CB2 | P101: =P99 -> 6030:HK | Q101: =O101&P101 -> CB26030:HK
C102: Citibank Account No. 3 | D102: =SUMIF(Download!B:B,Q102,Download!G:G) -> 0 | E102: =SUMIF(Download!B:B,Q102,Download!H:H) -> 0 | F102: =D102*E102 -> 0 | H102: =H101 -> 20000 | I102: =H102*H98 -> 0 | J102: =(H98-E102)*H102 -> 0 | K102: =(H98/E102)-1 -> #DIV/0! | O102: CB3 | P102: =P100 -> 6030:HK | Q102: =O102&P102 -> CB36030:HK
C103: Citibank Berry Hill | D103: =SUMIF(Download!B:B,Q103,Download!G:G) -> 0 | E103: =SUMIF(Download!B:B,Q103,Download!H:H) -> 0 | F103: =D103*E103 -> 0 | H103: =H102 -> 20000 | I103: =H103*H98 -> 0 | J103: =(H98-E103)*H103 -> 0 | K103: =(H98/E103)-1 -> #DIV/0! | O103: CBBH | P103: =P102 -> 6030:HK | Q103: =O103&P103 -> CBBH6030:HK
C104: Bank of Singapore | D104: =SUMIF(Download!B:B,Q104,Download!G:G) -> 0 | E104: =SUMIF(Download!B:B,Q104,Download!H:H) -> 0 | F104: =D104*E104 -> 0 | H104: =H103 -> 20000 | I104: =H104*H98 -> 0 | J104: =(H98-E104)*H104 -> 0 | K104: =(H98/E104)-1 -> #DIV/0! | O104: BOS | P104: =P103 -> 6030:HK | Q104: =O104&P104 -> BOS6030:HK
C105: Deutsche Bank Personal | D105: =SUMIF(Download!B:B,Q105,Download!G:G) -> 0 | E105: =SUMIF(Download!B:B,Q105,Download!H:H) -> 0 | F105: =D105*E105 -> 0 | H105: =H104 -> 20000 | I105: =H105*H98 -> 0 | J105: =(H98-E105)*H105 -> 0 | K105: =(H98/E105)-1 -> #DIV/0! | O105: DBPe | P105: =P104 -> 6030:HK | Q105: =O105&P105 -> DBPe6030:HK
C106: Deutsche Bank Perfect Legend | D106: =SUMIF(Download!B:B,Q106,Download!G:G) -> 0 | E106: =SUMIF(Download!B:B,Q106,Download!H:H) -> 0 | F106: =D106*E106 -> 0 | H106: =H105 -> 20000 | I106: =H106*H98 -> 0 | J106: =(H98-E106)*H106 -> 0 | K106: =(H98/E106)-1 -> #DIV/0! | O106: DBPL | P106: =P105 -> 6030:HK | Q106: =O106&P106 -> DBPL6030:HK
C107: Standard Chartered Bank | D107: =SUMIF(Download!B:B,Q107,Download!G:G) -> 0 | E107: =SUMIF(Download!B:B,Q107,Download!H:H) -> 0 | F107: =D107*E107 -> 0 | H107: =H106 -> 20000 | I107: =H107*H98 -> 0 | J107: =(H98-E107)*H107 -> 0 | K107: =(H98/E107)-1 -> #DIV/0! | O107: SC | P107: =P106 -> 6030:HK | Q107: =O107&P107 -> SC6030:HK
C108: Sun Hung Kai | D108: =SUMIF(Download!B:B,Q108,Download!G:G) -> 0 | E108: =SUMIF(Download!B:B,Q108,Download!H:H) -> 0 | F108: =D108*E108 -> 0 | H108: =H107 -> 20000 | I108: =H108*H98 -> 0 | J108: =(H98-E108)*H108 -> 0 | K108: =(H98/E108)-1 -> #DIV/0! | O108: SHK | P108: =P107 -> 6030:HK | Q108: =O108&P108 -> SHK6030:HK
C109: Morgan Stanley Titan No. 1 | D109: =SUMIF(Download!B:B,Q109,Download!G:G) -> 0 | E109: =SUMIF(Download!B:B,Q109,Download!H:H) -> 0 | F109: =D109*E109 -> 0 | H109: =H108 -> 20000 | I109: =H109*H98 -> 0 | J109: =(H98-E109)*H109 -> 0 | K109: =(H98/E109)-1 -> #DIV/0! | O109: MST1 | P109: =P108 -> 6030:HK | Q109: =O109&P109 -> MST16030:HK
C110: Morgan Stanley Titan No. 2 | D110: =SUMIF(Download!B:B,Q110,Download!G:G) -> 0 | E110: =SUMIF(Download!B:B,Q110,Download!H:H) -> 0 | F110: =D110*E110 -> 0 | H110: =H109 -> 20000 | I110: =H110*H98 -> 0 | J110: =(H98-E110)*H110 -> 0 | K110: =(H98/E110)-1 -> #DIV/0! | O110: MST2 | P110: =P109 -> 6030:HK | Q110: =O110&P110 -> MST26030:HK
C111: Morgan Stanley Perfect Legend | D111: =SUMIF(Download!B:B,Q111,Download!G:G) -> 0 | E111: =SUMIF(Download!B:B,Q111,Download!H:H) -> 0 | F111: =D111*E111 -> 0 | H111: =H110 -> 20000 | I111: =H111*H98 -> 0 | J111: =(H98-E111)*H111 -> 0 | K111: =(H98/E111)-1 -> #DIV/0! | O111: MSPL | P111: =P110 -> 6030:HK | Q111: =O111&P111 -> MSPL6030:HK
C113: Total | D113: =SUM(D99:D112) -> 0 | E113: =F113/D113 -> #DIV/0! | F113: =SUM(F99:F112) -> 0
...

Sheet 4
A1: Short Stock Summary | L1: Out
A2: =ALL!A1 -> As of September 20, 2022
K3: 1 | L3: Ex-Date | M3: 44725
L4: Dividends | M4: HKD 0.0670
L5: Pay-out Date | M5: 44742
K6: 2 | L6: Ex-Date | M6: 44832
L7: Dividends | M7: HKD 0.07
A8: 1 | B8: =INDEX(Stocks!A:B,MATCH(P9,Stocks!A:A,),2)&" ("&P9&")" -> Beijing Water (371:HK) | G8: Market Price | L8: Pay-out Date | M8: 44854
C9: Account | D9: Shares | E9: Ave. Cost | F9: Amount | H9: Sell Qty | I9: Amount HKD | J9: =IF(COUNTIF(J10:J21,">0")<>0,IF(COUNTIF(J10:J21,"<0")<>0,"Gain / Loss", "Gain"),"Loss") -> Loss | K9: ="% "&IF(COUNTIF(K10:K21,">=0")<>0,IF(COUNTIF(K10:K21,"<0")<>0,"Gain / Loss", "Gain"),"Loss") -> % Loss | P9: 371:HK
C10: Citibank Singapore A/C No. 1 | D10: =SUMIF(Download!B:B,Q10,Download!G:G) -> 0 | E10: =SUMIF(Download!B:B,Q10,Download!H:H) -> 0 | F10: =D10*E10 -> 0 | H10: 200000 | I10: =H10*H8 -> 0 | J10: =(H8-E10)*H10 -> 0 | K10: =(H8/E10)-1 -> #DIV/0! | O10: CBSG | P10: =P9 -> 371:HK | Q10: =O10&P10 -> CBSG371:HK
C11: Citibank Account No. 2 | D11: =SUMIF(Download!B:B,Q11,Download!G:G) -> 0 | E11: =SUMIF(Download!B:B,Q11,Download!H:H) -> 0 | F11: =D11*E11 -> 0 | H11: =H10 -> 200000 | I11: =H11*H8 -> 0 | J11: =(H8-E11)*H11 -> 0 | K11: =(H8/E11)-1 -> #DIV/0! | O11: CB2 | P11: =P9 -> 371:HK | Q11: =O11&P11 -> CB2371:HK
C12: Citibank Account No. 3 | D12: =SUMIF(Download!B:B,Q12,Download!G:G) -> 0 | E12: =SUMIF(Download!B:B,Q12,Download!H:H) -> 0 | F12: =D12*E12 -> 0 | H12: =H11 -> 200000 | I12: =H12*H8 -> 0 | J12: =(H8-E12)*H12 -> 0 | K12: =(H8/E12)-1 -> #DIV/0! | O12: CB3 | P12: =P10 -> 371:HK | Q12: =O12&P12 -> CB3371:HK
C13: Citibank Berry Hill | D13: =SUMIF(Download!B:B,Q13,Download!G:G) -> 0 | E13: =SUMIF(Download!B:B,Q13,Download!H:H) -> 0 | F13: =D13*E13 -> 0 | H13: =H12 -> 200000 | I13: =H13*H8 -> 0 | J13: =(H8-E13)*H13 -> 0 | K13: =(H8/E13)-1 -> #DIV/0! | O13: CBBH | P13: =P12 -> 371:HK | Q13: =O13&P13 -> CBBH371:HK
C14: Bank of Singapore | D14: =SUMIF(Download!B:B,Q14,Download!G:G) -> 0 | E14: =SUMIF(Download!B:B,Q14,Download!H:H) -> 0 | F14: =D14*E14 -> 0 | H14: =H13 -> 200000 | I14: =H14*H8 -> 0 | J14: =(H8-E14)*H14 -> 0 | K14: =(H8/E14)-1 -> #DIV/0! | O14: BOS | P14: =P13 -> 371:HK | Q14: =O14&P14 -> BOS371:HK
C15: Deutsche Bank Personal | D15: =SUMIF(Download!B:B,Q15,Download!G:G) -> 0 | E15: =SUMIF(Download!B:B,Q15,Download!H:H) -> 0 | F15: =D15*E15 -> 0 | H15: =H14 -> 200000 | I15: =H15*H8 -> 0 | J15: =(H8-E15)*H15 -> 0 | K15: =(H8/E15)-1 -> #DIV/0! | O15: DBPe | P15: =P14 -> 371:HK | Q15: =O15&P15 -> DBPe371:HK
C16: Deutsche Bank Perfect Legend | D16: =SUMIF(Download!B:B,Q16,Download!G:G) -> 0 | E16: =SUMIF(Download!B:B,Q16,Download!H:H) -> 0 | F16: =D16*E16 -> 0 | H16: =H15 -> 200000 | I16: =H16*H8 -> 0 | J16: =(H8-E16)*H16 -> 0 | K16: =(H8/E16)-1 -> #DIV/0! | O16: DBPL | P16: =P15 -> 371:HK | Q16: =O16&P16 -> DBPL371:HK
C17: Standard Chartered Bank | D17: =SUMIF(Download!B:B,Q17,Download!G:G) -> 0 | E17: =SUMIF(Download!B:B,Q17,Download!H:H) -> 0 | F17: =D17*E17 -> 0 | H17: =H16 -> 200000 | I17: =H17*H8 -> 0 | J17: =(H8-E17)*H17 -> 0 | K17: =(H8/E17)-1 -> #DIV/0! | O17: SC | P17: =P16 -> 371:HK | Q17: =O17&P17 -> SC371:HK
C18: Sun Hung Kai | D18: =SUMIF(Download!B:B,Q18,Download!G:G) -> 0 | E18: =SUMIF(Download!B:B,Q18,Download!H:H) -> 0 | F18: =D18*E18 -> 0 | H18: =H17 -> 200000 | I18: =H18*H8 -> 0 | J18: =(H8-E18)*H18 -> 0 | K18: =(H8/E18)-1 -> #DIV/0! | O18: SHK | P18: =P17 -> 371:HK | Q18: =O18&P18 -> SHK371:HK
C19: Morgan Stanley Titan No. 1 | D19: =SUMIF(Download!B:B,Q19,Download!G:G) -> 0 | E19: =SUMIF(Download!B:B,Q19,Download!H:H) -> 0 | F19: =D19*E19 -> 0 | H19: =H18 -> 200000 | I19: =H19*H8 -> 0 | J19: =(H8-E19)*H19 -> 0 | K19: =(H8/E19)-1 -> #DIV/0! | O19: MST1 | P19: =P18 -> 371:HK | Q19: =O19&P19 -> MST1371:HK
C20: Morgan Stanley Titan No. 2 | D20: =SUMIF(Download!B:B,Q20,Download!G:G) -> 0 | E20: =SUMIF(Download!B:B,Q20,Download!H:H) -> 0 | F20: =D20*E20 -> 0 | H20: =H19 -> 200000 | I20: =H20*H8 -> 0 | J20: =(H8-E20)*H20 -> 0 | K20: =(H8/E20)-1 -> #DIV/0! | O20: MST2 | P20: =P19 -> 371:HK | Q20: =O20&P20 -> MST2371:HK
C21: Morgan Stanley Perfect Legend | D21: =SUMIF(Download!B:B,Q21,Download!G:G) -> 0 | E21: =SUMIF(Download!B:B,Q21,Download!H:H) -> 0 | F21: =D21*E21 -> 0 | H21: =H20 -> 200000 | I21: =H21*H8 -> 0 | J21: =(H8-E21)*H21 -> 0 | K21: =(H8/E21)-1 -> #DIV/0! | O21: MSPL | P21: =P20 -> 371:HK | Q21: =O21&P21 -> MSPL371:HK
C23: Total | D23: =SUM(D9:D22) -> 0 | E23: =F23/D23 -> #DIV/0! | F23: =SUM(F9:F22) -> 0
L24: Ex-Date | M24: 44027
L25: Dividends | M25: HKD4.6800
A26: 2 | B26: =INDEX(Stocks!A:B,MATCH(P27,Stocks!A:A,),2)&" ("&P27&")" -> Cathay Pacific (293:HK) | G26: Market Price | L26: Pay-out Date | M26: 44048
C27: Account | D27: Shares | E27: Ave. Cost | F27: Amount | H27: Sell Qty | I27: Amount HKD | J27: =IF(COUNTIF(J28:J39,">0")<>0,IF(COUNTIF(J28:J39,"<0")<>0,"Gain / Loss", "Gain"),"Loss") -> Loss | K27: ="% "&IF(COUNTIF(K28:K39,">=0")<>0,IF(COUNTIF(K28:K39,"<0")<>0,"Gain / Loss", "Gain"),"Loss") -> % Loss | P27: 293:HK
C28: Citibank Singapore A/C No. 1 | D28: =SUMIF(Download!B:B,Q28,Download!G:G) -> 0 | E28: =SUMIF(Download!B:B,Q28,Download!H:H) -> 0 | F28: =D28*E28 -> 0 | I28: =H28*H26 -> 0 | J28: =(H26-E28)*H28 -> 0 | K28: =(H26/E28)-1 -> #DIV/0! | O28: CBSG | P28: =P27 -> 293:HK | Q28: =O28&P28 -> CBSG293:HK
C29: Citibank Account No. 2 | D29: =SUMIF(Download!B:B,Q29,Download!G:G) -> 0 | E29: =SUMIF(Download!B:B,Q29,Download!H:H) -> 0 | F29: =D29*E29 -> 0 | I29: =H29*H26 -> 0 | J29: =(H26-E29)*H29 -> 0 | K29: =(H26/E29)-1 -> #DIV/0! | O29: CB2 | P29: =P27 -> 293:HK | Q29: =O29&P29 -> CB2293:HK
C30: Citibank Account No. 3 | D30: =SUMIF(Download!B:B,Q30,Download!G:G) -> 0 | E30: =SUMIF(Download!B:B,Q30,Download!H:H) -> 0 | F30: =D30*E30 -> 0 | I30: =H30*H26 -> 0 | J30: =(H26-E30)*H30 -> 0 | K30: =(H26/E30)-1 -> #DIV/0! | O30: CB3 | P30: =P28 -> 293:HK | Q30: =O30&P30 -> CB3293:HK
C31: Citibank Berry Hill | D31: =SUMIF(Download!B:B,Q31,Download!G:G) -> 0 | E31: =SUMIF(Download!B:B,Q31,Download!H:H) -> 0 | F31: =D31*E31 -> 0 | I31: =H31*H26 -> 0 | J31: =(H26-E31)*H31 -> 0 | K31: =(H26/E31)-1 -> #DIV/0! | O31: CBBH | P31: =P30 -> 293:HK | Q31: =O31&P31 -> CBBH293:HK
C32: Bank of Singapore | D32: =SUMIF(Download!B:B,Q32,Download!G:G) -> 0 | E32: =SUMIF(Download!B:B,Q32,Download!H:H) -> 0 | F32: =D32*E32 -> 0 | I32: =H32*H26 -> 0 | J32: =(H26-E32)*H32 -> 0 | K32: =(H26/E32)-1 -> #DIV/0! | O32: BOS | P32: =P31 -> 293:HK | Q32: =O32&P32 -> BOS293:HK
C33: Deutsche Bank Personal | D33: =SUMIF(Download!B:B,Q33,Download!G:G) -> 0 | E33: =SUMIF(Download!B:B,Q33,Download!H:H) -> 0 | F33: =D33*E33 -> 0 | I33: =H33*H26 -> 0 | J33: =(H26-E33)*H33 -> 0 | K33: =(H26/E33)-1 -> #DIV/0! | O33: DBPe | P33: =P32 -> 293:HK | Q33: =O33&P33 -> DBPe293:HK
C34: Deutsche Bank Perfect Legend | D34: =SUMIF(Download!B:B,Q34,Download!G:G) -> 0 | E34: =SUMIF(Download!B:B,Q34,Download!H:H) -> 0 | F34: =D34*E34 -> 0 | I34: =H34*H26 -> 0 | J34: =(H26-E34)*H34 -> 0 | K34: =(H26/E34)-1 -> #DIV/0! | O34: DBPL | P34: =P33 -> 293:HK | Q34: =O34&P34 -> DBPL293:HK
C35: Standard Chartered Bank | D35: =SUMIF(Download!B:B,Q35,Download!G:G) -> 0 | E35: =SUMIF(Download!B:B,Q35,Download!H:H) -> 0 | F35: =D35*E35 -> 0 | I35: =H35*H26 -> 0 | J35: =(H26-E35)*H35 -> 0 | K35: =(H26/E35)-1 -> #DIV/0! | O35: SC | P35: =P34 -> 293:HK | Q35: =O35&P35 -> SC293:HK
C36: Sun Hung Kai | D36: =SUMIF(Download!B:B,Q36,Download!G:G) -> 0 | E36: =SUMIF(Download!B:B,Q36,Download!H:H) -> 0 | F36: =D36*E36 -> 0 | I36: =H36*H26 -> 0 | J36: =(H26-E36)*H36 -> 0 | K36: =(H26/E36)-1 -> #DIV/0! | O36: SHK | P36: =P35 -> 293:HK | Q36: =O36&P36 -> SHK293:HK
C37: Morgan Stanley Titan No. 1 | D37: =SUMIF(Download!B:B,Q37,Download!G:G) -> 0 | E37: =SUMIF(Download!B:B,Q37,Download!H:H) -> 0 | F37: =D37*E37 -> 0 | I37: =H37*H26 -> 0 | J37: =(H26-E37)*H37 -> 0 | K37: =(H26/E37)-1 -> #DIV/0! | O37: MST1 | P37: =P36 -> 293:HK | Q37: =O37&P37 -> MST1293:HK
C38: Morgan Stanley Titan No. 2 | D38: =SUMIF(Download!B:B,Q38,Download!G:G) -> 0 | E38: =SUMIF(Download!B:B,Q38,Download!H:H) -> 0 | F38: =D38*E38 -> 0 | I38: =H38*H26 -> 0 | J38: =(H26-E38)*H38 -> 0 | K38: =(H26/E38)-1 -> #DIV/0! | O38: MST2 | P38: =P37 -> 293:HK | Q38: =O38&P38 -> MST2293:HK
C39: Morgan Stanley Perfect Legend | D39: =SUMIF(Download!B:B,Q39,Download!G:G) -> 0 | E39: =SUMIF(Download!B:B,Q39,Download!H:H) -> 0 | F39: =D39*E39 -> 0 | I39: =H39*H26 -> 0 | J39: =(H26-E39)*H39 -> 0 | K39: =(H26/E39)-1 -> #DIV/0! | O39: MSPL | P39: =P38 -> 293:HK | Q39: =O39&P39 -> MSPL293:HK
C41: Total | D41: =SUM(D27:D40) -> 0 | E41: =F41/D41 -> #DIV/0! | F41: =SUM(F27:F40) -> 0
L43: Ex-Date | M43: 44739
L44: Dividends | M44: RMB 0.7500
A45: 3 | B45: =INDEX(Stocks!A:B,MATCH(P46,Stocks!A:A,),2)&" ("&P46&")" -> Sinopharm (1099:HK) | G45: Market Price | L45: Pay-out Date | M45: 44796
C46: Account | D46: Shares | E46: Ave. Cost | F46: Amount | H46: Sell Qty | I46: Amount HKD | J46: =IF(COUNTIF(J47:J58,">0")<>0,IF(COUNTIF(J47:J58,"<0")<>0,"Gain / Loss", "Gain"),"Loss") -> Loss | K46: ="% "&IF(COUNTIF(K47:K58,">=0")<>0,IF(COUNTIF(K47:K58,"<0")<>0,"Gain / Loss", "Gain"),"Loss") -> % Loss | P46: 1099:HK
C47: Citibank Singapore A/C No. 1 | D47: =SUMIF(Download!B:B,Q47,Download!G:G) -> 0 | E47: =SUMIF(Download!B:B,Q47,Download!H:H) -> 0 | F47: =D47*E47 -> 0 | I47: =H47*H45 -> 0 | J47: =(H45-E47)*H47 -> 0 | K47: =(H45/E47)-1 -> #DIV/0! | O47: CBSG | P47: =P46 -> 1099:HK | Q47: =O47&P47 -> CBSG1099:HK
C48: Citibank Account No. 2 | D48: =SUMIF(Download!B:B,Q48,Download!G:G) -> 0 | E48: =SUMIF(Download!B:B,Q48,Download!H:H) -> 0 | F48: =D48*E48 -> 0 | I48: =H48*H45 -> 0 | J48: =(H45-E48)*H48 -> 0 | K48: =(H45/E48)-1 -> #DIV/0! | O48: CB2 | P48: =P47 -> 1099:HK | Q48: =O48&P48 -> CB21099:HK
C49: Citibank Account No. 3 | D49: =SUMIF(Download!B:B,Q49,Download!G:G) -> 0 | E49: =SUMIF(Download!B:B,Q49,Download!H:H) -> 0 | F49: =D49*E49 -> 0 | I49: =H49*H45 -> 0 | J49: =(H45-E49)*H49 -> 0 | K49: =(H45/E49)-1 -> #DIV/0! | O49: CB3 | P49: =P47 -> 1099:HK | Q49: =O49&P49 -> CB31099:HK
C50: Citibank Berry Hill | D50: =SUMIF(Download!B:B,Q50,Download!G:G) -> 0 | E50: =SUMIF(Download!B:B,Q50,Download!H:H) -> 0 | F50: =D50*E50 -> 0 | I50: =H50*H45 -> 0 | J50: =(H45-E50)*H50 -> 0 | K50: =(H45/E50)-1 -> #DIV/0! | O50: CBBH | P50: =P48 -> 1099:HK | Q50: =O50&P50 -> CBBH1099:HK
C51: Bank of Singapore | D51: =SUMIF(Download!B:B,Q51,Download!G:G) -> 0 | E51: =SUMIF(Download!B:B,Q51,Download!H:H) -> 0 | F51: =D51*E51 -> 0 | I51: =H51*H45 -> 0 | J51: =(H45-E51)*H51 -> 0 | K51: =(H45/E51)-1 -> #DIV/0! | O51: BOS | P51: =P50 -> 1099:HK | Q51: =O51&P51 -> BOS1099:HK
C52: Deutsche Bank Personal | D52: =SUMIF(Download!B:B,Q52,Download!G:G) -> 0 | E52: =SUMIF(Download!B:B,Q52,Download!H:H) -> 0 | F52: =D52*E52 -> 0 | I52: =H52*H45 -> 0 | J52: =(H45-E52)*H52 -> 0 | K52: =(H45/E52)-1 -> #DIV/0! | O52: DBPe | P52: =P51 -> 1099:HK | Q52: =O52&P52 -> DBPe1099:HK
C53: Deutsche Bank Perfect Legend | D53: =SUMIF(Download!B:B,Q53,Download!G:G) -> 0 | E53: =SUMIF(Download!B:B,Q53,Download!H:H) -> 0 | F53: =D53*E53 -> 0 | I53: =H53*H45 -> 0 | J53: =(H45-E53)*H53 -> 0 | K53: =(H45/E53)-1 -> #DIV/0! | O53: DBPL | P53: =P52 -> 1099:HK | Q53: =O53&P53 -> DBPL1099:HK
C54: Standard Chartered Bank | D54: =SUMIF(Download!B:B,Q54,Download!G:G) -> 0 | E54: =SUMIF(Download!B:B,Q54,Download!H:H) -> 0 | F54: =D54*E54 -> 0 | I54: =H54*H45 -> 0 | J54: =(H45-E54)*H54 -> 0 | K54: =(H45/E54)-1 -> #DIV/0! | O54: SC | P54: =P53 -> 1099:HK | Q54: =O54&P54 -> SC1099:HK
C55: Sun Hung Kai | D55: =SUMIF(Download!B:B,Q55,Download!G:G) -> 0 | E55: =SUMIF(Download!B:B,Q55,Download!H:H) -> 0 | F55: =D55*E55 -> 0 | I55: =H55*H45 -> 0 | J55: =(H45-E55)*H55 -> 0 | K55: =(H45/E55)-1 -> #DIV/0! | O55: SHK | P55: =P54 -> 1099:HK | Q55: =O55&P55 -> SHK1099:HK
C56: Morgan Stanley Titan No. 1 | D56: =SUMIF(Download!B:B,Q56,Download!G:G) -> 0 | E56: =SUMIF(Download!B:B,Q56,Download!H:H) -> 0 | F56: =D56*E56 -> 0 | I56: =H56*H45 -> 0 | J56: =(H45-E56)*H56 -> 0 | K56: =(H45/E56)-1 -> #DIV/0! | O56: MST1 | P56: =P55 -> 1099:HK | Q56: =O56&P56 -> MST11099:HK
C57: Morgan Stanley Titan No. 2 | D57: =SUMIF(Download!B:B,Q57,Download!G:G) -> 0 | E57: =SUMIF(Download!B:B,Q57,Download!H:H) -> 0 | F57: =D57*E57 -> 0 | I57: =H57*H45 -> 0 | J57: =(H45-E57)*H57 -> 0 | K57: =(H45/E57)-1 -> #DIV/0! | O57: MST2 | P57: =P56 -> 1099:HK | Q57: =O57&P57 -> MST21099:HK
C58: Morgan Stanley Perfect Legend | D58: =SUMIF(Download!B:B,Q58,Download!G:G) -> 0 | E58: =SUMIF(Download!B:B,Q58,Download!H:H) -> 0 | F58: =D58*E58 -> 0 | I58: =H58*H45 -> 0 | J58: =(H45-E58)*H58 -> 0 | K58: =(H45/E58)-1 -> #DIV/0! | O58: MSPL | P58: =P57 -> 1099:HK | Q58: =O58&P58 -> MSPL1099:HK
C60: Total | D60: =SUM(D45:D59) -> 0 | E60: =F60/D60 -> #DIV/0! | F60: =SUM(F45:F59) -> 0
L62: Ex-Date | M62: 44720
L63: Dividends | M63: RMB 0.5600
A64: 4 | B64: =INDEX(Stocks!A:B,MATCH(P65,Stocks!A:A,),2)&" ("&P65&")" -> Shanghai Fosun (2196:HK) | G64: Market Price | L64: Pay-out Date | M64: 44746
C65: Account | D65: Shares | E65: Ave. Cost | F65: Amount | H65: Sell Qty | I65: Amount HKD | J65: =IF(COUNTIF(J66:J77,">0")<>0,IF(COUNTIF(J66:J77,"<0")<>0,"Gain / Loss", "Gain"),"Loss") -> Loss | K65: ="% "&IF(COUNTIF(K66:K77,">=0")<>0,IF(COUNTIF(K66:K77,"<0")<>0,"Gain / Loss", "Gain"),"Loss") -> % Loss | P65: 2196:HK
C66: Citibank Singapore A/C No. 1 | D66: =SUMIF(Download!B:B,Q66,Download!G:G) -> 0 | E66: =SUMIF(Download!B:B,Q66,Download!H:H) -> 0 | F66: =D66*E66 -> 0 | H66: 3000 | I66: =H66*H64 -> 0 | J66: =(H64-E66)*H66 -> 0 | K66: =(H64/E66)-1 -> #DIV/0! | O66: CBSG | P66: =P65 -> 2196:HK | Q66: =O66&P66 -> CBSG2196:HK
C67: Citibank Account No. 2 | D67: =SUMIF(Download!B:B,Q67,Download!G:G) -> 0 | E67: =SUMIF(Download!B:B,Q67,Download!H:H) -> 0 | F67: =D67*E67 -> 0 | H67: =H66 -> 3000 | I67: =H67*H64 -> 0 | J67: =(H64-E67)*H67 -> 0 | K67: =(H64/E67)-1 -> #DIV/0! | O67: CB2 | P67: =P65 -> 2196:HK | Q67: =O67&P67 -> CB22196:HK
C68: Citibank Account No. 3 | D68: =SUMIF(Download!B:B,Q68,Download!G:G) -> 0 | E68: =SUMIF(Download!B:B,Q68,Download!H:H) -> 0 | F68: =D68*E68 -> 0 | H68: =H67 -> 3000 | I68: =H68*H64 -> 0 | J68: =(H64-E68)*H68 -> 0 | K68: =(H64/E68)-1 -> #DIV/0! | O68: CB3 | P68: =P66 -> 2196:HK | Q68: =O68&P68 -> CB32196:HK
C69: Citibank Berry Hill | D69: =SUMIF(Download!B:B,Q69,Download!G:G) -> 0 | E69: =SUMIF(Download!B:B,Q69,Download!H:H) -> 0 | F69: =D69*E69 -> 0 | H69: =H68 -> 3000 | I69: =H69*H64 -> 0 | J69: =(H64-E69)*H69 -> 0 | K69: =(H64/E69)-1 -> #DIV/0! | O69: CBBH | P69: =P68 -> 2196:HK | Q69: =O69&P69 -> CBBH2196:HK
C70: Bank of Singapore | D70: =SUMIF(Download!B:B,Q70,Download!G:G) -> 0 | E70: =SUMIF(Download!B:B,Q70,Download!H:H) -> 0 | F70: =D70*E70 -> 0 | H70: =H69 -> 3000 | I70: =H70*H64 -> 0 | J70: =(H64-E70)*H70 -> 0 | K70: =(H64/E70)-1 -> #DIV/0! | O70: BOS | P70: =P69 -> 2196:HK | Q70: =O70&P70 -> BOS2196:HK
C71: Deutsche Bank Personal | D71: =SUMIF(Download!B:B,Q71,Download!G:G) -> 0 | E71: =SUMIF(Download!B:B,Q71,Download!H:H) -> 0 | F71: =D71*E71 -> 0 | H71: =H70 -> 3000 | I71: =H71*H64 -> 0 | J71: =(H64-E71)*H71 -> 0 | K71: =(H64/E71)-1 -> #DIV/0! | O71: DBPe | P71: =P70 -> 2196:HK | Q71: =O71&P71 -> DBPe2196:HK
C72: Deutsche Bank Perfect Legend | D72: =SUMIF(Download!B:B,Q72,Download!G:G) -> 0 | E72: =SUMIF(Download!B:B,Q72,Download!H:H) -> 0 | F72: =D72*E72 -> 0 | H72: =H71 -> 3000 | I72: =H72*H64 -> 0 | J72: =(H64-E72)*H72 -> 0 | K72: =(H64/E72)-1 -> #DIV/0! | O72: DBPL | P72: =P71 -> 2196:HK | Q72: =O72&P72 -> DBPL2196:HK
C73: Standard Chartered Bank | D73: =SUMIF(Download!B:B,Q73,Download!G:G) -> 0 | E73: =SUMIF(Download!B:B,Q73,Download!H:H) -> 0 | F73: =D73*E73 -> 0 | H73: =H72 -> 3000 | I73: =H73*H64 -> 0 | J73: =(H64-E73)*H73 -> 0 | K73: =(H64/E73)-1 -> #DIV/0! | O73: SC | P73: =P72 -> 2196:HK | Q73: =O73&P73 -> SC2196:HK
C74: Sun Hung Kai | D74: =SUMIF(Download!B:B,Q74,Download!G:G) -> 0 | E74: =SUMIF(Download!B:B,Q74,Download!H:H) -> 0 | F74: =D74*E74 -> 0 | H74: =H73 -> 3000 | I74: =H74*H64 -> 0 | J74: =(H64-E74)*H74 -> 0 | K74: =(H64/E74)-1 -> #DIV/0! | L74: with Decu Strike 28.1206 | O74: SHK | P74: =P73 -> 2196:HK | Q74: =O74&P74 -> SHK2196:HK
C75: Morgan Stanley Titan No. 1 | D75: =SUMIF(Download!B:B,Q75,Download!G:G) -> 0 | E75: =SUMIF(Download!B:B,Q75,Download!H:H) -> 0 | F75: =D75*E75 -> 0 | H75: =H74 -> 3000 | I75: =H75*H64 -> 0 | J75: =(H64-E75)*H75 -> 0 | K75: =(H64/E75)-1 -> #DIV/0! | O75: MST1 | P75: =P74 -> 2196:HK | Q75: =O75&P75 -> MST12196:HK
C76: Morgan Stanley Titan No. 2 | D76: =SUMIF(Download!B:B,Q76,Download!G:G) -> 0 | E76: =SUMIF(Download!B:B,Q76,Download!H:H) -> 0 | F76: =D76*E76 -> 0 | H76: =H75 -> 3000 | I76: =H76*H64 -> 0 | J76: =(H64-E76)*H76 -> 0 | K76: =(H64/E76)-1 -> #DIV/0! | O76: MST2 | P76: =P75 -> 2196:HK | Q76: =O76&P76 -> MST22196:HK
C77: Morgan Stanley Perfect Legend | D77: =SUMIF(Download!B:B,Q77,Download!G:G) -> 0 | E77: =SUMIF(Download!B:B,Q77,Download!H:H) -> 0 | F77: =D77*E77 -> 0 | H77: =H76 -> 3000 | I77: =H77*H64 -> 0 | J77: =(H64-E77)*H77 -> 0 | K77: =(H64/E77)-1 -> #DIV/0! | O77: MSPL | P77: =P76 -> 2196:HK | Q77: =O77&P77 -> MSPL2196:HK
C79: Total | D79: =SUM(D65:D78) -> 0 | E79: =F79/D79 -> #DIV/0! | F79: =SUM(F65:F78) -> 0
L83: Ex-Date | M83: 44735
L84: Dividends | M84: RMB 0.5000
A85: 5 | B85: =INDEX(Stocks!A:B,MATCH(P86,Stocks!A:A,),2)&" ("&P86&")" -> Jiangxi Copper (358:HK) | G85: Market Price | L85: Pay-out Date | M85: 44771
C86: Account | D86: Shares | E86: Ave. Cost | F86: Amount | H86: Sell Qty | I86: Amount HKD | J86: =IF(COUNTIF(J87:J98,">0")<>0,IF(COUNTIF(J87:J98,"<0")<>0,"Gain / Loss", "Gain"),"Loss") -> Loss | K86: ="% "&IF(COUNTIF(K87:K98,">=0")<>0,IF(COUNTIF(K87:K98,"<0")<>0,"Gain / Loss", "Gain"),"Loss") -> % Loss | P86: 358:HK
C87: Citibank Singapore A/C No. 1 | D87: =SUMIF(Download!B:B,Q87,Download!G:G) -> 0 | E87: =SUMIF(Download!B:B,Q87,Download!H:H) -> 0 | F87: =D87*E87 -> 0 | H87: 10000 | I87: =H87*H85 -> 0 | J87: =(H85-E87)*H87 -> 0 | K87: =(H85/E87)-1 -> #DIV/0! | O87: CBSG | P87: =P86 -> 358:HK | Q87: =O87&P87 -> CBSG358:HK
C88: Citibank Account No. 2 | D88: =SUMIF(Download!B:B,Q88,Download!G:G) -> 0 | E88: =SUMIF(Download!B:B,Q88,Download!H:H) -> 0 | F88: =D88*E88 -> 0 | H88: =H87 -> 10000 | I88: =H88*H85 -> 0 | J88: =(H85-E88)*H88 -> 0 | K88: =(H85/E88)-1 -> #DIV/0! | O88: CB2 | P88: =P87 -> 358:HK | Q88: =O88&P88 -> CB2358:HK
C89: Citibank Account No. 3 | D89: =SUMIF(Download!B:B,Q89,Download!G:G) -> 0 | E89: =SUMIF(Download!B:B,Q89,Download!H:H) -> 0 | F89: =D89*E89 -> 0 | H89: =H88 -> 10000 | I89: =H89*H85 -> 0 | J89: =(H85-E89)*H89 -> 0 | K89: =(H85/E89)-1 -> #DIV/0! | L89: with Decu Strike 10.5092 | O89: CB3 | P89: =P87 -> 358:HK | Q89: =O89&P89 -> CB3358:HK
C90: Citibank Berry Hill | D90: =SUMIF(Download!B:B,Q90,Download!G:G) -> 0 | E90: =SUMIF(Download!B:B,Q90,Download!H:H) -> 0 | F90: =D90*E90 -> 0 | H90: =H89 -> 10000 | I90: =H90*H85 -> 0 | J90: =(H85-E90)*H90 -> 0 | K90: =(H85/E90)-1 -> #DIV/0! | O90: CBBH | P90: =P88 -> 358:HK | Q90: =O90&P90 -> CBBH358:HK
C91: Bank of Singapore | D91: =SUMIF(Download!B:B,Q91,Download!G:G) -> 0 | E91: =SUMIF(Download!B:B,Q91,Download!H:H) -> 0 | F91: =D91*E91 -> 0 | H91: =H90 -> 10000 | I91: =H91*H85 -> 0 | J91: =(H85-E91)*H91 -> 0 | K91: =(H85/E91)-1 -> #DIV/0! | O91: BOS | P91: =P90 -> 358:HK | Q91: =O91&P91 -> BOS358:HK
C92: Deutsche Bank Personal | D92: =SUMIF(Download!B:B,Q92,Download!G:G) -> 0 | E92: =SUMIF(Download!B:B,Q92,Download!H:H) -> 0 | F92: =D92*E92 -> 0 | H92: =H91 -> 10000 | I92: =H92*H85 -> 0 | J92: =(H85-E92)*H92 -> 0 | K92: =(H85/E92)-1 -> #DIV/0! | O92: DBPe | P92: =P91 -> 358:HK | Q92: =O92&P92 -> DBPe358:HK
C93: Deutsche Bank Perfect Legend | D93: =SUMIF(Download!B:B,Q93,Download!G:G) -> 0 | E93: =SUMIF(Download!B:B,Q93,Download!H:H) -> 0 | F93: =D93*E93 -> 0 | H93: =H92 -> 10000 | I93: =H93*H85 -> 0 | J93: =(H85-E93)*H93 -> 0 | K93: =(H85/E93)-1 -> #DIV/0! | O93: DBPL | P93: =P92 -> 358:HK | Q93: =O93&P93 -> DBPL358:HK
C94: Standard Chartered Bank | D94: =SUMIF(Download!B:B,Q94,Download!G:G) -> 0 | E94: =SUMIF(Download!B:B,Q94,Download!H:H) -> 0 | F94: =D94*E94 -> 0 | H94: =H93 -> 10000 | I94: =H94*H85 -> 0 | J94: =(H85-E94)*H94 -> 0 | K94: =(H85/E94)-1 -> #DIV/0! | O94: SC | P94: =P93 -> 358:HK | Q94: =O94&P94 -> SC358:HK
C95: Sun Hung Kai | D95: =SUMIF(Download!B:B,Q95,Download!G:G) -> 0 | E95: =SUMIF(Download!B:B,Q95,Download!H:H) -> 0 | F95: =D95*E95 -> 0 | H95: =H94 -> 10000 | I95: =H95*H85 -> 0 | J95: =(H85-E95)*H95 -> 0 | K95: =(H85/E95)-1 -> #DIV/0! | O95: SHK | P95: =P94 -> 358:HK | Q95: =O95&P95 -> SHK358:HK
C96: Morgan Stanley Titan No. 1 | D96: =SUMIF(Download!B:B,Q96,Download!G:G) -> 0 | E96: =SUMIF(Download!B:B,Q96,Download!H:H) -> 0 | F96: =D96*E96 -> 0 | H96: =H95 -> 10000 | I96: =H96*H85 -> 0 | J96: =(H85-E96)*H96 -> 0 | K96: =(H85/E96)-1 -> #DIV/0! | O96: MST1 | P96: =P95 -> 358:HK | Q96: =O96&P96 -> MST1358:HK
C97: Morgan Stanley Titan No. 2 | D97: =SUMIF(Download!B:B,Q97,Download!G:G) -> 0 | E97: =SUMIF(Download!B:B,Q97,Download!H:H) -> 0 | F97: =D97*E97 -> 0 | H97: =H96 -> 10000 | I97: =H97*H85 -> 0 | J97: =(H85-E97)*H97 -> 0 | K97: =(H85/E97)-1 -> #DIV/0! | O97: MST2 | P97: =P96 -> 358:HK | Q97: =O97&P97 -> MST2358:HK
C98: Morgan Stanley Perfect Legend | D98: =SUMIF(Download!B:B,Q98,Download!G:G) -> 0 | E98: =SUMIF(Download!B:B,Q98,Download!H:H) -> 0 | F98: =D98*E98 -> 0 | H98: =H97 -> 10000 | I98: =H98*H85 -> 0 | J98: =(H85-E98)*H98 -> 0 | K98: =(H85/E98)-1 -> #DIV/0! | O98: MSPL | P98: =P97 -> 358:HK | Q98: =O98&P98 -> MSPL358:HK
C100: Total | D100: =SUM(D85:D99) -> 0 | E100: =F100/D100 -> #DIV/0! | F100: =SUM(F85:F99) -> 0

Sheet DQ Monitoring
A1: Decumulator Pricing Check
A2: =ALL!A1 -> As of September 20, 2022
A4: 1 | B4: =INDEX(Stocks!A:B,MATCH(K5,Stocks!A:A,),2)&" ("&K5&")" -> Cathay Pacific (293:HK) | H4: 6 months DQ only
C5: Account | D5: Shares | E5: Ave. Cost | F5: Amount | H5: Target DQ Strike | K5: 293:HK
C6: Citibank Account No. 1 | D6: =SUMIF(Download!B:B,L6,Download!G:G) -> 0 | E6: =SUMIF(Download!B:B,L6,Download!H:H) -> 0 | F6: =D6*E6 -> 0 | H6: =E6-1 -> -1 | J6: CB1 | K6: =K5 -> 293:HK | L6: =J6&K6 -> CB1293:HK
C7: Citibank Account No. 2 | D7: =SUMIF(Download!B:B,L7,Download!G:G) -> 0 | E7: =SUMIF(Download!B:B,L7,Download!H:H) -> 0 | F7: =D7*E7 -> 0 | H7: =E7-1 -> -1 | J7: CB2 | K7: =K6 -> 293:HK | L7: =J7&K7 -> CB2293:HK
C8: Citibank Account No. 3 | D8: =SUMIF(Download!B:B,L8,Download!G:G) -> 0 | E8: =SUMIF(Download!B:B,L8,Download!H:H) -> 0 | F8: =D8*E8 -> 0 | H8: =E8-1 -> -1 | J8: CB3 | K8: =K6 -> 293:HK | L8: =J8&K8 -> CB3293:HK
C9: Citibank Berry Hill | D9: =SUMIF(Download!B:B,L9,Download!G:G) -> 0 | E9: =SUMIF(Download!B:B,L9,Download!H:H) -> 0 | F9: =D9*E9 -> 0 | H9: =E9-1 -> -1 | J9: CBBH | K9: =K7 -> 293:HK | L9: =J9&K9 -> CBBH293:HK
C10: Bank of Singapore | D10: =SUMIF(Download!B:B,L10,Download!G:G) -> 0 | E10: =SUMIF(Download!B:B,L10,Download!H:H) -> 0 | F10: =D10*E10 -> 0 | H10: =E10-1 -> -1 | J10: BOS | K10: =K9 -> 293:HK | L10: =J10&K10 -> BOS293:HK
C11: Deutsche Bank Personal | D11: =SUMIF(Download!B:B,L11,Download!G:G) -> 0 | E11: =SUMIF(Download!B:B,L11,Download!H:H) -> 0 | F11: =D11*E11 -> 0 | H11: =E11-1 -> -1 | J11: DBPe | K11: =K10 -> 293:HK | L11: =J11&K11 -> DBPe293:HK
C12: Deutsche Bank Perfect Legend | D12: =SUMIF(Download!B:B,L12,Download!G:G) -> 0 | E12: =SUMIF(Download!B:B,L12,Download!H:H) -> 0 | F12: =D12*E12 -> 0 | H12: =E12-1 -> -1 | J12: DBPL | K12: =K11 -> 293:HK | L12: =J12&K12 -> DBPL293:HK
C13: Standard Chartered Bank | D13: =SUMIF(Download!B:B,L13,Download!G:G) -> 0 | E13: =SUMIF(Download!B:B,L13,Download!H:H) -> 0 | F13: =D13*E13 -> 0 | H13: =E13-1 -> -1 | J13: SC | K13: =K12 -> 293:HK | L13: =J13&K13 -> SC293:HK
C14: Sun Hung Kai | D14: =SUMIF(Download!B:B,L14,Download!G:G) -> 0 | E14: =SUMIF(Download!B:B,L14,Download!H:H) -> 0 | F14: =D14*E14 -> 0 | H14: =E14-1 -> -1 | J14: SHK | K14: =K13 -> 293:HK | L14: =J14&K14 -> SHK293:HK
C15: Morgan Stanley Titan No. 1 | D15: =SUMIF(Download!B:B,L15,Download!G:G) -> 0 | E15: =SUMIF(Download!B:B,L15,Download!H:H) -> 0 | F15: =D15*E15 -> 0 | H15: =E15-1 -> -1 | J15: MST1 | K15: =K14 -> 293:HK | L15: =J15&K15 -> MST1293:HK
C16: Morgan Stanley Titan No. 2 | D16: =SUMIF(Download!B:B,L16,Download!G:G) -> 0 | E16: =SUMIF(Download!B:B,L16,Download!H:H) -> 0 | F16: =D16*E16 -> 0 | H16: =E16-1 -> -1 | J16: MST2 | K16: =K15 -> 293:HK | L16: =J16&K16 -> MST2293:HK
C17: Morgan Stanley Perfect Legend | D17: =SUMIF(Download!B:B,L17,Download!G:G) -> 0 | E17: =SUMIF(Download!B:B,L17,Download!H:H) -> 0 | F17: =D17*E17 -> 0 | H17: =E17-1 -> -1 | J17: MSPL | K17: =K16 -> 293:HK | L17: =J17&K17 -> MSPL293:HK
C19: Total | D19: =SUM(D5:D18) -> 0 | E19: =F19/D19 -> #DIV/0! | F19: =SUM(F5:F18) -> 0
A22: =INDIRECT("A"&ROW()-18)+1 -> 2 | B22: =INDEX(Stocks!A:B,MATCH(K23,Stocks!A:A,),2)&" ("&K23&")" -> Beijing Water (371:HK) | H22: 6 months DQ only
C23: Account | D23: Shares | E23: Ave. Cost | F23: Amount | H23: Target DQ Strike | K23: 371:HK
C24: Citibank Account No. 1 | D24: =SUMIF(Download!B:B,L24,Download!G:G) -> 0 | E24: =SUMIF(Download!B:B,L24,Download!H:H) -> 0 | F24: =D24*E24 -> 0 | H24: =E24-1 -> -1 | J24: CB1 | K24: =K23 -> 371:HK | L24: =J24&K24 -> CB1371:HK
C25: Citibank Account No. 2 | D25: =SUMIF(Download!B:B,L25,Download!G:G) -> 0 | E25: =SUMIF(Download!B:B,L25,Download!H:H) -> 0 | F25: =D25*E25 -> 0 | H25: =E25-1 -> -1 | J25: CB2 | K25: =K24 -> 371:HK | L25: =J25&K25 -> CB2371:HK
C26: Citibank Account No. 3 | D26: =SUMIF(Download!B:B,L26,Download!G:G) -> 0 | E26: =SUMIF(Download!B:B,L26,Download!H:H) -> 0 | F26: =D26*E26 -> 0 | H26: =E26-1 -> -1 | J26: CB3 | K26: =K24 -> 371:HK | L26: =J26&K26 -> CB3371:HK
C27: Citibank Berry Hill | D27: =SUMIF(Download!B:B,L27,Download!G:G) -> 0 | E27: =SUMIF(Download!B:B,L27,Download!H:H) -> 0 | F27: =D27*E27 -> 0 | H27: =E27-1 -> -1 | J27: CBBH | K27: =K25 -> 371:HK | L27: =J27&K27 -> CBBH371:HK
C28: Bank of Singapore | D28: =SUMIF(Download!B:B,L28,Download!G:G) -> 0 | E28: =SUMIF(Download!B:B,L28,Download!H:H) -> 0 | F28: =D28*E28 -> 0 | H28: =E28-1 -> -1 | J28: BOS | K28: =K27 -> 371:HK | L28: =J28&K28 -> BOS371:HK
C29: Deutsche Bank Personal | D29: =SUMIF(Download!B:B,L29,Download!G:G) -> 0 | E29: =SUMIF(Download!B:B,L29,Download!H:H) -> 0 | F29: =D29*E29 -> 0 | H29: =E29-1 -> -1 | J29: DBPe | K29: =K28 -> 371:HK | L29: =J29&K29 -> DBPe371:HK
C30: Deutsche Bank Perfect Legend | D30: =SUMIF(Download!B:B,L30,Download!G:G) -> 0 | E30: =SUMIF(Download!B:B,L30,Download!H:H) -> 0 | F30: =D30*E30 -> 0 | H30: =E30-1 -> -1 | J30: DBPL | K30: =K29 -> 371:HK | L30: =J30&K30 -> DBPL371:HK
C31: Standard Chartered Bank | D31: =SUMIF(Download!B:B,L31,Download!G:G) -> 0 | E31: =SUMIF(Download!B:B,L31,Download!H:H) -> 0 | F31: =D31*E31 -> 0 | H31: =E31-1 -> -1 | J31: SC | K31: =K30 -> 371:HK | L31: =J31&K31 -> SC371:HK
C32: Sun Hung Kai | D32: =SUMIF(Download!B:B,L32,Download!G:G) -> 0 | E32: =SUMIF(Download!B:B,L32,Download!H:H) -> 0 | F32: =D32*E32 -> 0 | H32: =E32-1 -> -1 | J32: SHK | K32: =K31 -> 371:HK | L32: =J32&K32 -> SHK371:HK
C33: Morgan Stanley Titan No. 1 | D33: =SUMIF(Download!B:B,L33,Download!G:G) -> 0 | E33: =SUMIF(Download!B:B,L33,Download!H:H) -> 0 | F33: =D33*E33 -> 0 | H33: =E33-1 -> -1 | J33: MST1 | K33: =K32 -> 371:HK | L33: =J33&K33 -> MST1371:HK
C34: Morgan Stanley Titan No. 2 | D34: =SUMIF(Download!B:B,L34,Download!G:G) -> 0 | E34: =SUMIF(Download!B:B,L34,Download!H:H) -> 0 | F34: =D34*E34 -> 0 | H34: =E34-1 -> -1 | J34: MST2 | K34: =K33 -> 371:HK | L34: =J34&K34 -> MST2371:HK
C35: Morgan Stanley Perfect Legend | D35: =SUMIF(Download!B:B,L35,Download!G:G) -> 0 | E35: =SUMIF(Download!B:B,L35,Download!H:H) -> 0 | F35: =D35*E35 -> 0 | H35: =E35-1 -> -1 | J35: MSPL | K35: =K34 -> 371:HK | L35: =J35&K35 -> MSPL371:HK
C37: Total | D37: =SUM(D23:D36) -> 0 | E37: =F37/D37 -> #DIV/0! | F37: =SUM(F23:F36) -> 0
A40: =INDIRECT("A"&ROW()-18)+1 -> 3 | B40: =INDEX(Stocks!A:B,MATCH(K41,Stocks!A:A,),2)&" ("&K41&")" -> China Construction Bank (939:HK) | H40: 6 months DQ only
C41: Account | D41: Shares | E41: Ave. Cost | F41: Amount | H41: Target DQ Strike | K41: 939:HK
C42: Citibank Account No. 1 | D42: =SUMIF(Download!B:B,L42,Download!G:G) -> 0 | E42: =SUMIF(Download!B:B,L42,Download!H:H) -> 0 | F42: =D42*E42 -> 0 | H42: =E42-1 -> -1 | J42: CB1 | K42: =K41 -> 939:HK | L42: =J42&K42 -> CB1939:HK
C43: Citibank Account No. 2 | D43: =SUMIF(Download!B:B,L43,Download!G:G) -> 0 | E43: =SUMIF(Download!B:B,L43,Download!H:H) -> 0 | F43: =D43*E43 -> 0 | H43: =E43-1 -> -1 | J43: CB2 | K43: =K42 -> 939:HK | L43: =J43&K43 -> CB2939:HK
C44: Citibank Account No. 3 | D44: =SUMIF(Download!B:B,L44,Download!G:G) -> 0 | E44: =SUMIF(Download!B:B,L44,Download!H:H) -> 0 | F44: =D44*E44 -> 0 | H44: =E44-1 -> -1 | J44: CB3 | K44: =K43 -> 939:HK | L44: =J44&K44 -> CB3939:HK
C45: Citibank Berry Hill | D45: =SUMIF(Download!B:B,L45,Download!G:G) -> 0 | E45: =SUMIF(Download!B:B,L45,Download!H:H) -> 0 | F45: =D45*E45 -> 0 | H45: =E45-1 -> -1 | J45: CBBH | K45: =K43 -> 939:HK | L45: =J45&K45 -> CBBH939:HK
C46: Bank of Singapore | D46: =SUMIF(Download!B:B,L46,Download!G:G) -> 0 | E46: =SUMIF(Download!B:B,L46,Download!H:H) -> 0 | F46: =D46*E46 -> 0 | H46: =E46-1 -> -1 | J46: BOS | K46: =K45 -> 939:HK | L46: =J46&K46 -> BOS939:HK
C47: Deutsche Bank Personal | D47: =SUMIF(Download!B:B,L47,Download!G:G) -> 0 | E47: =SUMIF(Download!B:B,L47,Download!H:H) -> 0 | F47: =D47*E47 -> 0 | H47: =E47-1 -> -1 | J47: DBPe | K47: =K46 -> 939:HK | L47: =J47&K47 -> DBPe939:HK
C48: Deutsche Bank Perfect Legend | D48: =SUMIF(Download!B:B,L48,Download!G:G) -> 0 | E48: =SUMIF(Download!B:B,L48,Download!H:H) -> 0 | F48: =D48*E48 -> 0 | H48: =E48-1 -> -1 | J48: DBPL | K48: =K47 -> 939:HK | L48: =J48&K48 -> DBPL939:HK
C49: Standard Chartered Bank | D49: =SUMIF(Download!B:B,L49,Download!G:G) -> 0 | E49: =SUMIF(Download!B:B,L49,Download!H:H) -> 0 | F49: =D49*E49 -> 0 | H49: =E49-1 -> -1 | J49: SC | K49: =K48 -> 939:HK | L49: =J49&K49 -> SC939:HK
C50: Sun Hung Kai | D50: =SUMIF(Download!B:B,L50,Download!G:G) -> 0 | E50: =SUMIF(Download!B:B,L50,Download!H:H) -> 0 | F50: =D50*E50 -> 0 | H50: =E50-1 -> -1 | J50: SHK | K50: =K49 -> 939:HK | L50: =J50&K50 -> SHK939:HK
C51: Morgan Stanley Titan No. 1 | D51: =SUMIF(Download!B:B,L51,Download!G:G) -> 0 | E51: =SUMIF(Download!B:B,L51,Download!H:H) -> 0 | F51: =D51*E51 -> 0 | H51: =E51-1 -> -1 | J51: MST1 | K51: =K50 -> 939:HK | L51: =J51&K51 -> MST1939:HK
C52: Morgan Stanley Titan No. 2 | D52: =SUMIF(Download!B:B,L52,Download!G:G) -> 0 | E52: =SUMIF(Download!B:B,L52,Download!H:H) -> 0 | F52: =D52*E52 -> 0 | H52: =E52-1 -> -1 | J52: MST2 | K52: =K51 -> 939:HK | L52: =J52&K52 -> MST2939:HK
C53: Morgan Stanley Perfect Legend | D53: =SUMIF(Download!B:B,L53,Download!G:G) -> 0 | E53: =SUMIF(Download!B:B,L53,Download!H:H) -> 0 | F53: =D53*E53 -> 0 | H53: =E53-1 -> -1 | J53: MSPL | K53: =K52 -> 939:HK | L53: =J53&K53 -> MSPL939:HK
C55: Total | D55: =SUM(D41:D54) -> 0 | E55: =F55/D55 -> #DIV/0! | F55: =SUM(F41:F54) -> 0
A58: =INDIRECT("A"&ROW()-18)+1 -> 4 | B58: =INDEX(Stocks!A:B,MATCH(K59,Stocks!A:A,),2)&" ("&K59&")" -> Semiconductor Mfg (981:HK) | H58: 6 months DQ only
C59: Account | D59: Shares | E59: Ave. Cost | F59: Amount | H59: Target DQ Strike | K59: 981:HK
C60: Citibank Account No. 1 | D60: =SUMIF(Download!B:B,L60,Download!G:G) -> 0 | E60: =SUMIF(Download!B:B,L60,Download!H:H) -> 0 | F60: =D60*E60 -> 0 | H60: =E60-1 -> -1 | J60: CB1 | K60: =K59 -> 981:HK | L60: =J60&K60 -> CB1981:HK
C61: Citibank Account No. 2 | D61: =SUMIF(Download!B:B,L61,Download!G:G) -> 0 | E61: =SUMIF(Download!B:B,L61,Download!H:H) -> 0 | F61: =D61*E61 -> 0 | H61: =E61-1 -> -1 | J61: CB2 | K61: =K60 -> 981:HK | L61: =J61&K61 -> CB2981:HK
C62: Citibank Account No. 3 | D62: =SUMIF(Download!B:B,L62,Download!G:G) -> 0 | E62: =SUMIF(Download!B:B,L62,Download!H:H) -> 0 | F62: =D62*E62 -> 0 | H62: =E62-1 -> -1 | J62: CB3 | K62: =K61 -> 981:HK | L62: =J62&K62 -> CB3981:HK
C63: Citibank Berry Hill | D63: =SUMIF(Download!B:B,L63,Download!G:G) -> 0 | E63: =SUMIF(Download!B:B,L63,Download!H:H) -> 0 | F63: =D63*E63 -> 0 | H63: =E63-1 -> -1 | J63: CBBH | K63: =K61 -> 981:HK | L63: =J63&K63 -> CBBH981:HK
C64: Bank of Singapore | D64: =SUMIF(Download!B:B,L64,Download!G:G) -> 0 | E64: =SUMIF(Download!B:B,L64,Download!H:H) -> 0 | F64: =D64*E64 -> 0 | H64: =E64-1 -> -1 | J64: BOS | K64: =K63 -> 981:HK | L64: =J64&K64 -> BOS981:HK
C65: Deutsche Bank Personal | D65: =SUMIF(Download!B:B,L65,Download!G:G) -> 0 | E65: =SUMIF(Download!B:B,L65,Download!H:H) -> 0 | F65: =D65*E65 -> 0 | H65: =E65-1 -> -1 | J65: DBPe | K65: =K64 -> 981:HK | L65: =J65&K65 -> DBPe981:HK
C66: Deutsche Bank Perfect Legend | D66: =SUMIF(Download!B:B,L66,Download!G:G) -> 0 | E66: =SUMIF(Download!B:B,L66,Download!H:H) -> 0 | F66: =D66*E66 -> 0 | H66: =E66-1 -> -1 | J66: DBPL | K66: =K65 -> 981:HK | L66: =J66&K66 -> DBPL981:HK
C67: Standard Chartered Bank | D67: =SUMIF(Download!B:B,L67,Download!G:G) -> 0 | E67: =SUMIF(Download!B:B,L67,Download!H:H) -> 0 | F67: =D67*E67 -> 0 | H67: =E67-1 -> -1 | J67: SC | K67: =K66 -> 981:HK | L67: =J67&K67 -> SC981:HK
C68: Sun Hung Kai | D68: =SUMIF(Download!B:B,L68,Download!G:G) -> 0 | E68: =SUMIF(Download!B:B,L68,Download!H:H) -> 0 | F68: =D68*E68 -> 0 | H68: =E68-1 -> -1 | J68: SHK | K68: =K67 -> 981:HK | L68: =J68&K68 -> SHK981:HK
C69: Morgan Stanley Titan No. 1 | D69: =SUMIF(Download!B:B,L69,Download!G:G) -> 0 | E69: =SUMIF(Download!B:B,L69,Download!H:H) -> 0 | F69: =D69*E69 -> 0 | H69: =E69-1 -> -1 | J69: MST1 | K69: =K68 -> 981:HK | L69: =J69&K69 -> MST1981:HK
C70: Morgan Stanley Titan No. 2 | D70: =SUMIF(Download!B:B,L70,Download!G:G) -> 0 | E70: =SUMIF(Download!B:B,L70,Download!H:H) -> 0 | F70: =D70*E70 -> 0 | H70: =E70-1 -> -1 | J70: MST2 | K70: =K69 -> 981:HK | L70: =J70&K70 -> MST2981:HK
C71: Morgan Stanley Perfect Legend | D71: =SUMIF(Download!B:B,L71,Download!G:G) -> 0 | E71: =SUMIF(Download!B:B,L71,Download!H:H) -> 0 | F71: =D71*E71 -> 0 | H71: =E71-1 -> -1 | J71: MSPL | K71: =K70 -> 981:HK | L71: =J71&K71 -> MSPL981:HK
C73: Total | D73: =SUM(D59:D72) -> 0 | E73: =F73/D73 -> #DIV/0! | F73: =SUM(F59:F72) -> 0
A76: =INDIRECT("A"&ROW()-18)+1 -> 5 | B76: =INDEX(Stocks!A:B,MATCH(K77,Stocks!A:A,),2)&" ("&K77&")" -> Sinopharm (1099:HK) | H76: 6 months DQ only
C77: Account | D77: Shares | E77: Ave. Cost | F77: Amount | H77: Target DQ Strike | K77: 1099:HK
C78: Citibank Account No. 1 | D78: =SUMIF(Download!B:B,L78,Download!G:G) -> 0 | E78: =SUMIF(Download!B:B,L78,Download!H:H) -> 0 | F78: =D78*E78 -> 0 | H78: =E78-1 -> -1 | J78: CB1 | K78: =K77 -> 1099:HK | L78: =J78&K78 -> CB11099:HK
C79: Citibank Account No. 2 | D79: =SUMIF(Download!B:B,L79,Download!G:G) -> 0 | E79: =SUMIF(Download!B:B,L79,Download!H:H) -> 0 | F79: =D79*E79 -> 0 | H79: =E79-1 -> -1 | J79: CB2 | K79: =K78 -> 1099:HK | L79: =J79&K79 -> CB21099:HK
C80: Citibank Account No. 3 | D80: =SUMIF(Download!B:B,L80,Download!G:G) -> 0 | E80: =SUMIF(Download!B:B,L80,Download!H:H) -> 0 | F80: =D80*E80 -> 0 | H80: =E80-1 -> -1 | J80: CB3 | K80: =K78 -> 1099:HK | L80: =J80&K80 -> CB31099:HK
C81: Citibank Berry Hill | D81: =SUMIF(Download!B:B,L81,Download!G:G) -> 0 | E81: =SUMIF(Download!B:B,L81,Download!H:H) -> 0 | F81: =D81*E81 -> 0 | H81: =E81-1 -> -1 | J81: CBBH | K81: =K79 -> 1099:HK | L81: =J81&K81 -> CBBH1099:HK
C82: Bank of Singapore | D82: =SUMIF(Download!B:B,L82,Download!G:G) -> 0 | E82: =SUMIF(Download!B:B,L82,Download!H:H) -> 0 | F82: =D82*E82 -> 0 | H82: =E82-1 -> -1 | J82: BOS | K82: =K81 -> 1099:HK | L82: =J82&K82 -> BOS1099:HK
C83: Deutsche Bank Personal | D83: =SUMIF(Download!B:B,L83,Download!G:G) -> 0 | E83: =SUMIF(Download!B:B,L83,Download!H:H) -> 0 | F83: =D83*E83 -> 0 | H83: =E83-1 -> -1 | J83: DBPe | K83: =K82 -> 1099:HK | L83: =J83&K83 -> DBPe1099:HK
C84: Deutsche Bank Perfect Legend | D84: =SUMIF(Download!B:B,L84,Download!G:G) -> 0 | E84: =SUMIF(Download!B:B,L84,Download!H:H) -> 0 | F84: =D84*E84 -> 0 | H84: =E84-1 -> -1 | J84: DBPL | K84: =K83 -> 1099:HK | L84: =J84&K84 -> DBPL1099:HK
C85: Standard Chartered Bank | D85: =SUMIF(Download!B:B,L85,Download!G:G) -> 0 | E85: =SUMIF(Download!B:B,L85,Download!H:H) -> 0 | F85: =D85*E85 -> 0 | H85: =E85-1 -> -1 | J85: SC | K85: =K84 -> 1099:HK | L85: =J85&K85 -> SC1099:HK
C86: Sun Hung Kai | D86: =SUMIF(Download!B:B,L86,Download!G:G) -> 0 | E86: =SUMIF(Download!B:B,L86,Download!H:H) -> 0 | F86: =D86*E86 -> 0 | H86: =E86-1 -> -1 | J86: SHK | K86: =K85 -> 1099:HK | L86: =J86&K86 -> SHK1099:HK
C87: Morgan Stanley Titan No. 1 | D87: =SUMIF(Download!B:B,L87,Download!G:G) -> 0 | E87: =SUMIF(Download!B:B,L87,Download!H:H) -> 0 | F87: =D87*E87 -> 0 | H87: =E87-1 -> -1 | J87: MST1 | K87: =K86 -> 1099:HK | L87: =J87&K87 -> MST11099:HK
C88: Morgan Stanley Titan No. 2 | D88: =SUMIF(Download!B:B,L88,Download!G:G) -> 0 | E88: =SUMIF(Download!B:B,L88,Download!H:H) -> 0 | F88: =D88*E88 -> 0 | H88: =E88-1 -> -1 | J88: MST2 | K88: =K87 -> 1099:HK | L88: =J88&K88 -> MST21099:HK
C89: Morgan Stanley Perfect Legend | D89: =SUMIF(Download!B:B,L89,Download!G:G) -> 0 | E89: =SUMIF(Download!B:B,L89,Download!H:H) -> 0 | F89: =D89*E89 -> 0 | H89: =E89-1 -> -1 | J89: MSPL | K89: =K88 -> 1099:HK | L89: =J89&K89 -> MSPL1099:HK
C91: Total | D91: =SUM(D76:D90) -> 0 | E91: =F91/D91 -> #DIV/0! | F91: =SUM(F76:F90) -> 0
A94: =INDIRECT("A"&ROW()-18)+1 -> 6 | B94: =INDEX(Stocks!A:B,MATCH(K95,Stocks!A:A,),2)&" ("&K95&")" -> AIA Group (1299:HK) | H94: 6 months DQ only
C95: Account | D95: Shares | E95: Ave. Cost | F95: Amount | H95: Target DQ Strike | K95: 1299:HK
C96: Citibank Account No. 1 | D96: =SUMIF(Download!B:B,L96,Download!G:G) -> 0 | E96: =SUMIF(Download!B:B,L96,Download!H:H) -> 0 | F96: =D96*E96 -> 0 | H96: =E96-1 -> -1 | J96: CB1 | K96: =K95 -> 1299:HK | L96: =J96&K96 -> CB11299:HK
C97: Citibank Account No. 2 | D97: =SUMIF(Download!B:B,L97,Download!G:G) -> 0 | E97: =SUMIF(Download!B:B,L97,Download!H:H) -> 0 | F97: =D97*E97 -> 0 | H97: =E97-1 -> -1 | J97: CB2 | K97: =K96 -> 1299:HK | L97: =J97&K97 -> CB21299:HK
C98: Citibank Account No. 3 | D98: =SUMIF(Download!B:B,L98,Download!G:G) -> 0 | E98: =SUMIF(Download!B:B,L98,Download!H:H) -> 0 | F98: =D98*E98 -> 0 | H98: =E98-1 -> -1 | J98: CB3 | K98: =K96 -> 1299:HK | L98: =J98&K98 -> CB31299:HK
C99: Citibank Berry Hill | D99: =SUMIF(Download!B:B,L99,Download!G:G) -> 0 | E99: =SUMIF(Download!B:B,L99,Download!H:H) -> 0 | F99: =D99*E99 -> 0 | H99: =E99-1 -> -1 | J99: CBBH | K99: =K97 -> 1299:HK | L99: =J99&K99 -> CBBH1299:HK
C100: Bank of Singapore | D100: =SUMIF(Download!B:B,L100,Download!G:G) -> 0 | E100: =SUMIF(Download!B:B,L100,Download!H:H) -> 0 | F100: =D100*E100 -> 0 | H100: =E100-1 -> -1 | J100: BOS | K100: =K99 -> 1299:HK | L100: =J100&K100 -> BOS1299:HK
C101: Deutsche Bank Personal | D101: =SUMIF(Download!B:B,L101,Download!G:G) -> 0 | E101: =SUMIF(Download!B:B,L101,Download!H:H) -> 0 | F101: =D101*E101 -> 0 | H101: =E101-1 -> -1 | J101: DBPe | K101: =K100 -> 1299:HK | L101: =J101&K101 -> DBPe1299:HK
C102: Deutsche Bank Perfect Legend | D102: =SUMIF(Download!B:B,L102,Download!G:G) -> 0 | E102: =SUMIF(Download!B:B,L102,Download!H:H) -> 0 | F102: =D102*E102 -> 0 | H102: =E102-1 -> -1 | J102: DBPL | K102: =K101 -> 1299:HK | L102: =J102&K102 -> DBPL1299:HK
C103: Standard Chartered Bank | D103: =SUMIF(Download!B:B,L103,Download!G:G) -> 0 | E103: =SUMIF(Download!B:B,L103,Download!H:H) -> 0 | F103: =D103*E103 -> 0 | H103: =E103-1 -> -1 | J103: SC | K103: =K102 -> 1299:HK | L103: =J103&K103 -> SC1299:HK
C104: Sun Hung Kai | D104: =SUMIF(Download!B:B,L104,Download!G:G) -> 0 | E104: =SUMIF(Download!B:B,L104,Download!H:H) -> 0 | F104: =D104*E104 -> 0 | H104: =E104-1 -> -1 | J104: SHK | K104: =K103 -> 1299:HK | L104: =J104&K104 -> SHK1299:HK
C105: Morgan Stanley Titan No. 1 | D105: =SUMIF(Download!B:B,L105,Download!G:G) -> 0 | E105: =SUMIF(Download!B:B,L105,Download!H:H) -> 0 | F105: =D105*E105 -> 0 | H105: =E105-1 -> -1 | J105: MST1 | K105: =K104 -> 1299:HK | L105: =J105&K105 -> MST11299:HK
C106: Morgan Stanley Titan No. 2 | D106: =SUMIF(Download!B:B,L106,Download!G:G) -> 0 | E106: =SUMIF(Download!B:B,L106,Download!H:H) -> 0 | F106: =D106*E106 -> 0 | H106: =E106-1 -> -1 | J106: MST2 | K106: =K105 -> 1299:HK | L106: =J106&K106 -> MST21299:HK
C107: Morgan Stanley Perfect Legend | D107: =SUMIF(Download!B:B,L107,Download!G:G) -> 0 | E107: =SUMIF(Download!B:B,L107,Download!H:H) -> 0 | F107: =D107*E107 -> 0 | H107: =E107-1 -> -1 | J107: MSPL | K107: =K106 -> 1299:HK | L107: =J107&K107 -> MSPL1299:HK
C109: Total | D109: =SUM(D94:D108) -> 0 | E109: =F109/D109 -> #DIV/0! | F109: =SUM(F94:F108) -> 0
A112: =INDIRECT("A"&ROW()-18)+1 -> 7 | B112: =INDEX(Stocks!A:B,MATCH(K113,Stocks!A:A,),2)&" ("&K113&")" -> Postal Savings Bank of China (1658:HK) | H112: 6 months DQ only
C113: Account | D113: Shares | E113: Ave. Cost | F113: Amount | H113: Target DQ Strike | K113: 1658:HK
C114: Citibank Account No. 1 | D114: =SUMIF(Download!B:B,L114,Download!G:G) -> 0 | E114: =SUMIF(Download!B:B,L114,Download!H:H) -> 0 | F114: =D114*E114 -> 0 | H114: =E114-1 -> -1 | J114: CB1 | K114: =K113 -> 1658:HK | L114: =J114&K114 -> CB11658:HK
C115: Citibank Account No. 2 | D115: =SUMIF(Download!B:B,L115,Download!G:G) -> 0 | E115: =SUMIF(Download!B:B,L115,Download!H:H) -> 0 | F115: =D115*E115 -> 0 | H115: =E115-1 -> -1 | J115: CB2 | K115: =K114 -> 1658:HK | L115: =J115&K115 -> CB21658:HK
C116: Citibank Account No. 3 | D116: =SUMIF(Download!B:B,L116,Download!G:G) -> 0 | E116: =SUMIF(Download!B:B,L116,Download!H:H) -> 0 | F116: =D116*E116 -> 0 | H116: =E116-1 -> -1 | J116: CB3 | K116: =K114 -> 1658:HK | L116: =J116&K116 -> CB31658:HK
C117: Citibank Berry Hill | D117: =SUMIF(Download!B:B,L117,Download!G:G) -> 0 | E117: =SUMIF(Download!B:B,L117,Download!H:H) -> 0 | F117: =D117*E117 -> 0 | H117: =E117-1 -> -1 | J117: CBBH | K117: =K115 -> 1658:HK | L117: =J117&K117 -> CBBH1658:HK
C118: Bank of Singapore | D118: =SUMIF(Download!B:B,L118,Download!G:G) -> 0 | E118: =SUMIF(Download!B:B,L118,Download!H:H) -> 0 | F118: =D118*E118 -> 0 | H118: =E118-1 -> -1 | J118: BOS | K118: =K117 -> 1658:HK | L118: =J118&K118 -> BOS1658:HK
C119: Deutsche Bank Personal | D119: =SUMIF(Download!B:B,L119,Download!G:G) -> 0 | E119: =SUMIF(Download!B:B,L119,Download!H:H) -> 0 | F119: =D119*E119 -> 0 | H119: =E119-1 -> -1 | J119: DBPe | K119: =K118 -> 1658:HK | L119: =J119&K119 -> DBPe1658:HK
...

Sheet ALL
A1: As of September 20, 2022
A4: Citibank Singapore Account No. 1
B5: Account | C5: Code | D5: Shares | E5: Ave. Cost | F5: Amount
B6: =INDEX(Stocks!A:B,MATCH(I6,Stocks!A:A,),2) -> HSBC | C6: 5:HK | D6: =SUMIF(Download!B:B,J6,Download!G:G) -> 0 | E6: =SUMIF(Download!B:B,J6,Download!H:H) -> 0 | F6: =IF(RIGHT(I6,2)="JP","JPY",RIGHT(I6,2)&"D") -> HKD | G6: =D6*E6 -> 0 | H6: CBSG | I6: =C6 -> 5:HK | J6: =H6&I6 -> CBSG5:HK
B7: =INDEX(Stocks!A:B,MATCH(I7,Stocks!A:A,),2) -> Geely Motor | C7: 175:HK | D7: =SUMIF(Download!B:B,J7,Download!G:G) -> 0 | E7: =SUMIF(Download!B:B,J7,Download!H:H) -> 0 | F7: =IF(RIGHT(I7,2)="JP","JPY",RIGHT(I7,2)&"D") -> HKD | G7: =D7*E7 -> 0 | H7: CBSG | I7: =C7 -> 175:HK | J7: =H7&I7 -> CBSG175:HK
B8: =INDEX(Stocks!A:B,MATCH(I8,Stocks!A:A,),2) -> Cathay Pacific | C8: 293:HK | D8: =SUMIF(Download!B:B,J8,Download!G:G) -> 0 | E8: =SUMIF(Download!B:B,J8,Download!H:H) -> 0 | F8: =IF(RIGHT(I8,2)="JP","JPY",RIGHT(I8,2)&"D") -> HKD | G8: =D8*E8 -> 0 | H8: CBSG | I8: =C8 -> 293:HK | J8: =H8&I8 -> CBSG293:HK
B9: =INDEX(Stocks!A:B,MATCH(I9,Stocks!A:A,),2) -> Jiangxi Copper | C9: 358:HK | D9: =SUMIF(Download!B:B,J9,Download!G:G) -> 0 | E9: =SUMIF(Download!B:B,J9,Download!H:H) -> 0 | F9: =IF(RIGHT(I9,2)="JP","JPY",RIGHT(I9,2)&"D") -> HKD | G9: =D9*E9 -> 0 | H9: CBSG | I9: =C9 -> 358:HK | J9: =H9&I9 -> CBSG358:HK
B10: =INDEX(Stocks!A:B,MATCH(I10,Stocks!A:A,),2) -> HK Exchange | C10: 388:HK | D10: =SUMIF(Download!B:B,J10,Download!G:G) -> 0 | E10: =SUMIF(Download!B:B,J10,Download!H:H) -> 0 | F10: =IF(RIGHT(I10,2)="JP","JPY",RIGHT(I10,2)&"D") -> HKD | G10: =D10*E10 -> 0 | H10: CBSG | I10: =C10 -> 388:HK | J10: =H10&I10 -> CBSG388:HK
B11: =INDEX(Stocks!A:B,MATCH(I11,Stocks!A:A,),2) -> Tencent | C11: 700:HK | D11: =SUMIF(Download!B:B,J11,Download!G:G) -> 0 | E11: =SUMIF(Download!B:B,J11,Download!H:H) -> 0 | F11: =IF(RIGHT(I11,2)="JP","JPY",RIGHT(I11,2)&"D") -> HKD | G11: =D11*E11 -> 0 | H11: CBSG | I11: =C11 -> 700:HK | J11: =H11&I11 -> CBSG700:HK
B12: =INDEX(Stocks!A:B,MATCH(I12,Stocks!A:A,),2) -> Semiconductor Mfg | C12: 981:HK | D12: =SUMIF(Download!B:B,J12,Download!G:G) -> 0 | E12: =SUMIF(Download!B:B,J12,Download!H:H) -> 0 | F12: =IF(RIGHT(I12,2)="JP","JPY",RIGHT(I12,2)&"D") -> HKD | G12: =D12*E12 -> 0 | H12: CBSG | I12: =C12 -> 981:HK | J12: =H12&I12 -> CBSG981:HK
B13: =INDEX(Stocks!A:B,MATCH(I13,Stocks!A:A,),2) -> Kuaishou Tech | C13: 1024:HK | D13: =SUMIF(Download!B:B,J13,Download!G:G) -> 0 | E13: =SUMIF(Download!B:B,J13,Download!H:H) -> 0 | F13: =IF(RIGHT(I13,2)="JP","JPY",RIGHT(I13,2)&"D") -> HKD | G13: =D13*E13 -> 0 | H13: CBSG | I13: =C13 -> 1024:HK | J13: =H13&I13 -> CBSG1024:HK
B14: =INDEX(Stocks!A:B,MATCH(I14,Stocks!A:A,),2) -> Xiaomi Corp | C14: 1810:HK | D14: =SUMIF(Download!B:B,J14,Download!G:G) -> 0 | E14: =SUMIF(Download!B:B,J14,Download!H:H) -> 0 | F14: =IF(RIGHT(I14,2)="JP","JPY",RIGHT(I14,2)&"D") -> HKD | G14: =D14*E14 -> 0 | H14: CBSG | I14: =C14 -> 1810:HK | J14: =H14&I14 -> CBSG1810:HK
B15: =INDEX(Stocks!A:B,MATCH(I15,Stocks!A:A,),2) -> Shanghai Fosun | C15: 2196:HK | D15: =SUMIF(Download!B:B,J15,Download!G:G) -> 0 | E15: =SUMIF(Download!B:B,J15,Download!H:H) -> 0 | F15: =IF(RIGHT(I15,2)="JP","JPY",RIGHT(I15,2)&"D") -> HKD | G15: =D15*E15 -> 0 | H15: CBSG | I15: =C15 -> 2196:HK | J15: =H15&I15 -> CBSG2196:HK
B16: =INDEX(Stocks!A:B,MATCH(I16,Stocks!A:A,),2) -> Great Wall Motor | C16: 2333:HK | D16: =SUMIF(Download!B:B,J16,Download!G:G) -> 0 | E16: =SUMIF(Download!B:B,J16,Download!H:H) -> 0 | F16: =IF(RIGHT(I16,2)="JP","JPY",RIGHT(I16,2)&"D") -> HKD | G16: =D16*E16 -> 0 | H16: CBSG | I16: =C16 -> 2333:HK | J16: =H16&I16 -> CBSG2333:HK
B17: =INDEX(Stocks!A:B,MATCH(I17,Stocks!A:A,),2) -> Bank of China | C17: 3988:HK | D17: =SUMIF(Download!B:B,J17,Download!G:G) -> 0 | E17: =SUMIF(Download!B:B,J17,Download!H:H) -> 0 | F17: =IF(RIGHT(I17,2)="JP","JPY",RIGHT(I17,2)&"D") -> HKD | G17: =D17*E17 -> 0 | H17: CBSG | I17: =C17 -> 3988:HK | J17: =H17&I17 -> CBSG3988:HK
... B23: =INDEX(Stocks!A:B,MATCH(I23,Stocks!A:A,),2) -> Coinbase | C23: COIN:US | D23: =SUMIF(Download!B:B,J23,Download!G:G) -> 0 | E23: =SUMIF(Download!B:B,J23,Download!H:H) -> 0 | F23: =IF(RIGHT(I23,2)="JP","JPY",RIGHT(I23,2)&"D") -> USD | G23: =D23*E23 -> 0 | H23: CBSG | I23: =C23 -> COIN:US | J23: =H23&I23 -> CBSGCOIN:US
D24: =SUBTOTAL(9,D5:D23) -> 0
A26: Citibank Account No. 2
B27: Account | C27: Code | D27: Shares | E27: Ave. Cost | F27: Amount
B28: =INDEX(Stocks!A:B,MATCH(I28,Stocks!A:A,),2) -> Geely Motor | C28: 175:HK | D28: =SUMIF(Download!B:B,J28,Download!G:G) -> 0 | E28: =SUMIF(Download!B:B,J28,Download!H:H) -> 0 | F28: =IF(RIGHT(I28,2)="JP","JPY",RIGHT(I28,2)&"D") -> HKD | G28: =D28*E28 -> 0 | H28: CB2 | I28: =C28 -> 175:HK | J28: =H28&I28 -> CB2175:HK
B29: =INDEX(Stocks!A:B,MATCH(I29,Stocks!A:A,),2) -> Jiangxi Copper | C29: 358:HK | D29: =SUMIF(Download!B:B,J29,Download!G:G) -> 0 | E29: =SUMIF(Download!B:B,J29,Download!H:H) -> 0 | F29: =IF(RIGHT(I29,2)="JP","JPY",RIGHT(I29,2)&"D") -> HKD | G29: =D29*E29 -> 0 | H29: CB2 | I29: =C29 -> 358:HK | J29: =H29&I29 -> CB2358:HK
B30: =INDEX(Stocks!A:B,MATCH(I30,Stocks!A:A,),2) -> HK Exchange | C30: 388:HK | D30: =SUMIF(Download!B:B,J30,Download!G:G) -> 0 | E30: =SUMIF(Download!B:B,J30,Download!H:H) -> 0 | F30: =IF(RIGHT(I30,2)="JP","JPY",RIGHT(I30,2)&"D") -> HKD | G30: =D30*E30 -> 0 | H30: CB2 | I30: =C30 -> 388:HK | J30: =H30&I30 -> CB2388:HK
B31: =INDEX(Stocks!A:B,MATCH(I31,Stocks!A:A,),2) -> Tencent | C31: 700:HK | D31: =SUMIF(Download!B:B,J31,Download!G:G) -> 0 | E31: =SUMIF(Download!B:B,J31,Download!H:H) -> 0 | F31: =IF(RIGHT(I31,2)="JP","JPY",RIGHT(I31,2)&"D") -> HKD | G31: =D31*E31 -> 0 | H31: CB2 | I31: =C31 -> 700:HK | J31: =H31&I31 -> CB2700:HK
B32: =INDEX(Stocks!A:B,MATCH(I32,Stocks!A:A,),2) -> Kuaishou Tech | C32: 1024:HK | D32: =SUMIF(Download!B:B,J32,Download!G:G) -> 0 | E32: =SUMIF(Download!B:B,J32,Download!H:H) -> 0 | F32: =IF(RIGHT(I32,2)="JP","JPY",RIGHT(I32,2)&"D") -> HKD | G32: =D32*E32 -> 0 | H32: CB2 | I32: =C32 -> 1024:HK | J32: =H32&I32 -> CB21024:HK
B33: =INDEX(Stocks!A:B,MATCH(I33,Stocks!A:A,),2) -> Agricultural Bank of China | C33: 1288:HK | D33: =SUMIF(Download!B:B,J33,Download!G:G) -> 0 | E33: =SUMIF(Download!B:B,J33,Download!H:H) -> 0 | F33: =IF(RIGHT(I33,2)="JP","JPY",RIGHT(I33,2)&"D") -> HKD | G33: =D33*E33 -> 0 | H33: CB2 | I33: =C33 -> 1288:HK | J33: =H33&I33 -> CB21288:HK
B34: =INDEX(Stocks!A:B,MATCH(I34,Stocks!A:A,),2) -> AIA Group | C34: 1299:HK | D34: =SUMIF(Download!B:B,J34,Download!G:G) -> 0 | E34: =SUMIF(Download!B:B,J34,Download!H:H) -> 0 | F34: =IF(RIGHT(I34,2)="JP","JPY",RIGHT(I34,2)&"D") -> HKD | G34: =D34*E34 -> 0 | H34: CB2 | I34: =C34 -> 1299:HK | J34: =H34&I34 -> CB21299:HK
B35: =INDEX(Stocks!A:B,MATCH(I35,Stocks!A:A,),2) -> Postal Savings Bank of China | C35: 1658:HK | D35: =SUMIF(Download!B:B,J35,Download!G:G) -> 0 | E35: =SUMIF(Download!B:B,J35,Download!H:H) -> 0 | F35: =IF(RIGHT(I35,2)="JP","JPY",RIGHT(I35,2)&"D") -> HKD | G35: =D35*E35 -> 0 | H35: CB2 | I35: =C35 -> 1658:HK | J35: =H35&I35 -> CB21658:HK
B36: =INDEX(Stocks!A:B,MATCH(I36,Stocks!A:A,),2) -> Shanghai Fosun | C36: 2196:HK | D36: =SUMIF(Download!B:B,J36,Download!G:G) -> 0 | E36: =SUMIF(Download!B:B,J36,Download!H:H) -> 0 | F36: =IF(RIGHT(I36,2)="JP","JPY",RIGHT(I36,2)&"D") -> HKD | G36: =D36*E36 -> 0 | H36: CB2 | I36: =C36 -> 2196:HK | J36: =H36&I36 -> CB22196:HK
B37: =INDEX(Stocks!A:B,MATCH(I37,Stocks!A:A,),2) -> Great Wall Motor | C37: 2333:HK | D37: =SUMIF(Download!B:B,J37,Download!G:G) -> 0 | E37: =SUMIF(Download!B:B,J37,Download!H:H) -> 0 | F37: =IF(RIGHT(I37,2)="JP","JPY",RIGHT(I37,2)&"D") -> HKD | G37: =D37*E37 -> 0 | H37: CB2 | I37: =C37 -> 2333:HK | J37: =H37&I37 -> CB22333:HK
B38: =INDEX(Stocks!A:B,MATCH(I38,Stocks!A:A,),2) -> Zijin Mining | C38: 2899:HK | D38: =SUMIF(Download!B:B,J38,Download!G:G) -> 0 | E38: =SUMIF(Download!B:B,J38,Download!H:H) -> 0 | F38: =IF(RIGHT(I38,2)="JP","JPY",RIGHT(I38,2)&"D") -> HKD | G38: =D38*E38 -> 0 | H38: CB2 | I38: =C38 -> 2899:HK | J38: =H38&I38 -> CB22899:HK
B39: =INDEX(Stocks!A:B,MATCH(I39,Stocks!A:A,),2) -> Bank of China | C39: 3988:HK | D39: =SUMIF(Download!B:B,J39,Download!G:G) -> 0 | E39: =SUMIF(Download!B:B,J39,Download!H:H) -> 0 | F39: =IF(RIGHT(I39,2)="JP","JPY",RIGHT(I39,2)&"D") -> HKD | G39: =D39*E39 -> 0 | H39: CB2 | I39: =C39 -> 3988:HK | J39: =H39&I39 -> CB23988:HK
... B44: =INDEX(Stocks!A:B,MATCH(I44,Stocks!A:A,),2) -> Alibaba | C44: 9988:HK | D44: =SUMIF(Download!B:B,J44,Download!G:G) -> 0 | E44: =SUMIF(Download!B:B,J44,Download!H:H) -> 0 | F44: =IF(RIGHT(I44,2)="JP","JPY",RIGHT(I44,2)&"D") -> HKD | G44: =D44*E44 -> 0 | H44: CB2 | I44: =C44 -> 9988:HK | J44: =H44&I44 -> CB29988:HK
D45: =SUBTOTAL(9,D27:D44) -> 0
A47: Citibank Account No. 3
B48: Account | C48: Code | D48: Shares | E48: Ave. Cost | F48: Amount
B49: =INDEX(Stocks!A:B,MATCH(I49,Stocks!A:A,),2) -> HSBC | C49: 5:HK | D49: =SUMIF(Download!B:B,J49,Download!G:G) -> 0 | E49: =SUMIF(Download!B:B,J49,Download!H:H) -> 0 | F49: =IF(RIGHT(I49,2)="JP","JPY",RIGHT(I49,2)&"D") -> HKD | G49: =D49*E49 -> 0 | H49: CB3 | I49: =C49 -> 5:HK | J49: =H49&I49 -> CB35:HK
B50: =INDEX(Stocks!A:B,MATCH(I50,Stocks!A:A,),2) -> Geely Motor | C50: 175:HK | D50: =SUMIF(Download!B:B,J50,Download!G:G) -> 0 | E50: =SUMIF(Download!B:B,J50,Download!H:H) -> 0 | F50: =IF(RIGHT(I50,2)="JP","JPY",RIGHT(I50,2)&"D") -> HKD | G50: =D50*E50 -> 0 | H50: CB3 | I50: =C50 -> 175:HK | J50: =H50&I50 -> CB3175:HK
B51: =INDEX(Stocks!A:B,MATCH(I51,Stocks!A:A,),2) -> Cathay Pacific | C51: 293:HK | D51: =SUMIF(Download!B:B,J51,Download!G:G) -> 0 | E51: =SUMIF(Download!B:B,J51,Download!H:H) -> 0 | F51: =IF(RIGHT(I51,2)="JP","JPY",RIGHT(I51,2)&"D") -> HKD | G51: =D51*E51 -> 0 | H51: CB3 | I51: =C51 -> 293:HK | J51: =H51&I51 -> CB3293:HK
B52: =INDEX(Stocks!A:B,MATCH(I52,Stocks!A:A,),2) -> Jiangxi Copper | C52: 358:HK | D52: =SUMIF(Download!B:B,J52,Download!G:G) -> 0 | E52: =SUMIF(Download!B:B,J52,Download!H:H) -> 0 | F52: =IF(RIGHT(I52,2)="JP","JPY",RIGHT(I52,2)&"D") -> HKD | G52: =D52*E52 -> 0 | H52: CB3 | I52: =C52 -> 358:HK | J52: =H52&I52 -> CB3358:HK
B53: =INDEX(Stocks!A:B,MATCH(I53,Stocks!A:A,),2) -> Beijing Water | C53: 371:HK | D53: =SUMIF(Download!B:B,J53,Download!G:G) -> 0 | E53: =SUMIF(Download!B:B,J53,Download!H:H) -> 0 | F53: =IF(RIGHT(I53,2)="JP","JPY",RIGHT(I53,2)&"D") -> HKD | G53: =D53*E53 -> 0 | H53: CB3 | I53: =C53 -> 371:HK | J53: =H53&I53 -> CB3371:HK
B54: =INDEX(Stocks!A:B,MATCH(I54,Stocks!A:A,),2) -> HK Exchange | C54: 388:HK | D54: =SUMIF(Download!B:B,J54,Download!G:G) -> 0 | E54: =SUMIF(Download!B:B,J54,Download!H:H) -> 0 | F54: =IF(RIGHT(I54,2)="JP","JPY",RIGHT(I54,2)&"D") -> HKD | G54: =D54*E54 -> 0 | H54: CB3 | I54: =C54 -> 388:HK | J54: =H54&I54 -> CB3388:HK
B55: =INDEX(Stocks!A:B,MATCH(I55,Stocks!A:A,),2) -> Tencent | C55: 700:HK | D55: =SUMIF(Download!B:B,J55,Download!G:G) -> 0 | E55: =SUMIF(Download!B:B,J55,Download!H:H) -> 0 | F55: =IF(RIGHT(I55,2)="JP","JPY",RIGHT(I55,2)&"D") -> HKD | G55: =D55*E55 -> 0 | H55: CB3 | I55: =C55 -> 700:HK | J55: =H55&I55 -> CB3700:HK
B56: =INDEX(Stocks!A:B,MATCH(I56,Stocks!A:A,),2) -> Agricultural Bank of China | C56: 1288:HK | D56: =SUMIF(Download!B:B,J56,Download!G:G) -> 0 | E56: =SUMIF(Download!B:B,J56,Download!H:H) -> 0 | F56: =IF(RIGHT(I56,2)="JP","JPY",RIGHT(I56,2)&"D") -> HKD | G56: =D56*E56 -> 0 | H56: CB3 | I56: =C56 -> 1288:HK | J56: =H56&I56 -> CB31288:HK
B57: =INDEX(Stocks!A:B,MATCH(I57,Stocks!A:A,),2) -> AIA Group | C57: 1299:HK | D57: =SUMIF(Download!B:B,J57,Download!G:G) -> 0 | E57: =SUMIF(Download!B:B,J57,Download!H:H) -> 0 | F57: =IF(RIGHT(I57,2)="JP","JPY",RIGHT(I57,2)&"D") -> HKD | G57: =D57*E57 -> 0 | H57: CB3 | I57: =C57 -> 1299:HK | J57: =H57&I57 -> CB31299:HK
B58: =INDEX(Stocks!A:B,MATCH(I58,Stocks!A:A,),2) -> Great Wall Motor | C58: 2333:HK | D58: =SUMIF(Download!B:B,J58,Download!G:G) -> 0 | E58: =SUMIF(Download!B:B,J58,Download!H:H) -> 0 | F58: =IF(RIGHT(I58,2)="JP","JPY",RIGHT(I58,2)&"D") -> HKD | G58: =D58*E58 -> 0 | H58: CB3 | I58: =C58 -> 2333:HK | J58: =H58&I58 -> CB32333:HK
B59: =INDEX(Stocks!A:B,MATCH(I59,Stocks!A:A,),2) -> Bank of China | C59: 3988:HK | D59: =SUMIF(Download!B:B,J59,Download!G:G) -> 0 | E59: =SUMIF(Download!B:B,J59,Download!H:H) -> 0 | F59: =IF(RIGHT(I59,2)="JP","JPY",RIGHT(I59,2)&"D") -> HKD | G59: =D59*E59 -> 0 | H59: CB3 | I59: =C59 -> 3988:HK | J59: =H59&I59 -> CB33988:HK
B60: =INDEX(Stocks!A:B,MATCH(I60,Stocks!A:A,),2) -> China Molybdenum | C60: 3993:HK | D60: =SUMIF(Download!B:B,J60,Download!G:G) -> 0 | E60: =SUMIF(Download!B:B,J60,Download!H:H) -> 0 | F60: =IF(RIGHT(I60,2)="JP","JPY",RIGHT(I60,2)&"D") -> HKD | G60: =D60*E60 -> 0 | H60: CB3 | I60: =C60 -> 3993:HK | J60: =H60&I60 -> CB33993:HK
... B62: =INDEX(Stocks!A:B,MATCH(I62,Stocks!A:A,),2) -> Baidu Inc A | C62: 9888:HK | D62: =SUMIF(Download!B:B,J62,Download!G:G) -> 0 | E62: =SUMIF(Download!B:B,J62,Download!H:H) -> 0 | F62: =IF(RIGHT(I62,2)="JP","JPY",RIGHT(I62,2)&"D") -> HKD | G62: =D62*E62 -> 0 | H62: CB3 | I62: =C62 -> 9888:HK | J62: =H62&I62 -> CB39888:HK
D63: =SUBTOTAL(9,D48:D62) -> 0
A65: Citibank Berry Hill
B66: Account | C66: Code | D66: Shares | E66: Ave. Cost | F66: Amount
B67: =INDEX(Stocks!A:B,MATCH(I67,Stocks!A:A,),2) -> Geely Motor | C67: 175:HK | D67: =SUMIF(Download!B:B,J67,Download!G:G) -> 0 | E67: =SUMIF(Download!B:B,J67,Download!H:H) -> 0 | F67: =IF(RIGHT(I67,2)="JP","JPY",RIGHT(I67,2)&"D") -> HKD | G67: =D67*E67 -> 0 | H67: CBBH | I67: =C67 -> 175:HK | J67: =H67&I67 -> CBBH175:HK
B68: =INDEX(Stocks!A:B,MATCH(I68,Stocks!A:A,),2) -> HK Exchange | C68: 388:HK | D68: =SUMIF(Download!B:B,J68,Download!G:G) -> 0 | E68: =SUMIF(Download!B:B,J68,Download!H:H) -> 0 | F68: =IF(RIGHT(I68,2)="JP","JPY",RIGHT(I68,2)&"D") -> HKD | G68: =D68*E68 -> 0 | H68: CBBH | I68: =C68 -> 388:HK | J68: =H68&I68 -> CBBH388:HK
B69: =INDEX(Stocks!A:B,MATCH(I69,Stocks!A:A,),2) -> Tencent | C69: 700:HK | D69: =SUMIF(Download!B:B,J69,Download!G:G) -> 0 | E69: =SUMIF(Download!B:B,J69,Download!H:H) -> 0 | F69: =IF(RIGHT(I69,2)="JP","JPY",RIGHT(I69,2)&"D") -> HKD | G69: =D69*E69 -> 0 | H69: CBBH | I69: =C69 -> 700:HK | J69: =H69&I69 -> CBBH700:HK
B70: =INDEX(Stocks!A:B,MATCH(I70,Stocks!A:A,),2) -> AIA Group | C70: 1299:HK | D70: =SUMIF(Download!B:B,J70,Download!G:G) -> 0 | E70: =SUMIF(Download!B:B,J70,Download!H:H) -> 0 | F70: =IF(RIGHT(I70,2)="JP","JPY",RIGHT(I70,2)&"D") -> HKD | G70: =D70*E70 -> 0 | H70: CBBH | I70: =C70 -> 1299:HK | J70: =H70&I70 -> CBBH1299:HK
B71: =INDEX(Stocks!A:B,MATCH(I71,Stocks!A:A,),2) -> Xiaomi Corp | C71: 1810:HK | D71: =SUMIF(Download!B:B,J71,Download!G:G) -> 0 | E71: =SUMIF(Download!B:B,J71,Download!H:H) -> 0 | F71: =IF(RIGHT(I71,2)="JP","JPY",RIGHT(I71,2)&"D") -> HKD | G71: =D71*E71 -> 0 | H71: CBBH | I71: =C71 -> 1810:HK | J71: =H71&I71 -> CBBH1810:HK
B72: =INDEX(Stocks!A:B,MATCH(I72,Stocks!A:A,),2) -> Great Wall Motor | C72: 2333:HK | D72: =SUMIF(Download!B:B,J72,Download!G:G) -> 0 | E72: =SUMIF(Download!B:B,J72,Download!H:H) -> 0 | F72: =IF(RIGHT(I72,2)="JP","JPY",RIGHT(I72,2)&"D") -> HKD | G72: =D72*E72 -> 0 | H72: CBBH | I72: =C72 -> 2333:HK | J72: =H72&I72 -> CBBH2333:HK
B73: =INDEX(Stocks!A:B,MATCH(I73,Stocks!A:A,),2) -> China Merchant | C73: 3968:HK | D73: =SUMIF(Download!B:B,J73,Download!G:G) -> 0 | E73: =SUMIF(Download!B:B,J73,Download!H:H) -> 0 | F73: =IF(RIGHT(I73,2)="JP","JPY",RIGHT(I73,2)&"D") -> HKD | G73: =D73*E73 -> 0 | H73: CBBH | I73: =C73 -> 3968:HK | J73: =H73&I73 -> CBBH3968:HK
B74: =INDEX(Stocks!A:B,MATCH(I74,Stocks!A:A,),2) -> Bank of China | C74: 3988:HK | D74: =SUMIF(Download!B:B,J74,Download!G:G) -> 0 | E74: =SUMIF(Download!B:B,J74,Download!H:H) -> 0 | F74: =IF(RIGHT(I74,2)="JP","JPY",RIGHT(I74,2)&"D") -> HKD | G74: =D74*E74 -> 0 | H74: CBBH | I74: =C74 -> 3988:HK | J74: =H74&I74 -> CBBH3988:HK
B75: =INDEX(Stocks!A:B,MATCH(I75,Stocks!A:A,),2) -> Citic Securities | C75: 6030:HK | D75: =SUMIF(Download!B:B,J75,Download!G:G) -> 0 | E75: =SUMIF(Download!B:B,J75,Download!H:H) -> 0 | F75: =IF(RIGHT(I75,2)="JP","JPY",RIGHT(I75,2)&"D") -> HKD | G75: =D75*E75 -> 0 | H75: CBBH | I75: =C75 -> 6030:HK | J75: =H75&I75 -> CBBH6030:HK
B76: =INDEX(Stocks!A:B,MATCH(I76,Stocks!A:A,),2) -> JD com | C76: 9618:HK | D76: =SUMIF(Download!B:B,J76,Download!G:G) -> 0 | E76: =SUMIF(Download!B:B,J76,Download!H:H) -> 0 | F76: =IF(RIGHT(I76,2)="JP","JPY",RIGHT(I76,2)&"D") -> HKD | G76: =D76*E76 -> 0 | H76: CBBH | I76: =C76 -> 9618:HK | J76: =H76&I76 -> CBBH9618:HK
B77: =INDEX(Stocks!A:B,MATCH(I77,Stocks!A:A,),2) -> Baidu Inc A | C77: 9888:HK | D77: =SUMIF(Download!B:B,J77,Download!G:G) -> 0 | E77: =SUMIF(Download!B:B,J77,Download!H:H) -> 0 | F77: =IF(RIGHT(I77,2)="JP","JPY",RIGHT(I77,2)&"D") -> HKD | G77: =D77*E77 -> 0 | H77: CBBH | I77: =C77 -> 9888:HK | J77: =H77&I77 -> CBBH9888:HK
B78: =INDEX(Stocks!A:B,MATCH(I78,Stocks!A:A,),2) -> Alibaba | C78: 9988:HK | D78: =SUMIF(Download!B:B,J78,Download!G:G) -> 0 | E78: =SUMIF(Download!B:B,J78,Download!H:H) -> 0 | F78: =IF(RIGHT(I78,2)="JP","JPY",RIGHT(I78,2)&"D") -> HKD | G78: =D78*E78 -> 0 | H78: CBBH | I78: =C78 -> 9988:HK | J78: =H78&I78 -> CBBH9988:HK
B80: =INDEX(Stocks!A:B,MATCH(I80,Stocks!A:A,),2) -> Baidu Inc | C80: BIDU:US | D80: =SUMIF(Download!B:B,J80,Download!G:G) -> 0 | E80: =SUMIF(Download!B:B,J80,Download!H:H) -> 0 | F80: =IF(RIGHT(I80,2)="JP","JPY",RIGHT(I80,2)&"D") -> USD | G80: =D80*E80 -> 0 | H80: CBBH | I80: =C80 -> BIDU:US | J80: =H80&I80 -> CBBHBIDU:US
D81: =SUBTOTAL(9,D66:D80) -> 0
A83: Bank of Singapore
B84: Account | C84: Code | D84: Shares | E84: Ave. Cost | F84: Amount
B85: =INDEX(Stocks!A:B,MATCH(I85,Stocks!A:A,),2) -> HK China Gas | C85: 3:HK | D85: =SUMIF(Download!B:B,J85,Download!G:G) -> 0 | E85: =SUMIF(Download!B:B,J85,Download!H:H) -> 0 | F85: =IF(RIGHT(I85,2)="JP","JPY",RIGHT(I85,2)&"D") -> HKD | G85: =D85*E85 -> 0 | H85: BOS | I85: =C85 -> 3:HK | J85: =H85&I85 -> BOS3:HK
B86: =INDEX(Stocks!A:B,MATCH(I86,Stocks!A:A,),2) -> HSBC | C86: 5:HK | D86: =SUMIF(Download!B:B,J86,Download!G:G) -> 0 | E86: =SUMIF(Download!B:B,J86,Download!H:H) -> 0 | F86: =IF(RIGHT(I86,2)="JP","JPY",RIGHT(I86,2)&"D") -> HKD | G86: =D86*E86 -> 0 | H86: BOS | I86: =C86 -> 5:HK | J86: =H86&I86 -> BOS5:HK
B87: =INDEX(Stocks!A:B,MATCH(I87,Stocks!A:A,),2) -> Geely Motor | C87: 175:HK | D87: =SUMIF(Download!B:B,J87,Download!G:G) -> 0 | E87: =SUMIF(Download!B:B,J87,Download!H:H) -> 0 | F87: =IF(RIGHT(I87,2)="JP","JPY",RIGHT(I87,2)&"D") -> HKD | G87: =D87*E87 -> 0 | H87: BOS | I87: =C87 -> 175:HK | J87: =H87&I87 -> BOS175:HK
B88: =INDEX(Stocks!A:B,MATCH(I88,Stocks!A:A,),2) -> Cathay Pacific | C88: 293:HK | D88: =SUMIF(Download!B:B,J88,Download!G:G) -> 0 | E88: =SUMIF(Download!B:B,J88,Download!H:H) -> 0 | F88: =IF(RIGHT(I88,2)="JP","JPY",RIGHT(I88,2)&"D") -> HKD | G88: =D88*E88 -> 0 | H88: BOS | I88: =C88 -> 293:HK | J88: =H88&I88 -> BOS293:HK
B89: =INDEX(Stocks!A:B,MATCH(I89,Stocks!A:A,),2) -> Beijing Water | C89: 371:HK | D89: =SUMIF(Download!B:B,J89,Download!G:G) -> 0 | E89: =SUMIF(Download!B:B,J89,Download!H:H) -> 0 | F89: =IF(RIGHT(I89,2)="JP","JPY",RIGHT(I89,2)&"D") -> HKD | G89: =D89*E89 -> 0 | H89: BOS | I89: =C89 -> 371:HK | J89: =H89&I89 -> BOS371:HK
B90: =INDEX(Stocks!A:B,MATCH(I90,Stocks!A:A,),2) -> HK Exchange | C90: 388:HK | D90: =SUMIF(Download!B:B,J90,Download!G:G) -> 0 | E90: =SUMIF(Download!B:B,J90,Download!H:H) -> 0 | F90: =IF(RIGHT(I90,2)="JP","JPY",RIGHT(I90,2)&"D") -> HKD | G90: =D90*E90 -> 0 | H90: BOS | I90: =C90 -> 388:HK | J90: =H90&I90 -> BOS388:HK
B91: =INDEX(Stocks!A:B,MATCH(I91,Stocks!A:A,),2) -> Tencent | C91: 700:HK | D91: =SUMIF(Download!B:B,J91,Download!G:G) -> 0 | E91: =SUMIF(Download!B:B,J91,Download!H:H) -> 0 | F91: =IF(RIGHT(I91,2)="JP","JPY",RIGHT(I91,2)&"D") -> HKD | G91: =D91*E91 -> 0 | H91: BOS | I91: =C91 -> 700:HK | J91: =H91&I91 -> BOS700:HK
B92: =INDEX(Stocks!A:B,MATCH(I92,Stocks!A:A,),2) -> China Construction Bank | C92: 939:HK | D92: =SUMIF(Download!B:B,J92,Download!G:G) -> 0 | E92: =SUMIF(Download!B:B,J92,Download!H:H) -> 0 | F92: =IF(RIGHT(I92,2)="JP","JPY",RIGHT(I92,2)&"D") -> HKD | G92: =D92*E92 -> 0 | H92: BOS | I92: =C92 -> 939:HK | J92: =H92&I92 -> BOS939:HK
B93: =INDEX(Stocks!A:B,MATCH(I93,Stocks!A:A,),2) -> Semiconductor Mfg | C93: 981:HK | D93: =SUMIF(Download!B:B,J93,Download!G:G) -> 0 | E93: =SUMIF(Download!B:B,J93,Download!H:H) -> 0 | F93: =IF(RIGHT(I93,2)="JP","JPY",RIGHT(I93,2)&"D") -> HKD | G93: =D93*E93 -> 0 | H93: BOS | I93: =C93 -> 981:HK | J93: =H93&I93 -> BOS981:HK
B94: =INDEX(Stocks!A:B,MATCH(I94,Stocks!A:A,),2) -> Kuaishou Tech | C94: 1024:HK | D94: =SUMIF(Download!B:B,J94,Download!G:G) -> 0 | E94: =SUMIF(Download!B:B,J94,Download!H:H) -> 0 | F94: =IF(RIGHT(I94,2)="JP","JPY",RIGHT(I94,2)&"D") -> HKD | G94: =D94*E94 -> 0 | H94: BOS | I94: =C94 -> 1024:HK | J94: =H94&I94 -> BOS1024:HK
B95: =INDEX(Stocks!A:B,MATCH(I95,Stocks!A:A,),2) -> Agricultural Bank of China | C95: 1288:HK | D95: =SUMIF(Download!B:B,J95,Download!G:G) -> 0 | E95: =SUMIF(Download!B:B,J95,Download!H:H) -> 0 | F95: =IF(RIGHT(I95,2)="JP","JPY",RIGHT(I95,2)&"D") -> HKD | G95: =D95*E95 -> 0 | H95: BOS | I95: =C95 -> 1288:HK | J95: =H95&I95 -> BOS1288:HK
B96: =INDEX(Stocks!A:B,MATCH(I96,Stocks!A:A,),2) -> Great Wall Motor | C96: 2333:HK | D96: =SUMIF(Download!B:B,J96,Download!G:G) -> 0 | E96: =SUMIF(Download!B:B,J96,Download!H:H) -> 0 | F96: =IF(RIGHT(I96,2)="JP","JPY",RIGHT(I96,2)&"D") -> HKD | G96: =D96*E96 -> 0 | H96: BOS | I96: =C96 -> 2333:HK | J96: =H96&I96 -> BOS2333:HK
... B111: =INDEX(Stocks!A:B,MATCH(I111,Stocks!A:A,),2) -> DBS Group | C111: DBS:SG | D111: =SUMIF(Download!B:B,J111,Download!G:G) -> 0 | E111: =SUMIF(Download!B:B,J111,Download!H:H) -> 0 | F111: =IF(RIGHT(I111,2)="JP","JPY",RIGHT(I111,2)&"D") -> SGD | G111: =D111*E111 -> 0 | H111: BOS | I111: =C111 -> DBS:SG | J111: =H111&I111 -> BOSDBS:SG
D112: =SUBTOTAL(9,D84:D107) -> 0
A114: Deutsche Bank Personal
B115: Account | C115: Code | D115: Shares | E115: Ave. Cost | F115: Amount
B116: =INDEX(Stocks!A:B,MATCH(I116,Stocks!A:A,),2) -> Geely Motor | C116: 175:HK | D116: =SUMIF(Download!B:B,J116,Download!G:G) -> 0 | E116: =SUMIF(Download!B:B,J116,Download!H:H) -> 0 | F116: =IF(RIGHT(I116,2)="JP","JPY",RIGHT(I116,2)&"D") -> HKD | G116: =D116*E116 -> 0 | H116: DBPe | I116: =C116 -> 175:HK | J116: =H116&I116 -> DBPe175:HK
B117: =INDEX(Stocks!A:B,MATCH(I117,Stocks!A:A,),2) -> Beijing Water | C117: 371:HK | D117: =SUMIF(Download!B:B,J117,Download!G:G) -> 0 | E117: =SUMIF(Download!B:B,J117,Download!H:H) -> 0 | F117: =IF(RIGHT(I117,2)="JP","JPY",RIGHT(I117,2)&"D") -> HKD | G117: =D117*E117 -> 0 | H117: DBPe | I117: =C117 -> 371:HK | J117: =H117&I117 -> DBPe371:HK
B118: =INDEX(Stocks!A:B,MATCH(I118,Stocks!A:A,),2) -> HK Exchange | C118: 388:HK | D118: =SUMIF(Download!B:B,J118,Download!G:G) -> 0 | E118: =SUMIF(Download!B:B,J118,Download!H:H) -> 0 | F118: =IF(RIGHT(I118,2)="JP","JPY",RIGHT(I118,2)&"D") -> HKD | G118: =D118*E118 -> 0 | H118: DBPe | I118: =C118 -> 388:HK | J118: =H118&I118 -> DBPe388:HK
B119: =INDEX(Stocks!A:B,MATCH(I119,Stocks!A:A,),2) -> Tencent | C119: 700:HK | D119: =SUMIF(Download!B:B,J119,Download!G:G) -> 0 | E119: =SUMIF(Download!B:B,J119,Download!H:H) -> 0 | F119: =IF(RIGHT(I119,2)="JP","JPY",RIGHT(I119,2)&"D") -> HKD | G119: =D119*E119 -> 0 | H119: DBPe | I119: =C119 -> 700:HK | J119: =H119&I119 -> DBPe700:HK
B120: =INDEX(Stocks!A:B,MATCH(I120,Stocks!A:A,),2) -> Semiconductor Mfg | C120: 981:HK | D120: =SUMIF(Download!B:B,J120,Download!G:G) -> 0 | E120: =SUMIF(Download!B:B,J120,Download!H:H) -> 0 | F120: =IF(RIGHT(I120,2)="JP","JPY",RIGHT(I120,2)&"D") -> HKD | G120: =D120*E120 -> 0 | H120: DBPe | I120: =C120 -> 981:HK | J120: =H120&I120 -> DBPe981:HK
B121: =INDEX(Stocks!A:B,MATCH(I121,Stocks!A:A,),2) -> Kuaishou Tech | C121: 1024:HK | D121: =SUMIF(Download!B:B,J121,Download!G:G) -> 0 | E121: =SUMIF(Download!B:B,J121,Download!H:H) -> 0 | F121: =IF(RIGHT(I121,2)="JP","JPY",RIGHT(I121,2)&"D") -> HKD | G121: =D121*E121 -> 0 | H121: DBPe | I121: =C121 -> 1024:HK | J121: =H121&I121 -> DBPe1024:HK
B122: =INDEX(Stocks!A:B,MATCH(I122,Stocks!A:A,),2) -> Agricultural Bank of China | C122: 1288:HK | D122: =SUMIF(Download!B:B,J122,Download!G:G) -> 0 | E122: =SUMIF(Download!B:B,J122,Download!H:H) -> 0 | F122: =IF(RIGHT(I122,2)="JP","JPY",RIGHT(I122,2)&"D") -> HKD | G122: =D122*E122 -> 0 | H122: DBPe | I122: =C122 -> 1288:HK | J122: =H122&I122 -> DBPe1288:HK
B123: =INDEX(Stocks!A:B,MATCH(I123,Stocks!A:A,),2) -> Xiaomi Corp | C123: 1810:HK | D123: =SUMIF(Download!B:B,J123,Download!G:G) -> 0 | E123: =SUMIF(Download!B:B,J123,Download!H:H) -> 0 | F123: =IF(RIGHT(I123,2)="JP","JPY",RIGHT(I123,2)&"D") -> HKD | G123: =D123*E123 -> 0 | H123: DBPe | I123: =C123 -> 1810:HK | J123: =H123&I123 -> DBPe1810:HK
B124: =INDEX(Stocks!A:B,MATCH(I124,Stocks!A:A,),2) -> Postal Savings Bank of China | C124: 1658:HK | D124: =SUMIF(Download!B:B,J124,Download!G:G) -> 0 | E124: =SUMIF(Download!B:B,J124,Download!H:H) -> 0 | F124: =IF(RIGHT(I124,2)="JP","JPY",RIGHT(I124,2)&"D") -> HKD | G124: =D124*E124 -> 0 | H124: DBPe | I124: =C124 -> 1658:HK | J124: =H124&I124 -> DBPe1658:HK
B125: =INDEX(Stocks!A:B,MATCH(I125,Stocks!A:A,),2) -> Great Wall Motor | C125: 2333:HK | D125: =SUMIF(Download!B:B,J125,Download!G:G) -> 0 | E125: =SUMIF(Download!B:B,J125,Download!H:H) -> 0 | F125: =IF(RIGHT(I125,2)="JP","JPY",RIGHT(I125,2)&"D") -> HKD | G125: =D125*E125 -> 0 | H125: DBPe | I125: =C125 -> 2333:HK | J125: =H125&I125 -> DBPe2333:HK
B126: =INDEX(Stocks!A:B,MATCH(I126,Stocks!A:A,),2) -> Meituan | C126: 3690:HK | D126: =SUMIF(Download!B:B,J126,Download!G:G) -> 0 | E126: =SUMIF(Download!B:B,J126,Download!H:H) -> 0 | F126: =IF(RIGHT(I126,2)="JP","JPY",RIGHT(I126,2)&"D") -> HKD | G126: =D126*E126 -> 0 | H126: DBPe | I126: =C126 -> 3690:HK | J126: =H126&I126 -> DBPe3690:HK
B127: =INDEX(Stocks!A:B,MATCH(I127,Stocks!A:A,),2) -> Bank of China | C127: 3988:HK | D127: =SUMIF(Download!B:B,J127,Download!G:G) -> 0 | E127: =SUMIF(Download!B:B,J127,Download!H:H) -> 0 | F127: =IF(RIGHT(I127,2)="JP","JPY",RIGHT(I127,2)&"D") -> HKD | G127: =D127*E127 -> 0 | H127: DBPe | I127: =C127 -> 3988:HK | J127: =H127&I127 -> DBPe3988:HK
... B136: =INDEX(Stocks!A:B,MATCH(I136,Stocks!A:A,),2) -> DBS Group | C136: DBS:SG | D136: =SUMIF(Download!B:B,J136,Download!G:G) -> 0 | E136: =SUMIF(Download!B:B,J136,Download!H:H) -> 0 | F136: =IF(RIGHT(I136,2)="JP","JPY",RIGHT(I136,2)&"D") -> SGD | G136: =D136*E136 -> 0 | H136: DBPe | I136: =C136 -> DBS:SG | J136: =H136&I136 -> DBPeDBS:SG
D137: =SUBTOTAL(9,D115:D136) -> 0
A139: Deutsche Bank Perfect Legend
B140: Account | C140: Code | D140: Shares | E140: Ave. Cost | F140: Amount
B141: =INDEX(Stocks!A:B,MATCH(I141,Stocks!A:A,),2) -> Geely Motor | C141: 175:HK | D141: =SUMIF(Download!B:B,J141,Download!G:G) -> 0 | E141: =SUMIF(Download!B:B,J141,Download!H:H) -> 0 | F141: =IF(RIGHT(I141,2)="JP","JPY",RIGHT(I141,2)&"D") -> HKD | G141: =D141*E141 -> 0 | H141: DBPL | I141: =C141 -> 175:HK | J141: =H141&I141 -> DBPL175:HK
...

Sheet Download
G1: =IFERROR(VALUE(LEFT(D1,LEN(D1)-7)),"") | J1: =SUM(J2:J1048576) -> 0
G2: =IFERROR(VALUE(LEFT(D2,LEN(D2)-7)),"") | H2: =IFERROR(ROUND(VALUE(RIGHT(E2,LEN(E2)-4)),4),"") | J2: =IF(B2="","",MATCH(B2,ALL!J:J,))
G3: =IFERROR(VALUE(LEFT(D3,LEN(D3)-7)),"") | H3: =IFERROR(ROUND(VALUE(RIGHT(E3,LEN(E3)-4)),4),"") | J3: =IF(B3="","",MATCH(B3,ALL!J:J,))
G4: =IFERROR(VALUE(LEFT(D4,LEN(D4)-7)),"") | H4: =IFERROR(ROUND(VALUE(RIGHT(E4,LEN(E4)-4)),4),"") | J4: =IF(B4="","",MATCH(B4,ALL!J:J,))
G5: =IFERROR(VALUE(LEFT(D5,LEN(D5)-7)),"") | H5: =IFERROR(ROUND(VALUE(RIGHT(E5,LEN(E5)-4)),4),"") | J5: =IF(B5="","",MATCH(B5,ALL!J:J,))
G6: =IFERROR(VALUE(LEFT(D6,LEN(D6)-7)),"") | H6: =IFERROR(ROUND(VALUE(RIGHT(E6,LEN(E6)-4)),4),"") | J6: =IF(B6="","",MATCH(B6,ALL!J:J,))
G7: =IFERROR(VALUE(LEFT(D7,LEN(D7)-7)),"") | H7: =IFERROR(ROUND(VALUE(RIGHT(E7,LEN(E7)-4)),4),"") | J7: =IF(B7="","",MATCH(B7,ALL!J:J,))
G8: =IFERROR(VALUE(LEFT(D8,LEN(D8)-7)),"") | H8: =IFERROR(ROUND(VALUE(RIGHT(E8,LEN(E8)-4)),4),"") | J8: =IF(B8="","",MATCH(B8,ALL!J:J,))
G9: =IFERROR(VALUE(LEFT(D9,LEN(D9)-7)),"") | H9: =IFERROR(ROUND(VALUE(RIGHT(E9,LEN(E9)-4)),4),"") | J9: =IF(B9="","",MATCH(B9,ALL!J:J,))
G10: =IFERROR(VALUE(LEFT(D10,LEN(D10)-7)),"") | H10: =IFERROR(ROUND(VALUE(RIGHT(E10,LEN(E10)-4)),4),"") | J10: =IF(B10="","",MATCH(B10,ALL!J:J,))
G11: =IFERROR(VALUE(LEFT(D11,LEN(D11)-7)),"") | H11: =IFERROR(ROUND(VALUE(RIGHT(E11,LEN(E11)-4)),4),"") | J11: =IF(B11="","",MATCH(B11,ALL!J:J,))
G12: =IFERROR(VALUE(LEFT(D12,LEN(D12)-7)),"") | H12: =IFERROR(ROUND(VALUE(RIGHT(E12,LEN(E12)-4)),4),"") | J12: =IF(B12="","",MATCH(B12,ALL!J:J,))
G13: =IFERROR(VALUE(LEFT(D13,LEN(D13)-7)),"") | H13: =IFERROR(ROUND(VALUE(RIGHT(E13,LEN(E13)-4)),4),"") | J13: =IF(B13="","",MATCH(B13,ALL!J:J,))
... G299: =IFERROR(VALUE(LEFT(D299,LEN(D299)-7)),"") | H299: =IFERROR(ROUND(VALUE(RIGHT(E299,LEN(E299)-4)),4),"") | J299: =IF(B299="","",MATCH(B299,ALL!J:J,))

Sheet Heroku
G1: Heroku | J1: Big Boss | M1: Difference | O1: =SUM(M2:M272) -> 0
A2: CB1 | B2: =IF(C2="","",A2&C2) | G2: =IFERROR(VALUE(LEFT(D2,LEN(D2)-7)),"") | H2: =IFERROR(VALUE(RIGHT(E2,LEN(E2)-4)),"") | J2: =IF(B2="","",SUMIF(Download!B:B,B2,Download!G:G)) | K2: =IF(B2="","",SUMIF(Download!B:B,B2,Download!H:H)) | M2: =IF(B2="","",G2-J2) | N2: =IF(B2="","",H2-K2)
A3: CB1 | B3: =IF(C3="","",A3&C3) | G3: =IFERROR(VALUE(LEFT(D3,LEN(D3)-7)),"") | H3: =IFERROR(VALUE(RIGHT(E3,LEN(E3)-4)),"") | J3: =IF(B3="","",SUMIF(Download!B:B,B3,Download!G:G)) | K3: =IF(B3="","",SUMIF(Download!B:B,B3,Download!H:H)) | M3: =IF(B3="","",G3-J3) | N3: =IF(B3="","",H3-K3)
A4: CB1 | B4: =IF(C4="","",A4&C4) | G4: =IFERROR(VALUE(LEFT(D4,LEN(D4)-7)),"") | H4: =IFERROR(VALUE(RIGHT(E4,LEN(E4)-4)),"") | J4: =IF(B4="","",SUMIF(Download!B:B,B4,Download!G:G)) | K4: =IF(B4="","",SUMIF(Download!B:B,B4,Download!H:H)) | M4: =IF(B4="","",G4-J4) | N4: =IF(B4="","",H4-K4)
A5: CB1 | B5: =IF(C5="","",A5&C5) | G5: =IFERROR(VALUE(LEFT(D5,LEN(D5)-7)),"") | H5: =IFERROR(VALUE(RIGHT(E5,LEN(E5)-4)),"") | J5: =IF(B5="","",SUMIF(Download!B:B,B5,Download!G:G)) | K5: =IF(B5="","",SUMIF(Download!B:B,B5,Download!H:H)) | M5: =IF(B5="","",G5-J5) | N5: =IF(B5="","",H5-K5)
A6: CB1 | B6: =IF(C6="","",A6&C6) | G6: =IFERROR(VALUE(LEFT(D6,LEN(D6)-7)),"") | H6: =IFERROR(VALUE(RIGHT(E6,LEN(E6)-4)),"") | J6: =IF(B6="","",SUMIF(Download!B:B,B6,Download!G:G)) | K6: =IF(B6="","",SUMIF(Download!B:B,B6,Download!H:H)) | M6: =IF(B6="","",G6-J6) | N6: =IF(B6="","",H6-K6)
A7: CB1 | B7: =IF(C7="","",A7&C7) | G7: =IFERROR(VALUE(LEFT(D7,LEN(D7)-7)),"") | H7: =IFERROR(VALUE(RIGHT(E7,LEN(E7)-4)),"") | J7: =IF(B7="","",SUMIF(Download!B:B,B7,Download!G:G)) | K7: =IF(B7="","",SUMIF(Download!B:B,B7,Download!H:H)) | M7: =IF(B7="","",G7-J7) | N7: =IF(B7="","",H7-K7)
A8: CB1 | B8: =IF(C8="","",A8&C8) | G8: =IFERROR(VALUE(LEFT(D8,LEN(D8)-7)),"") | H8: =IFERROR(VALUE(RIGHT(E8,LEN(E8)-4)),"") | J8: =IF(B8="","",SUMIF(Download!B:B,B8,Download!G:G)) | K8: =IF(B8="","",SUMIF(Download!B:B,B8,Download!H:H)) | M8: =IF(B8="","",G8-J8) | N8: =IF(B8="","",H8-K8)
A9: CB1 | B9: =IF(C9="","",A9&C9) | G9: =IFERROR(VALUE(LEFT(D9,LEN(D9)-7)),"") | H9: =IFERROR(VALUE(RIGHT(E9,LEN(E9)-4)),"") | J9: =IF(B9="","",SUMIF(Download!B:B,B9,Download!G:G)) | K9: =IF(B9="","",SUMIF(Download!B:B,B9,Download!H:H)) | M9: =IF(B9="","",G9-J9) | N9: =IF(B9="","",H9-K9)
A10: CB1 | B10: =IF(C10="","",A10&C10) | G10: =IFERROR(VALUE(LEFT(D10,LEN(D10)-7)),"") | H10: =IFERROR(VALUE(RIGHT(E10,LEN(E10)-4)),"") | J10: =IF(B10="","",SUMIF(Download!B:B,B10,Download!G:G)) | K10: =IF(B10="","",SUMIF(Download!B:B,B10,Download!H:H)) | M10: =IF(B10="","",G10-J10) | N10: =IF(B10="","",H10-K10)
A11: CB1 | B11: =IF(C11="","",A11&C11) | G11: =IFERROR(VALUE(LEFT(D11,LEN(D11)-7)),"") | H11: =IFERROR(VALUE(RIGHT(E11,LEN(E11)-4)),"") | J11: =IF(B11="","",SUMIF(Download!B:B,B11,Download!G:G)) | K11: =IF(B11="","",SUMIF(Download!B:B,B11,Download!H:H)) | M11: =IF(B11="","",G11-J11) | N11: =IF(B11="","",H11-K11)
A12: CB1 | B12: =IF(C12="","",A12&C12) | G12: =IFERROR(VALUE(LEFT(D12,LEN(D12)-7)),"") | H12: =IFERROR(VALUE(RIGHT(E12,LEN(E12)-4)),"") | J12: =IF(B12="","",SUMIF(Download!B:B,B12,Download!G:G)) | K12: =IF(B12="","",SUMIF(Download!B:B,B12,Download!H:H)) | M12: =IF(B12="","",G12-J12) | N12: =IF(B12="","",H12-K12)
A13: CB1 | B13: =IF(C13="","",A13&C13) | G13: =IFERROR(VALUE(LEFT(D13,LEN(D13)-7)),"") | H13: =IFERROR(VALUE(RIGHT(E13,LEN(E13)-4)),"") | J13: =IF(B13="","",SUMIF(Download!B:B,B13,Download!G:G)) | K13: =IF(B13="","",SUMIF(Download!B:B,B13,Download!H:H)) | M13: =IF(B13="","",G13-J13) | N13: =IF(B13="","",H13-K13)
... A16: CB1 | B16: =IF(C16="","",A16&C16) | G16: =IFERROR(VALUE(LEFT(D16,LEN(D16)-7)),"") | H16: =IFERROR(VALUE(RIGHT(E16,LEN(E16)-4)),"") | J16: =IF(B16="","",SUMIF(Download!B:B,B16,Download!G:G)) | K16: =IF(B16="","",SUMIF(Download!B:B,B16,Download!H:H)) | M16: =IF(B16="","",G16-J16) | N16: =IF(B16="","",H16-K16)
B17: =IF(C17="","",A17&C17) | G17: =IFERROR(VALUE(LEFT(D17,LEN(D17)-7)),"") | H17: =IFERROR(VALUE(RIGHT(E17,LEN(E17)-4)),"") | J17: =IF(B17="","",SUMIF(Download!B:B,B17,Download!G:G)) | K17: =IF(B17="","",SUMIF(Download!B:B,B17,Download!H:H)) | M17: =IF(B17="","",G17-J17) | N17: =IF(B17="","",H17-K17)
A18: CB2 | B18: =IF(C18="","",A18&C18) | G18: =IFERROR(VALUE(LEFT(D18,LEN(D18)-7)),"") | H18: =IFERROR(VALUE(RIGHT(E18,LEN(E18)-4)),"") | J18: =IF(B18="","",SUMIF(Download!B:B,B18,Download!G:G)) | K18: =IF(B18="","",SUMIF(Download!B:B,B18,Download!H:H)) | M18: =IF(B18="","",G18-J18) | N18: =IF(B18="","",H18-K18)
A19: CB2 | B19: =IF(C19="","",A19&C19) | G19: =IFERROR(VALUE(LEFT(D19,LEN(D19)-7)),"") | H19: =IFERROR(VALUE(RIGHT(E19,LEN(E19)-4)),"") | J19: =IF(B19="","",SUMIF(Download!B:B,B19,Download!G:G)) | K19: =IF(B19="","",SUMIF(Download!B:B,B19,Download!H:H)) | M19: =IF(B19="","",G19-J19) | N19: =IF(B19="","",H19-K19)
A20: CB2 | B20: =IF(C20="","",A20&C20) | G20: =IFERROR(VALUE(LEFT(D20,LEN(D20)-7)),"") | H20: =IFERROR(VALUE(RIGHT(E20,LEN(E20)-4)),"") | J20: =IF(B20="","",SUMIF(Download!B:B,B20,Download!G:G)) | K20: =IF(B20="","",SUMIF(Download!B:B,B20,Download!H:H)) | M20: =IF(B20="","",G20-J20) | N20: =IF(B20="","",H20-K20)
A21: CB2 | B21: =IF(C21="","",A21&C21) | G21: =IFERROR(VALUE(LEFT(D21,LEN(D21)-7)),"") | H21: =IFERROR(VALUE(RIGHT(E21,LEN(E21)-4)),"") | J21: =IF(B21="","",SUMIF(Download!B:B,B21,Download!G:G)) | K21: =IF(B21="","",SUMIF(Download!B:B,B21,Download!H:H)) | M21: =IF(B21="","",G21-J21) | N21: =IF(B21="","",H21-K21)
A22: CB2 | B22: =IF(C22="","",A22&C22) | G22: =IFERROR(VALUE(LEFT(D22,LEN(D22)-7)),"") | H22: =IFERROR(VALUE(RIGHT(E22,LEN(E22)-4)),"") | J22: =IF(B22="","",SUMIF(Download!B:B,B22,Download!G:G)) | K22: =IF(B22="","",SUMIF(Download!B:B,B22,Download!H:H)) | M22: =IF(B22="","",G22-J22) | N22: =IF(B22="","",H22-K22)
A23: CB2 | B23: =IF(C23="","",A23&C23) | G23: =IFERROR(VALUE(LEFT(D23,LEN(D23)-7)),"") | H23: =IFERROR(VALUE(RIGHT(E23,LEN(E23)-4)),"") | J23: =IF(B23="","",SUMIF(Download!B:B,B23,Download!G:G)) | K23: =IF(B23="","",SUMIF(Download!B:B,B23,Download!H:H)) | M23: =IF(B23="","",G23-J23) | N23: =IF(B23="","",H23-K23)
A24: CB2 | B24: =IF(C24="","",A24&C24) | G24: =IFERROR(VALUE(LEFT(D24,LEN(D24)-7)),"") | H24: =IFERROR(VALUE(RIGHT(E24,LEN(E24)-4)),"") | J24: =IF(B24="","",SUMIF(Download!B:B,B24,Download!G:G)) | K24: =IF(B24="","",SUMIF(Download!B:B,B24,Download!H:H)) | M24: =IF(B24="","",G24-J24) | N24: =IF(B24="","",H24-K24)
A25: CB2 | B25: =IF(C25="","",A25&C25) | G25: =IFERROR(VALUE(LEFT(D25,LEN(D25)-7)),"") | H25: =IFERROR(VALUE(RIGHT(E25,LEN(E25)-4)),"") | J25: =IF(B25="","",SUMIF(Download!B:B,B25,Download!G:G)) | K25: =IF(B25="","",SUMIF(Download!B:B,B25,Download!H:H)) | M25: =IF(B25="","",G25-J25) | N25: =IF(B25="","",H25-K25)
A26: CB2 | B26: =IF(C26="","",A26&C26) | G26: =IFERROR(VALUE(LEFT(D26,LEN(D26)-7)),"") | H26: =IFERROR(VALUE(RIGHT(E26,LEN(E26)-4)),"") | J26: =IF(B26="","",SUMIF(Download!B:B,B26,Download!G:G)) | K26: =IF(B26="","",SUMIF(Download!B:B,B26,Download!H:H)) | M26: =IF(B26="","",G26-J26) | N26: =IF(B26="","",H26-K26)
A27: CB2 | B27: =IF(C27="","",A27&C27) | G27: =IFERROR(VALUE(LEFT(D27,LEN(D27)-7)),"") | H27: =IFERROR(VALUE(RIGHT(E27,LEN(E27)-4)),"") | J27: =IF(B27="","",SUMIF(Download!B:B,B27,Download!G:G)) | K27: =IF(B27="","",SUMIF(Download!B:B,B27,Download!H:H)) | M27: =IF(B27="","",G27-J27) | N27: =IF(B27="","",H27-K27)
B28: =IF(C28="","",A28&C28) | G28: =IFERROR(VALUE(LEFT(D28,LEN(D28)-7)),"") | H28: =IFERROR(VALUE(RIGHT(E28,LEN(E28)-4)),"") | J28: =IF(B28="","",SUMIF(Download!B:B,B28,Download!G:G)) | K28: =IF(B28="","",SUMIF(Download!B:B,B28,Download!H:H)) | M28: =IF(B28="","",G28-J28) | N28: =IF(B28="","",H28-K28)
A29: CB3 | B29: =IF(C29="","",A29&C29) | G29: =IFERROR(VALUE(LEFT(D29,LEN(D29)-7)),"") | H29: =IFERROR(VALUE(RIGHT(E29,LEN(E29)-4)),"") | J29: =IF(B29="","",SUMIF(Download!B:B,B29,Download!G:G)) | K29: =IF(B29="","",SUMIF(Download!B:B,B29,Download!H:H)) | M29: =IF(B29="","",G29-J29) | N29: =IF(B29="","",H29-K29)
A30: CB3 | B30: =IF(C30="","",A30&C30) | G30: =IFERROR(VALUE(LEFT(D30,LEN(D30)-7)),"") | H30: =IFERROR(VALUE(RIGHT(E30,LEN(E30)-4)),"") | J30: =IF(B30="","",SUMIF(Download!B:B,B30,Download!G:G)) | K30: =IF(B30="","",SUMIF(Download!B:B,B30,Download!H:H)) | M30: =IF(B30="","",G30-J30) | N30: =IF(B30="","",H30-K30)
A31: CB3 | B31: =IF(C31="","",A31&C31) | G31: =IFERROR(VALUE(LEFT(D31,LEN(D31)-7)),"") | H31: =IFERROR(VALUE(RIGHT(E31,LEN(E31)-4)),"") | J31: =IF(B31="","",SUMIF(Download!B:B,B31,Download!G:G)) | K31: =IF(B31="","",SUMIF(Download!B:B,B31,Download!H:H)) | M31: =IF(B31="","",G31-J31) | N31: =IF(B31="","",H31-K31)
A32: CB3 | B32: =IF(C32="","",A32&C32) | G32: =IFERROR(VALUE(LEFT(D32,LEN(D32)-7)),"") | H32: =IFERROR(VALUE(RIGHT(E32,LEN(E32)-4)),"") | J32: =IF(B32="","",SUMIF(Download!B:B,B32,Download!G:G)) | K32: =IF(B32="","",SUMIF(Download!B:B,B32,Download!H:H)) | M32: =IF(B32="","",G32-J32) | N32: =IF(B32="","",H32-K32)
A33: CB3 | B33: =IF(C33="","",A33&C33) | G33: =IFERROR(VALUE(LEFT(D33,LEN(D33)-7)),"") | H33: =IFERROR(VALUE(RIGHT(E33,LEN(E33)-4)),"") | J33: =IF(B33="","",SUMIF(Download!B:B,B33,Download!G:G)) | K33: =IF(B33="","",SUMIF(Download!B:B,B33,Download!H:H)) | M33: =IF(B33="","",G33-J33) | N33: =IF(B33="","",H33-K33)
A34: CB3 | B34: =IF(C34="","",A34&C34) | G34: =IFERROR(VALUE(LEFT(D34,LEN(D34)-7)),"") | H34: =IFERROR(VALUE(RIGHT(E34,LEN(E34)-4)),"") | J34: =IF(B34="","",SUMIF(Download!B:B,B34,Download!G:G)) | K34: =IF(B34="","",SUMIF(Download!B:B,B34,Download!H:H)) | M34: =IF(B34="","",G34-J34) | N34: =IF(B34="","",H34-K34)
A35: CB3 | B35: =IF(C35="","",A35&C35) | G35: =IFERROR(VALUE(LEFT(D35,LEN(D35)-7)),"") | H35: =IFERROR(VALUE(RIGHT(E35,LEN(E35)-4)),"") | J35: =IF(B35="","",SUMIF(Download!B:B,B35,Download!G:G)) | K35: =IF(B35="","",SUMIF(Download!B:B,B35,Download!H:H)) | M35: =IF(B35="","",G35-J35) | N35: =IF(B35="","",H35-K35)
A36: CB3 | B36: =IF(C36="","",A36&C36) | G36: =IFERROR(VALUE(LEFT(D36,LEN(D36)-7)),"") | H36: =IFERROR(VALUE(RIGHT(E36,LEN(E36)-4)),"") | J36: =IF(B36="","",SUMIF(Download!B:B,B36,Download!G:G)) | K36: =IF(B36="","",SUMIF(Download!B:B,B36,Download!H:H)) | M36: =IF(B36="","",G36-J36) | N36: =IF(B36="","",H36-K36)
A37: CB3 | B37: =IF(C37="","",A37&C37) | G37: =IFERROR(VALUE(LEFT(D37,LEN(D37)-7)),"") | H37: =IFERROR(VALUE(RIGHT(E37,LEN(E37)-4)),"") | J37: =IF(B37="","",SUMIF(Download!B:B,B37,Download!G:G)) | K37: =IF(B37="","",SUMIF(Download!B:B,B37,Download!H:H)) | M37: =IF(B37="","",G37-J37) | N37: =IF(B37="","",H37-K37)
A38: CB3 | B38: =IF(C38="","",A38&C38) | G38: =IFERROR(VALUE(LEFT(D38,LEN(D38)-7)),"") | H38: =IFERROR(VALUE(RIGHT(E38,LEN(E38)-4)),"") | J38: =IF(B38="","",SUMIF(Download!B:B,B38,Download!G:G)) | K38: =IF(B38="","",SUMIF(Download!B:B,B38,Download!H:H)) | M38: =IF(B38="","",G38-J38) | N38: =IF(B38="","",H38-K38)
B39: =IF(C39="","",A39&C39) | G39: =IFERROR(VALUE(LEFT(D39,LEN(D39)-7)),"") | H39: =IFERROR(VALUE(RIGHT(E39,LEN(E39)-4)),"") | J39: =IF(B39="","",SUMIF(Download!B:B,B39,Download!G:G)) | K39: =IF(B39="","",SUMIF(Download!B:B,B39,Download!H:H)) | M39: =IF(B39="","",G39-J39) | N39: =IF(B39="","",H39-K39)
A40: BOS | B40: =IF(C40="","",A40&C40) | G40: =IFERROR(VALUE(LEFT(D40,LEN(D40)-7)),"") | H40: =IFERROR(VALUE(RIGHT(E40,LEN(E40)-4)),"") | J40: =IF(B40="","",SUMIF(Download!B:B,B40,Download!G:G)) | K40: =IF(B40="","",SUMIF(Download!B:B,B40,Download!H:H)) | M40: =IF(B40="","",G40-J40) | N40: =IF(B40="","",H40-K40)
A41: BOS | B41: =IF(C41="","",A41&C41) | G41: =IFERROR(VALUE(LEFT(D41,LEN(D41)-7)),"") | H41: =IFERROR(VALUE(RIGHT(E41,LEN(E41)-4)),"") | J41: =IF(B41="","",SUMIF(Download!B:B,B41,Download!G:G)) | K41: =IF(B41="","",SUMIF(Download!B:B,B41,Download!H:H)) | M41: =IF(B41="","",G41-J41) | N41: =IF(B41="","",H41-K41)
A42: BOS | B42: =IF(C42="","",A42&C42) | G42: =IFERROR(VALUE(LEFT(D42,LEN(D42)-7)),"") | H42: =IFERROR(VALUE(RIGHT(E42,LEN(E42)-4)),"") | J42: =IF(B42="","",SUMIF(Download!B:B,B42,Download!G:G)) | K42: =IF(B42="","",SUMIF(Download!B:B,B42,Download!H:H)) | M42: =IF(B42="","",G42-J42) | N42: =IF(B42="","",H42-K42)
A43: BOS | B43: =IF(C43="","",A43&C43) | G43: =IFERROR(VALUE(LEFT(D43,LEN(D43)-7)),"") | H43: =IFERROR(VALUE(RIGHT(E43,LEN(E43)-4)),"") | J43: =IF(B43="","",SUMIF(Download!B:B,B43,Download!G:G)) | K43: =IF(B43="","",SUMIF(Download!B:B,B43,Download!H:H)) | M43: =IF(B43="","",G43-J43) | N43: =IF(B43="","",H43-K43)
A44: BOS | B44: =IF(C44="","",A44&C44) | G44: =IFERROR(VALUE(LEFT(D44,LEN(D44)-7)),"") | H44: =IFERROR(VALUE(RIGHT(E44,LEN(E44)-4)),"") | J44: =IF(B44="","",SUMIF(Download!B:B,B44,Download!G:G)) | K44: =IF(B44="","",SUMIF(Download!B:B,B44,Download!H:H)) | M44: =IF(B44="","",G44-J44) | N44: =IF(B44="","",H44-K44)
A45: BOS | B45: =IF(C45="","",A45&C45) | G45: =IFERROR(VALUE(LEFT(D45,LEN(D45)-7)),"") | H45: =IFERROR(VALUE(RIGHT(E45,LEN(E45)-4)),"") | J45: =IF(B45="","",SUMIF(Download!B:B,B45,Download!G:G)) | K45: =IF(B45="","",SUMIF(Download!B:B,B45,Download!H:H)) | M45: =IF(B45="","",G45-J45) | N45: =IF(B45="","",H45-K45)
A46: BOS | B46: =IF(C46="","",A46&C46) | G46: =IFERROR(VALUE(LEFT(D46,LEN(D46)-7)),"") | H46: =IFERROR(VALUE(RIGHT(E46,LEN(E46)-4)),"") | J46: =IF(B46="","",SUMIF(Download!B:B,B46,Download!G:G)) | K46: =IF(B46="","",SUMIF(Download!B:B,B46,Download!H:H)) | M46: =IF(B46="","",G46-J46) | N46: =IF(B46="","",H46-K46)
A47: BOS | B47: =IF(C47="","",A47&C47) | G47: =IFERROR(VALUE(LEFT(D47,LEN(D47)-7)),"") | H47: =IFERROR(VALUE(RIGHT(E47,LEN(E47)-4)),"") | J47: =IF(B47="","",SUMIF(Download!B:B,B47,Download!G:G)) | K47: =IF(B47="","",SUMIF(Download!B:B,B47,Download!H:H)) | M47: =IF(B47="","",G47-J47) | N47: =IF(B47="","",H47-K47)
A48: BOS | B48: =IF(C48="","",A48&C48) | G48: =IFERROR(VALUE(LEFT(D48,LEN(D48)-7)),"") | H48: =IFERROR(VALUE(RIGHT(E48,LEN(E48)-4)),"") | J48: =IF(B48="","",SUMIF(Download!B:B,B48,Download!G:G)) | K48: =IF(B48="","",SUMIF(Download!B:B,B48,Download!H:H)) | M48: =IF(B48="","",G48-J48) | N48: =IF(B48="","",H48-K48)
A49: BOS | B49: =IF(C49="","",A49&C49) | G49: =IFERROR(VALUE(LEFT(D49,LEN(D49)-7)),"") | H49: =IFERROR(VALUE(RIGHT(E49,LEN(E49)-4)),"") | J49: =IF(B49="","",SUMIF(Download!B:B,B49,Download!G:G)) | K49: =IF(B49="","",SUMIF(Download!B:B,B49,Download!H:H)) | M49: =IF(B49="","",G49-J49) | N49: =IF(B49="","",H49-K49)
A50: BOS | B50: =IF(C50="","",A50&C50) | G50: =IFERROR(VALUE(LEFT(D50,LEN(D50)-7)),"") | H50: =IFERROR(VALUE(RIGHT(E50,LEN(E50)-4)),"") | J50: =IF(B50="","",SUMIF(Download!B:B,B50,Download!G:G)) | K50: =IF(B50="","",SUMIF(Download!B:B,B50,Download!H:H)) | M50: =IF(B50="","",G50-J50) | N50: =IF(B50="","",H50-K50)
A51: BOS | B51: =IF(C51="","",A51&C51) | G51: =IFERROR(VALUE(LEFT(D51,LEN(D51)-7)),"") | H51: =IFERROR(VALUE(RIGHT(E51,LEN(E51)-4)),"") | J51: =IF(B51="","",SUMIF(Download!B:B,B51,Download!G:G)) | K51: =IF(B51="","",SUMIF(Download!B:B,B51,Download!H:H)) | M51: =IF(B51="","",G51-J51) | N51: =IF(B51="","",H51-K51)
... A53: BOS | B53: =IF(C53="","",A53&C53) | G53: =IFERROR(VALUE(LEFT(D53,LEN(D53)-7)),"") | H53: =IFERROR(VALUE(RIGHT(E53,LEN(E53)-4)),"") | J53: =IF(B53="","",SUMIF(Download!B:B,B53,Download!G:G)) | K53: =IF(B53="","",SUMIF(Download!B:B,B53,Download!H:H)) | M53: =IF(B53="","",G53-J53) | N53: =IF(B53="","",H53-K53)
B54: =IF(C54="","",A54&C54) | G54: =IFERROR(VALUE(LEFT(D54,LEN(D54)-7)),"") | H54: =IFERROR(VALUE(RIGHT(E54,LEN(E54)-4)),"") | J54: =IF(B54="","",SUMIF(Download!B:B,B54,Download!G:G)) | K54: =IF(B54="","",SUMIF(Download!B:B,B54,Download!H:H)) | M54: =IF(B54="","",G54-J54) | N54: =IF(B54="","",H54-K54)
A55: DBPe | B55: =IF(C55="","",A55&C55) | G55: =IFERROR(VALUE(LEFT(D55,LEN(D55)-7)),"") | H55: =IFERROR(VALUE(RIGHT(E55,LEN(E55)-4)),"") | J55: =IF(B55="","",SUMIF(Download!B:B,B55,Download!G:G)) | K55: =IF(B55="","",SUMIF(Download!B:B,B55,Download!H:H)) | M55: =IF(B55="","",G55-J55) | N55: =IF(B55="","",H55-K55)
A56: DBPe | B56: =IF(C56="","",A56&C56) | G56: =IFERROR(VALUE(LEFT(D56,LEN(D56)-7)),"") | H56: =IFERROR(VALUE(RIGHT(E56,LEN(E56)-4)),"") | J56: =IF(B56="","",SUMIF(Download!B:B,B56,Download!G:G)) | K56: =IF(B56="","",SUMIF(Download!B:B,B56,Download!H:H)) | M56: =IF(B56="","",G56-J56) | N56: =IF(B56="","",H56-K56)
A57: DBPe | B57: =IF(C57="","",A57&C57) | G57: =IFERROR(VALUE(LEFT(D57,LEN(D57)-7)),"") | H57: =IFERROR(VALUE(RIGHT(E57,LEN(E57)-4)),"") | J57: =IF(B57="","",SUMIF(Download!B:B,B57,Download!G:G)) | K57: =IF(B57="","",SUMIF(Download!B:B,B57,Download!H:H)) | M57: =IF(B57="","",G57-J57) | N57: =IF(B57="","",H57-K57)
A58: DBPe | B58: =IF(C58="","",A58&C58) | G58: =IFERROR(VALUE(LEFT(D58,LEN(D58)-7)),"") | H58: =IFERROR(VALUE(RIGHT(E58,LEN(E58)-4)),"") | J58: =IF(B58="","",SUMIF(Download!B:B,B58,Download!G:G)) | K58: =IF(B58="","",SUMIF(Download!B:B,B58,Download!H:H)) | M58: =IF(B58="","",G58-J58) | N58: =IF(B58="","",H58-K58)
A59: DBPe | B59: =IF(C59="","",A59&C59) | G59: =IFERROR(VALUE(LEFT(D59,LEN(D59)-7)),"") | H59: =IFERROR(VALUE(RIGHT(E59,LEN(E59)-4)),"") | J59: =IF(B59="","",SUMIF(Download!B:B,B59,Download!G:G)) | K59: =IF(B59="","",SUMIF(Download!B:B,B59,Download!H:H)) | M59: =IF(B59="","",G59-J59) | N59: =IF(B59="","",H59-K59)
A60: DBPe | B60: =IF(C60="","",A60&C60) | G60: =IFERROR(VALUE(LEFT(D60,LEN(D60)-7)),"") | H60: =IFERROR(VALUE(RIGHT(E60,LEN(E60)-4)),"") | J60: =IF(B60="","",SUMIF(Download!B:B,B60,Download!G:G)) | K60: =IF(B60="","",SUMIF(Download!B:B,B60,Download!H:H)) | M60: =IF(B60="","",G60-J60) | N60: =IF(B60="","",H60-K60)
A61: DBPe | B61: =IF(C61="","",A61&C61) | G61: =IFERROR(VALUE(LEFT(D61,LEN(D61)-7)),"") | H61: =IFERROR(VALUE(RIGHT(E61,LEN(E61)-4)),"") | J61: =IF(B61="","",SUMIF(Download!B:B,B61,Download!G:G)) | K61: =IF(B61="","",SUMIF(Download!B:B,B61,Download!H:H)) | M61: =IF(B61="","",G61-J61) | N61: =IF(B61="","",H61-K61)
A62: DBPe | B62: =IF(C62="","",A62&C62) | G62: =IFERROR(VALUE(LEFT(D62,LEN(D62)-7)),"") | H62: =IFERROR(VALUE(RIGHT(E62,LEN(E62)-4)),"") | J62: =IF(B62="","",SUMIF(Download!B:B,B62,Download!G:G)) | K62: =IF(B62="","",SUMIF(Download!B:B,B62,Download!H:H)) | M62: =IF(B62="","",G62-J62) | N62: =IF(B62="","",H62-K62)
A63: DBPe | B63: =IF(C63="","",A63&C63) | G63: =IFERROR(VALUE(LEFT(D63,LEN(D63)-7)),"") | H63: =IFERROR(VALUE(RIGHT(E63,LEN(E63)-4)),"") | J63: =IF(B63="","",SUMIF(Download!B:B,B63,Download!G:G)) | K63: =IF(B63="","",SUMIF(Download!B:B,B63,Download!H:H)) | M63: =IF(B63="","",G63-J63) | N63: =IF(B63="","",H63-K63)
A64: DBPe | B64: =IF(C64="","",A64&C64) | G64: =IFERROR(VALUE(LEFT(D64,LEN(D64)-7)),"") | H64: =IFERROR(VALUE(RIGHT(E64,LEN(E64)-4)),"") | J64: =IF(B64="","",SUMIF(Download!B:B,B64,Download!G:G)) | K64: =IF(B64="","",SUMIF(Download!B:B,B64,Download!H:H)) | M64: =IF(B64="","",G64-J64) | N64: =IF(B64="","",H64-K64)
A65: DBPe | B65: =IF(C65="","",A65&C65) | G65: =IFERROR(VALUE(LEFT(D65,LEN(D65)-7)),"") | H65: =IFERROR(VALUE(RIGHT(E65,LEN(E65)-4)),"") | J65: =IF(B65="","",SUMIF(Download!B:B,B65,Download!G:G)) | K65: =IF(B65="","",SUMIF(Download!B:B,B65,Download!H:H)) | M65: =IF(B65="","",G65-J65) | N65: =IF(B65="","",H65-K65)
B66: =IF(C66="","",A66&C66) | G66: =IFERROR(VALUE(LEFT(D66,LEN(D66)-7)),"") | H66: =IFERROR(VALUE(RIGHT(E66,LEN(E66)-4)),"") | J66: =IF(B66="","",SUMIF(Download!B:B,B66,Download!G:G)) | K66: =IF(B66="","",SUMIF(Download!B:B,B66,Download!H:H)) | M66: =IF(B66="","",G66-J66) | N66: =IF(B66="","",H66-K66)
A67: DBPL | B67: =IF(C67="","",A67&C67) | G67: =IFERROR(VALUE(LEFT(D67,LEN(D67)-7)),"") | H67: =IFERROR(VALUE(RIGHT(E67,LEN(E67)-4)),"") | J67: =IF(B67="","",SUMIF(Download!B:B,B67,Download!G:G)) | K67: =IF(B67="","",SUMIF(Download!B:B,B67,Download!H:H)) | M67: =IF(B67="","",G67-J67) | N67: =IF(B67="","",H67-K67)
A68: DBPL | B68: =IF(C68="","",A68&C68) | G68: =IFERROR(VALUE(LEFT(D68,LEN(D68)-7)),"") | H68: =IFERROR(VALUE(RIGHT(E68,LEN(E68)-4)),"") | J68: =IF(B68="","",SUMIF(Download!B:B,B68,Download!G:G)) | K68: =IF(B68="","",SUMIF(Download!B:B,B68,Download!H:H)) | M68: =IF(B68="","",G68-J68) | N68: =IF(B68="","",H68-K68)
A69: DBPL | B69: =IF(C69="","",A69&C69) | G69: =IFERROR(VALUE(LEFT(D69,LEN(D69)-7)),"") | H69: =IFERROR(VALUE(RIGHT(E69,LEN(E69)-4)),"") | J69: =IF(B69="","",SUMIF(Download!B:B,B69,Download!G:G)) | K69: =IF(B69="","",SUMIF(Download!B:B,B69,Download!H:H)) | M69: =IF(B69="","",G69-J69) | N69: =IF(B69="","",H69-K69)
A70: DBPL | B70: =IF(C70="","",A70&C70) | G70: =IFERROR(VALUE(LEFT(D70,LEN(D70)-7)),"") | H70: =IFERROR(VALUE(RIGHT(E70,LEN(E70)-4)),"") | J70: =IF(B70="","",SUMIF(Download!B:B,B70,Download!G:G)) | K70: =IF(B70="","",SUMIF(Download!B:B,B70,Download!H:H)) | M70: =IF(B70="","",G70-J70) | N70: =IF(B70="","",H70-K70)
A71: DBPL | B71: =IF(C71="","",A71&C71) | G71: =IFERROR(VALUE(LEFT(D71,LEN(D71)-7)),"") | H71: =IFERROR(VALUE(RIGHT(E71,LEN(E71)-4)),"") | J71: =IF(B71="","",SUMIF(Download!B:B,B71,Download!G:G)) | K71: =IF(B71="","",SUMIF(Download!B:B,B71,Download!H:H)) | M71: =IF(B71="","",G71-J71) | N71: =IF(B71="","",H71-K71)
A72: DBPL | B72: =IF(C72="","",A72&C72) | G72: =IFERROR(VALUE(LEFT(D72,LEN(D72)-7)),"") | H72: =IFERROR(VALUE(RIGHT(E72,LEN(E72)-4)),"") | J72: =IF(B72="","",SUMIF(Download!B:B,B72,Download!G:G)) | K72: =IF(B72="","",SUMIF(Download!B:B,B72,Download!H:H)) | M72: =IF(B72="","",G72-J72) | N72: =IF(B72="","",H72-K72)
A73: DBPL | B73: =IF(C73="","",A73&C73) | G73: =IFERROR(VALUE(LEFT(D73,LEN(D73)-7)),"") | H73: =IFERROR(VALUE(RIGHT(E73,LEN(E73)-4)),"") | J73: =IF(B73="","",SUMIF(Download!B:B,B73,Download!G:G)) | K73: =IF(B73="","",SUMIF(Download!B:B,B73,Download!H:H)) | M73: =IF(B73="","",G73-J73) | N73: =IF(B73="","",H73-K73)
A74: DBPL | B74: =IF(C74="","",A74&C74) | G74: =IFERROR(VALUE(LEFT(D74,LEN(D74)-7)),"") | H74: =IFERROR(VALUE(RIGHT(E74,LEN(E74)-4)),"") | J74: =IF(B74="","",SUMIF(Download!B:B,B74,Download!G:G)) | K74: =IF(B74="","",SUMIF(Download!B:B,B74,Download!H:H)) | M74: =IF(B74="","",G74-J74) | N74: =IF(B74="","",H74-K74)
A75: DBPL | B75: =IF(C75="","",A75&C75) | G75: =IFERROR(VALUE(LEFT(D75,LEN(D75)-7)),"") | H75: =IFERROR(VALUE(RIGHT(E75,LEN(E75)-4)),"") | J75: =IF(B75="","",SUMIF(Download!B:B,B75,Download!G:G)) | K75: =IF(B75="","",SUMIF(Download!B:B,B75,Download!H:H)) | M75: =IF(B75="","",G75-J75) | N75: =IF(B75="","",H75-K75)
A76: DBPL | B76: =IF(C76="","",A76&C76) | G76: =IFERROR(VALUE(LEFT(D76,LEN(D76)-7)),"") | H76: =IFERROR(VALUE(RIGHT(E76,LEN(E76)-4)),"") | J76: =IF(B76="","",SUMIF(Download!B:B,B76,Download!G:G)) | K76: =IF(B76="","",SUMIF(Download!B:B,B76,Download!H:H)) | M76: =IF(B76="","",G76-J76) | N76: =IF(B76="","",H76-K76)
B77: =IF(C77="","",A77&C77) | G77: =IFERROR(VALUE(LEFT(D77,LEN(D77)-7)),"") | H77: =IFERROR(VALUE(RIGHT(E77,LEN(E77)-4)),"") | J77: =IF(B77="","",SUMIF(Download!B:B,B77,Download!G:G)) | K77: =IF(B77="","",SUMIF(Download!B:B,B77,Download!H:H)) | M77: =IF(B77="","",G77-J77) | N77: =IF(B77="","",H77-K77)
A78: MST1 | B78: =IF(C78="","",A78&C78) | G78: =IFERROR(VALUE(LEFT(D78,LEN(D78)-7)),"") | H78: =IFERROR(VALUE(RIGHT(E78,LEN(E78)-4)),"") | J78: =IF(B78="","",SUMIF(Download!B:B,B78,Download!G:G)) | K78: =IF(B78="","",SUMIF(Download!B:B,B78,Download!H:H)) | M78: =IF(B78="","",G78-J78) | N78: =IF(B78="","",H78-K78)
A79: MST1 | B79: =IF(C79="","",A79&C79) | G79: =IFERROR(VALUE(LEFT(D79,LEN(D79)-7)),"") | H79: =IFERROR(VALUE(RIGHT(E79,LEN(E79)-4)),"") | J79: =IF(B79="","",SUMIF(Download!B:B,B79,Download!G:G)) | K79: =IF(B79="","",SUMIF(Download!B:B,B79,Download!H:H)) | M79: =IF(B79="","",G79-J79) | N79: =IF(B79="","",H79-K79)
A80: MST1 | B80: =IF(C80="","",A80&C80) | G80: =IFERROR(VALUE(LEFT(D80,LEN(D80)-7)),"") | H80: =IFERROR(VALUE(RIGHT(E80,LEN(E80)-4)),"") | J80: =IF(B80="","",SUMIF(Download!B:B,B80,Download!G:G)) | K80: =IF(B80="","",SUMIF(Download!B:B,B80,Download!H:H)) | M80: =IF(B80="","",G80-J80) | N80: =IF(B80="","",H80-K80)
A81: MST1 | B81: =IF(C81="","",A81&C81) | G81: =IFERROR(VALUE(LEFT(D81,LEN(D81)-7)),"") | H81: =IFERROR(VALUE(RIGHT(E81,LEN(E81)-4)),"") | J81: =IF(B81="","",SUMIF(Download!B:B,B81,Download!G:G)) | K81: =IF(B81="","",SUMIF(Download!B:B,B81,Download!H:H)) | M81: =IF(B81="","",G81-J81) | N81: =IF(B81="","",H81-K81)
A82: MST1 | B82: =IF(C82="","",A82&C82) | G82: =IFERROR(VALUE(LEFT(D82,LEN(D82)-7)),"") | H82: =IFERROR(VALUE(RIGHT(E82,LEN(E82)-4)),"") | J82: =IF(B82="","",SUMIF(Download!B:B,B82,Download!G:G)) | K82: =IF(B82="","",SUMIF(Download!B:B,B82,Download!H:H)) | M82: =IF(B82="","",G82-J82) | N82: =IF(B82="","",H82-K82)
A83: MST1 | B83: =IF(C83="","",A83&C83) | G83: =IFERROR(VALUE(LEFT(D83,LEN(D83)-7)),"") | H83: =IFERROR(VALUE(RIGHT(E83,LEN(E83)-4)),"") | J83: =IF(B83="","",SUMIF(Download!B:B,B83,Download!G:G)) | K83: =IF(B83="","",SUMIF(Download!B:B,B83,Download!H:H)) | M83: =IF(B83="","",G83-J83) | N83: =IF(B83="","",H83-K83)
A84: MST1 | B84: =IF(C84="","",A84&C84) | G84: =IFERROR(VALUE(LEFT(D84,LEN(D84)-7)),"") | H84: =IFERROR(VALUE(RIGHT(E84,LEN(E84)-4)),"") | J84: =IF(B84="","",SUMIF(Download!B:B,B84,Download!G:G)) | K84: =IF(B84="","",SUMIF(Download!B:B,B84,Download!H:H)) | M84: =IF(B84="","",G84-J84) | N84: =IF(B84="","",H84-K84)
A85: MST1 | B85: =IF(C85="","",A85&C85) | G85: =IFERROR(VALUE(LEFT(D85,LEN(D85)-7)),"") | H85: =IFERROR(VALUE(RIGHT(E85,LEN(E85)-4)),"") | J85: =IF(B85="","",SUMIF(Download!B:B,B85,Download!G:G)) | K85: =IF(B85="","",SUMIF(Download!B:B,B85,Download!H:H)) | M85: =IF(B85="","",G85-J85) | N85: =IF(B85="","",H85-K85)
A86: MST1 | B86: =IF(C86="","",A86&C86) | G86: =IFERROR(VALUE(LEFT(D86,LEN(D86)-7)),"") | H86: =IFERROR(VALUE(RIGHT(E86,LEN(E86)-4)),"") | J86: =IF(B86="","",SUMIF(Download!B:B,B86,Download!G:G)) | K86: =IF(B86="","",SUMIF(Download!B:B,B86,Download!H:H)) | M86: =IF(B86="","",G86-J86) | N86: =IF(B86="","",H86-K86)
A87: MST1 | B87: =IF(C87="","",A87&C87) | G87: =IFERROR(VALUE(LEFT(D87,LEN(D87)-7)),"") | H87: =IFERROR(VALUE(RIGHT(E87,LEN(E87)-4)),"") | J87: =IF(B87="","",SUMIF(Download!B:B,B87,Download!G:G)) | K87: =IF(B87="","",SUMIF(Download!B:B,B87,Download!H:H)) | M87: =IF(B87="","",G87-J87) | N87: =IF(B87="","",H87-K87)
B88: =IF(C88="","",A88&C88) | G88: =IFERROR(VALUE(LEFT(D88,LEN(D88)-7)),"") | H88: =IFERROR(VALUE(RIGHT(E88,LEN(E88)-4)),"") | J88: =IF(B88="","",SUMIF(Download!B:B,B88,Download!G:G)) | K88: =IF(B88="","",SUMIF(Download!B:B,B88,Download!H:H)) | M88: =IF(B88="","",G88-J88) | N88: =IF(B88="","",H88-K88)
A89: MST2 | B89: =IF(C89="","",A89&C89) | G89: =IFERROR(VALUE(LEFT(D89,LEN(D89)-7)),"") | H89: =IFERROR(VALUE(RIGHT(E89,LEN(E89)-4)),"") | J89: =IF(B89="","",SUMIF(Download!B:B,B89,Download!G:G)) | K89: =IF(B89="","",SUMIF(Download!B:B,B89,Download!H:H)) | M89: =IF(B89="","",G89-J89) | N89: =IF(B89="","",H89-K89)
A90: MST2 | B90: =IF(C90="","",A90&C90) | G90: =IFERROR(VALUE(LEFT(D90,LEN(D90)-7)),"") | H90: =IFERROR(VALUE(RIGHT(E90,LEN(E90)-4)),"") | J90: =IF(B90="","",SUMIF(Download!B:B,B90,Download!G:G)) | K90: =IF(B90="","",SUMIF(Download!B:B,B90,Download!H:H)) | M90: =IF(B90="","",G90-J90) | N90: =IF(B90="","",H90-K90)
A91: MST2 | B91: =IF(C91="","",A91&C91) | G91: =IFERROR(VALUE(LEFT(D91,LEN(D91)-7)),"") | H91: =IFERROR(VALUE(RIGHT(E91,LEN(E91)-4)),"") | J91: =IF(B91="","",SUMIF(Download!B:B,B91,Download!G:G)) | K91: =IF(B91="","",SUMIF(Download!B:B,B91,Download!H:H)) | M91: =IF(B91="","",G91-J91) | N91: =IF(B91="","",H91-K91)
A92: MST2 | B92: =IF(C92="","",A92&C92) | G92: =IFERROR(VALUE(LEFT(D92,LEN(D92)-7)),"") | H92: =IFERROR(VALUE(RIGHT(E92,LEN(E92)-4)),"") | J92: =IF(B92="","",SUMIF(Download!B:B,B92,Download!G:G)) | K92: =IF(B92="","",SUMIF(Download!B:B,B92,Download!H:H)) | M92: =IF(B92="","",G92-J92) | N92: =IF(B92="","",H92-K92)
A93: MST2 | B93: =IF(C93="","",A93&C93) | G93: =IFERROR(VALUE(LEFT(D93,LEN(D93)-7)),"") | H93: =IFERROR(VALUE(RIGHT(E93,LEN(E93)-4)),"") | J93: =IF(B93="","",SUMIF(Download!B:B,B93,Download!G:G)) | K93: =IF(B93="","",SUMIF(Download!B:B,B93,Download!H:H)) | M93: =IF(B93="","",G93-J93) | N93: =IF(B93="","",H93-K93)
A94: MST2 | B94: =IF(C94="","",A94&C94) | G94: =IFERROR(VALUE(LEFT(D94,LEN(D94)-7)),"") | H94: =IFERROR(VALUE(RIGHT(E94,LEN(E94)-4)),"") | J94: =IF(B94="","",SUMIF(Download!B:B,B94,Download!G:G)) | K94: =IF(B94="","",SUMIF(Download!B:B,B94,Download!H:H)) | M94: =IF(B94="","",G94-J94) | N94: =IF(B94="","",H94-K94)
A95: MST2 | B95: =IF(C95="","",A95&C95) | G95: =IFERROR(VALUE(LEFT(D95,LEN(D95)-7)),"") | H95: =IFERROR(VALUE(RIGHT(E95,LEN(E95)-4)),"") | J95: =IF(B95="","",SUMIF(Download!B:B,B95,Download!G:G)) | K95: =IF(B95="","",SUMIF(Download!B:B,B95,Download!H:H)) | M95: =IF(B95="","",G95-J95) | N95: =IF(B95="","",H95-K95)
A96: MST2 | B96: =IF(C96="","",A96&C96) | G96: =IFERROR(VALUE(LEFT(D96,LEN(D96)-7)),"") | H96: =IFERROR(VALUE(RIGHT(E96,LEN(E96)-4)),"") | J96: =IF(B96="","",SUMIF(Download!B:B,B96,Download!G:G)) | K96: =IF(B96="","",SUMIF(Download!B:B,B96,Download!H:H)) | M96: =IF(B96="","",G96-J96) | N96: =IF(B96="","",H96-K96)
A97: MST2 | B97: =IF(C97="","",A97&C97) | G97: =IFERROR(VALUE(LEFT(D97,LEN(D97)-7)),"") | H97: =IFERROR(VALUE(RIGHT(E97,LEN(E97)-4)),"") | J97: =IF(B97="","",SUMIF(Download!B:B,B97,Download!G:G)) | K97: =IF(B97="","",SUMIF(Download!B:B,B97,Download!H:H)) | M97: =IF(B97="","",G97-J97) | N97: =IF(B97="","",H97-K97)
A98: MST2 | B98: =IF(C98="","",A98&C98) | G98: =IFERROR(VALUE(LEFT(D98,LEN(D98)-7)),"") | H98: =IFERROR(VALUE(RIGHT(E98,LEN(E98)-4)),"") | J98: =IF(B98="","",SUMIF(Download!B:B,B98,Download!G:G)) | K98: =IF(B98="","",SUMIF(Download!B:B,B98,Download!H:H)) | M98: =IF(B98="","",G98-J98) | N98: =IF(B98="","",H98-K98)
B99: =IF(C99="","",A99&C99) | G99: =IFERROR(VALUE(LEFT(D99,LEN(D99)-7)),"") | H99: =IFERROR(VALUE(RIGHT(E99,LEN(E99)-4)),"") | J99: =IF(B99="","",SUMIF(Download!B:B,B99,Download!G:G)) | K99: =IF(B99="","",SUMIF(Download!B:B,B99,Download!H:H)) | M99: =IF(B99="","",G99-J99) | N99: =IF(B99="","",H99-K99)
A100: MSPL | B100: =IF(C100="","",A100&C100) | G100: =IFERROR(VALUE(LEFT(D100,LEN(D100)-7)),"") | H100: =IFERROR(VALUE(RIGHT(E100,LEN(E100)-4)),"") | J100: =IF(B100="","",SUMIF(Download!B:B,B100,Download!G:G)) | K100: =IF(B100="","",SUMIF(Download!B:B,B100,Download!H:H)) | M100: =IF(B100="","",G100-J100) | N100: =IF(B100="","",H100-K100)
A101: MSPL | B101: =IF(C101="","",A101&C101) | G101: =IFERROR(VALUE(LEFT(D101,LEN(D101)-7)),"") | H101: =IFERROR(VALUE(RIGHT(E101,LEN(E101)-4)),"") | J101: =IF(B101="","",SUMIF(Download!B:B,B101,Download!G:G)) | K101: =IF(B101="","",SUMIF(Download!B:B,B101,Download!H:H)) | M101: =IF(B101="","",G101-J101) | N101: =IF(B101="","",H101-K101)
A102: MSPL | B102: =IF(C102="","",A102&C102) | G102: =IFERROR(VALUE(LEFT(D102,LEN(D102)-7)),"") | H102: =IFERROR(VALUE(RIGHT(E102,LEN(E102)-4)),"") | J102: =IF(B102="","",SUMIF(Download!B:B,B102,Download!G:G)) | K102: =IF(B102="","",SUMIF(Download!B:B,B102,Download!H:H)) | M102: =IF(B102="","",G102-J102) | N102: =IF(B102="","",H102-K102)
A103: MSPL | B103: =IF(C103="","",A103&C103) | G103: =IFERROR(VALUE(LEFT(D103,LEN(D103)-7)),"") | H103: =IFERROR(VALUE(RIGHT(E103,LEN(E103)-4)),"") | J103: =IF(B103="","",SUMIF(Download!B:B,B103,Download!G:G)) | K103: =IF(B103="","",SUMIF(Download!B:B,B103,Download!H:H)) | M103: =IF(B103="","",G103-J103) | N103: =IF(B103="","",H103-K103)
...

Sheet Stocks
A1: 1024:HK | B1: Kuaishou Tech
A2: 1288:HK | B2: Agricultural Bank of China
A3: 1299:HK | B3: AIA Group
A4: 1658:HK | B4: Postal Savings Bank of China
A5: 175:HK | B5: Geely Motor
A6: 2333:HK | B6: Great Wall Motor
A7: 293:HK | B7: Cathay Pacific
A8: 3:HK | B8: HK China Gas
A9: 3033:HK | B9: CSOP Hang Seng Tech Index
A10: 358:HK | B10: Jiangxi Copper
A11: 371:HK | B11: Beijing Water
A12: 388:HK | B12: HK Exchange
... A38: 3690:HK | B38: Meituan
